专家清单序号,论文编号,期刊,年份,期,题目,作者,作者机构,专家审阅学科,AI辅助内容评价分,AI辅助内容评价分区间,分歧值（以标准差衡量）,分歧区间,候选来源,主要对应学科,次要对应学科,标识性概念对应,原创性理论对应,框架结构对应,对应条目总数,匹配方法统计,备注
1,1510,法学研究,2023,5,数字私力救济——基于远程控制网联物的权利实现,王琦,北京航空航天大学法学院,民商法学,89.225,88分及以上,6.54,中等分歧（5<分歧值≤8）,经过候选复评与重点复核,民法学,数字法学,,契合数字社会的数字法学理论[民法学]（证据：物权法的规制作用体现在……合同法的规制作用体现在……）；数字经济法治保障理论[数字法学]（证据：数字经济社会中物的网联化……法律应当予以积极规制）,,2,"关键词:2, 语义:5, 双重:0, AI核验:2",置信度:high；论文核心论证完全依托民法教义学（占有保护、合同抗辩、格式条款规制），故民法学为主；数字法学为交叉次要学科。其他候选条目与本文核心论证无实质关联。
2,1260,法学研究,2020,3,公司决议瑕疵立法的范式转换与体系重构,丁勇,华东政法大学,民商法学,88.625,88分及以上,2.78,低分歧（分歧值≤5）,经过候选复评,商法学,法理学；民事诉讼法学,法律行为[法理学]（证据：现行法套用民事法律行为范式，以瑕疵决议一律自始无效）；行为保全[民事诉讼法学]（证据：只能按民事诉讼法行为保全的一般规则处理）；商事登记[商法学]（证据：商事登记的外观保护（民法总则第６５条））,,,3,"关键词:7, 语义:0, 双重:0, AI核验:3",置信度:high；论文实质属商法学（公司法）范畴。核心论证围绕批判民事法律行为范式展开，程序机制涉及行为保全，商事登记为辅助概念。其余候选条目未实质涉及。
3,1865,法学研究,2025,6,股权转让中的出资义务承担——以组织法与行为法融贯为视角,李宇,浙江大学光华法学院,民商法学,88.625,88分及以上,4.85,低分歧（分歧值≤5）,经过候选复评与重点复核,民法学,法理学,权利和义务[法理学]（证据：股东对公司负有积极义务……同时享有财产权）；法律行为[法理学]（证据：股权转让是由转让人发动的法律行为。）；意思自治原则[国际私法学]（证据：在内在价值上应以意思自治原则为圭臬）,,,3,"关键词:5, 语义:5, 双重:0, AI核验:3",置信度:medium；论文实质属民商法学，但候选库中民法学仅列“侵权责任理论”，与本文公司资本/债务承担主题不符，故未匹配。依要求排除了仅作文献背景提及的“备案审查”。匹配项均为核心论证所实质运用。
4,1238,法学研究,2024,2,债权人代位权的类型化构造,俞彦韬,华东政法大学,民商法学,88.45,88分及以上,3.31,低分歧（分歧值≤5）,经过候选复评与重点复核,民法学,民事诉讼法学,,债法体系的理论创新[民法学]（证据：抑或应由法教义学的“手术刀”分离这对“连体婴儿”）,,1,"关键词:3, 语义:29, 双重:1, AI核验:1",置信度:high；论文核心聚焦民法典债之保全制度，通过实体与程序交叉视角提出代位权类型化教义学构造，实质对应民法学债法体系创新。民事诉讼法学为次要对应，因论证深度依赖强制执行程序规则进行必要性证成，但知识库相关条目匹配度有限。
5,1606,法学研究,2016,1,法条竞合与想象竞合的区分,张明楷,清华大学法学院,刑法学,88.2,88分及以上,3.13,低分歧（分歧值≤5）,经过候选复评与重点复核,刑法学,法理学,标识性概念：公平正义 [keyword][法理学]（证据：实现刑法的公平正义，实现特殊预防与一般预防目的）,,框架结构：刑法基础论（刑法概说、基本原则、刑法效力） [keyword]；犯罪论（犯罪概念、犯罪构成、排除犯罪事由、共同犯罪、罪数形态） [keyword][刑法学]（证据：法条竞合仍属单纯一罪……想象竞合原本为数罪）,2,"关键词:5, 语义:2, 双重:0, AI核验:2",置信度:high；论文虽涉及刑法解释论与量刑后果，但核心论证紧密围绕罪数形态展开；公平正义作为实质判断的法理价值支撑，列为次要对应。
6,1764,法学研究,2022,5,论选择性要素的认识错误,柏浪涛,华东师范大学法学院,刑法学,88.075,88分及以上,2.87,低分歧（分歧值≤5）,经过候选复评与重点复核,刑法学,,犯罪构成[刑法学]（证据：客观构成要件要素决定了故意的认识内容）,,犯罪论（犯罪概念、犯罪构成、排除犯罪事由、共同犯罪、罪数形态）[刑法学]（证据：首要问题在于选择性要素是不是客观构成要件要素）,2,"关键词:5, 语义:2, 双重:1, AI核验:2",置信度:high；论文聚焦刑法教义学中的构成要件理论与事实认识错误，未涉及诉讼法、数字法学或知识产权法内容，故仅对应刑法学条目。
7,1337,法学研究,2018,1,受贿犯罪的保护法益,张明楷,清华大学法学院,刑法学,88.025,88分及以上,3.45,低分歧（分歧值≤5）,经过候选复评与重点复核,刑法学,,罪刑法定原则[刑法学]（证据：认为基于罪刑法定原则而无法进行处罚）,,犯罪论（犯罪概念、犯罪构成、排除犯罪事由、共同犯罪、罪数形态）[刑法学]（证据：将“为他人谋取利益”定位为表明徇私动机的主观要素）；刑法基础论（刑法概说、基本原则、刑法效力）[刑法学]（证据：刑法学界日益注重保护法益对于构成要件解释所具有的指导机能）,3,"关键词:5, 语义:4, 双重:0, AI核验:3",置信度:high；文本显示作者实为劳东燕，但学科与内容高度契合刑法学。论证聚焦法益理论与构成要件解释，未涉及其他候选学科条目。
8,1574,法学研究,2022,6,民法典所有权保留之担保权构成,纪海龙,北京大学法学院,民商法学,87.975,85-88分,5.86,中等分歧（5<分歧值≤8）,经过候选复评与重点复核,民法学,法律史学,,,第二：物权理论[民法学]（证据：功能主义担保观会将所有权形式的担保功能化为担保物权）；运行论（立法论、实施论、解释论）[法律史学]（证据：可以在立法论和解释论层面提出相应建议）,2,"关键词:1, 语义:8, 双重:0, AI核验:2",置信度:high；论文聚焦民法典动产担保制度中的所有权保留定性问题，核心论证属于民法学物权理论范畴；同时大量运用历史解释、比较法及立法/解释论分析，故次要对应法律史学运行论框架。其他候选条目与论文实质内容无关。
9,0956,中国社会科学,2015,11,公序良俗原则与诚实信用原则的区分,于飞,"中国政法大学民商经济法学院,北京100088",法学理论,87.875,85-88分,3.09,低分歧（分歧值≤5）,经过候选复评与重点复核,民法学,法理学,法律行为[法理学]（证据：公序良俗原则针对法律行为的内容进行“内容审查”）,,第一：民法总则与基本原理[民法学]（证据：公序良俗原则与诚实信用原则……均为民法基本原则）,2,"关键词:4, 语义:9, 双重:1, AI核验:2",置信度:high；论文虽标注法学理论审阅学科，但实质内容高度聚焦民法基本原则的理论建构与裁判适用，故民法学为主要对应学科。法理学条目仅因“法律行为”概念的基础性地位而对应。
10,1824,法学研究,2025,2,集体商标和证明商标保护体系的重构,王迁,华东政法大学,知识产权法学,87.8,85-88分,2.94,低分歧（分歧值≤5）,经过候选复评,知识产权法学,,知识产权法[知识产权法学]（证据：商标法保护集体商标、证明商标的体系问题）,商标相似性与混淆可能性之关系[知识产权法学]（证据：侵权认定标准……从而与来源混淆脱钩）,,2,"关键词:1, 语义:4, 双重:0, AI核验:2",置信度:high；仅匹配知识库中实际涉及的条目。‘商标注册行为的要式性’侧重形式要件，本文核心为实质注册条件（显著性）；其余两项平衡/平行保护理论未在论证中体现。
11,1710,法学研究,2024,5,董事间披露义务的法律构造,袁崇霖,清华大学法学院,民商法学,87.75,85-88分,3.55,低分歧（分歧值≤5）,经过候选复评与重点复核,商法学,法理学；法律史学,公司治理[商法学]（证据：公司治理法制的趋势；影响着公司治理绩效）；法律责任[法理学]（证据：实现董事集体责任与个体责任的区分和兼容；责任减免的关键因素）,,运行论（立法论、实施论、解释论）[法律史学]（证据：从体系解释的角度来看……从立法论的角度来看……）,3,"关键词:6, 语义:1, 双重:0, AI核验:3",置信度:high；论文虽提及行政处罚等行政法概念，但仅作为实务背景引证，非核心论证；企业家精神理论仅在脚注文献中出现，未作实质展开，故不予匹配。核心聚焦商法公司治理与责任构造，兼采法理学责任理论与法学方法论框架。
12,1711,法学研究,2023,4,虚假陈述比例连带责任的认定模式与体系展开,邹学庚,中国政法大学民商经济法学院,民商法学,87.75,85-88分,3.93,低分歧（分歧值≤5）,经过候选复评与重点复核,民法学,,,,第七：侵权责任理论[民法学]（证据：以过错和因果关系为标准认定责任比例及内外部分配）,1,"关键词:1, 语义:5, 双重:0, AI核验:1",置信度:high；论文虽涉及比较法，但核心立足中国民法典侵权责任体系；未实质触及国际法、刑法或知产法条目；“法律责任”属上位通用概念，论文聚焦民事侵权具体责任形态的教义学展开，故从严仅匹配民法学框架结构。
13,1307,法学研究,2020,4,刑民交叉实体问题的解决路径——“法律效果论”之展开,陈少青,对外经济贸易大学法学院,刑法学,87.7,85-88分,3.31,低分歧（分歧值≤5）,经过候选复评与重点复核,刑法学,民法学；法理学,罪刑法定原则[刑法学]（证据：罪刑法定原则要求犯罪构成的各个要素须具有明确性）；民事法律关系[民法学]（证据：民事法律事实是引起民事法律关系变动的客观事实）,,犯罪论（犯罪概念、犯罪构成、排除犯罪事由、共同犯罪、罪数形态）[刑法学]（证据：影响犯罪认定，对罪与非罪、此罪与彼罪的区分产生影响）；第三部分：价值论（法的价值与评价）[法理学]（证据：刑民规范目的整体一致或明显对立，需维护法秩序统一性）,4,"关键词:3, 语义:19, 双重:2, AI核验:4",置信度:high；论文立足刑法教义学批判传统违法论并提出法律效果论，主要对应刑法学；民法学与法理学为支撑性交叉学科，用于论证规范冲突与体系融贯。
14,1428,法学研究,2025,2,实体性查封优先权的理论证成及体系展开,马强伟,上海财经大学法学院,诉讼法学,87.7,85-88分,2.58,低分歧（分歧值≤5）,经过候选复评与重点复核,民事诉讼法学,,民事诉讼法[民事诉讼法学]（证据：我国现行执行法采“混合主义”模式）,,,1,"关键词:4, 语义:1, 双重:0, AI核验:1",置信度:high；候选条目中仅民事诉讼法学高度契合。民法学候选为侵权责任理论，与本文担保物权及债权执行主题无关；其余条目无实质对应。
15,1615,法学研究,2019,1,注意义务的规范本质与判断标准,陈璇,中国人民大学刑事法律科学研究中心,法学理论,87.7,85-88分,5.8,中等分歧（5<分歧值≤8）,经过候选复评与重点复核,刑法学,,,刑事责任理论[刑法学]（证据：行政责任与刑事责任混同…成立过失犯不法的前提）,,1,"关键词:4, 语义:2, 双重:0, AI核验:1",置信度:high；论文核心属刑法学犯罪论/过失犯理论，与候选库中“刑事责任理论”在归责基础层面实质对应；正当防卫、法律关系等仅为辅助类比或偶然提及，非核心论证。
16,0319,中国法学,2023,2,基本权利私人间效力法理基础的澄清与重构,杨登杰,北京航空航天大学法学院,民商法学,87.675,85-88分,8.84,较高分歧（分歧值>8）,经过候选复评与重点复核,宪法学,法理学；人权法学,新时代中国宪法理论[宪法学]（证据：植根于中国社会主义宪法之“体”，与其全面根本法理念契合无间。）；当代中国人权观[人权法学]（证据：体现中道权利观的全面的、实际的、群己平衡的自由。）,,第四：基本权利论[宪法学]（证据：基本权利的价值内涵是证成基本权利私人间效力的起点。）,3,"关键词:3, 语义:8, 双重:0, AI核验:3",置信度:high；论文虽由民商法学专家审阅，但核心论证属宪法教义学与法理学交叉。主要对应宪法学基本权利理论及中国宪法自主理论构建，次要涉及人权观与法理层面的公私法关系重构。
17,0101,中国法学,2024,3,中国特色反腐败制度框架下贿赂犯罪法益的确定,陈金林,武汉大学法学院,刑法学,87.675,85-88分,4.74,低分歧（分歧值≤5）,经过候选复评与重点复核,刑法学,,,腐败犯罪刑事治理理论[刑法学]（证据：构建腐败犯罪动态防控结构，融合党内法规与刑事立法等手段）,,1,"关键词:2, 语义:1, 双重:0, AI核验:1",置信度:high；论文核心为刑法教义学本土化建构。'社会危害性理论'仅结语背景提及；'党内法规'属违纪处置配套手段，未作独立法理概念展开，依从严标准均不纳入对应。
18,1779,法学研究,2024,5,财产犯罪中财产性利益的事实占有：以存款债权为中心,徐凌波,南京大学法学院,刑法学,87.675,85-88分,4.27,低分歧（分歧值≤5）,经过候选复评与重点复核,刑法学,,,,犯罪论（犯罪概念、犯罪构成、排除犯罪事由、共同犯罪、罪数形态）[刑法学]（证据：区分占有与所有是盗窃罪规范构造的基石）,1,"关键词:2, 语义:6, 双重:0, AI核验:1",置信度:high；论文核心论证围绕财产犯罪（盗窃罪）的占有概念与实行行为构造展开，属于刑法犯罪论中的犯罪构成要件解释范畴。虽提及民事权利分配规则，但仅作为刑法独立判断的前提参照，未实质对应候选列表中的民法学具体条目。
19,1200,法学研究,2019,4,代理公开的例外类型和效果,"朱虎[1,2]",中国人民大学民商事法律科学研究中心;中国人民大学法学院,民商法学,87.6,85-88分,3.15,低分歧（分歧值≤5）,经过候选复评,民法学,法理学；立法学,法律行为[法理学]（证据：代理是一种效果直接归属规范，而非行为效力规范）；法律关系[法理学]（证据：区分了被代理人、代理人和相对人之间的内部关系）；法典编纂[立法学]（证据：民法典编纂中代理制度的体系整合）,利益平衡理论[知识产权法学]（证据：妥当平衡被代理人、代理人和相对人的三方利益）,,4,"关键词:4, 语义:2, 双重:0, AI核验:4",置信度:medium；论文实质属民商法代理制度研究，候选条目中民法学框架结构（侵权责任理论）与本文无关。所列匹配项为跨学科概念/理论在本文教义学论证中的具体应用，核心仍为民法代理规范分析。
20,1885,中国法学,2025,4,论程序法上的犯罪事实,赵常成,南京大学法学院,刑法学,87.55,85-88分,3.39,低分歧（分歧值≤5）,经过候选复评与重点复核,刑事诉讼法学,刑法学,刑事诉讼法[刑事诉讼法学]（证据：《刑事诉讼法》第186条中的“指控犯罪事实”应当解释为）；刑事审判[刑事诉讼法学]（证据：明确法院审理与裁判的界限（控审分离））；犯罪构成[刑法学]（证据：从犯罪构成要件上看，非法侵入住宅罪与故意杀人罪毫无关联）,,犯罪论（犯罪概念、犯罪构成、排除犯罪事由、共同犯罪、罪数形态）[刑法学]（证据：综合考虑犯罪故意的产生、犯罪行为实施的时间、地点等因素）,4,"关键词:5, 语义:3, 双重:2, AI核验:4",置信度:high；本文虽由刑法学专家审阅，但核心议题为程序法上的“犯罪事实同一性”与诉讼标的界定，故主学科为刑事诉讼法学。论文在构建“规范融入”步骤时，深度借用了刑法学犯罪论中的构成要件、法益及罪数理论作为实体评价基准，形成刑事实体法与程序法的交叉论证。
21,1493,法学研究,2021,5,抽逃出资规则及公司分配制度的系统性改造,王军,中国政法大学,民商法学,87.5,85-88分,7.03,中等分歧（5<分歧值≤8）,经过候选复评与重点复核,民商法学,法理学,法律规则[法理学]（证据：抽逃出资规则不宜作为裁判规则适用）；法律责任[法理学]（证据：有过错的董事承担连带赔偿责任）,,,2,"关键词:4, 语义:0, 双重:0, AI核验:2",置信度:high；论文属民商法实体研究，但核心论证深度契合法理学标识性概念。刑诉与民诉“内在逻辑”条目与本文实体法论证无实质关联，故不予匹配。
22,1168,法学研究,2022,5,为被告人利益抗诉与上诉不加刑原则之适用———以上诉理由之限制为中心,郭烁,中国政法大学诉讼法学研究院,诉讼法学,87.4,85-88分,4.85,低分歧（分歧值≤5）,经过候选复评,刑事诉讼法学,,刑事诉讼法 [keyword][刑事诉讼法学]（证据：“2018年刑事诉讼法第237条第2款”）；犯罪嫌疑人、被告人 [keyword][刑事诉讼法学]（证据：“为被告人利益抗诉”“被追诉人合理预期”）,,,2,"关键词:2, 语义:12, 双重:0, AI核验:2",置信度:high；论文核心聚焦“上诉不加刑原则”与“上诉理由”之程序法理，候选库中仅两项标识性概念在核心论证中实质对应；“认罪认罚从宽”仅于脚注案情背景提及，非论证核心，故不纳入。
23,0820,中国法学,2022,5,论法律解释目标的逐案决定,陈坤,南京大学法学院,法学理论,87.375,85-88分,4.14,低分歧（分歧值≤5）,经过候选复评与重点复核,法理学,,,,框架结构：运行论（立法论、实施论、解释论）[法律史学]（证据：法律解释目标问题上长期存在主观解释论与客观解释论之争。）,1,"关键词:1, 语义:5, 双重:1, AI核验:1",置信度:medium；本文系典型法学方法论研究，核心聚焦法律解释目标。候选条目中仅“运行论（含解释论）”在结构上实质涵盖解释理论；其余条目（如本体论、数字方法论等）与本文论证无直接关联。知识库将解释论归入法律史学或为特定分类逻辑，此处依实质内容对应。
24,0882,中国法学,2023,2,过失犯远因溯责的规制路径：以渎职犯罪为中心,陈璇,中国人民大学刑事法律科学研究中心,刑法学,87.325,85-88分,7.06,中等分歧（5<分歧值≤8）,经过候选复评与重点复核,刑法学,,免予刑事处罚与非刑罚处罚措施[刑法学]（证据：对行为人免除处罚……充分发挥政务处分、行政处罚等措施）,主、从二分的共同犯罪理论[刑法学]（证据：应当以限制正犯概念为基点……成立过失间接正犯/过失不作为正犯）,刑事制裁论（刑事责任、刑罚及其种类、刑罚制度）[刑法学]（证据：是否需要动用刑罚不仅是犯罪判断的结论……制约犯罪认定全过程）,3,"关键词:2, 语义:12, 双重:0, AI核验:3",置信度:high；论文核心聚焦刑法教义学中的过失归责与正犯理论，虽提及行政处罚，但仅作为刑事制裁的替代分流手段，未构成行政法学核心论证，故仅列刑法学。
25,0946,中国社会科学,2021,4,"从""权能分离""到""权利行使""",蔡立东,"吉林大学、司法数据应用研究中心,长春130012",民商法学,87.25,85-88分,3.33,低分歧（分歧值≤5）,经过候选复评与重点复核,民法学,,,契合土地公有制的原创性物权理论[民法学]（证据：以坚持社会主义公有制为前提，建构中国特色社会主义物权法理论）,第二：物权理论[民法学]（证据：用益物权的生成机制关涉物权制度的架构和容量）,2,"关键词:3, 语义:12, 双重:1, AI核验:2",置信度:high；论文聚焦民法典背景下用益物权生成机制的理论重构，核心论证完全契合民法学物权理论板块，特别是针对中国土地公有制背景的原创性物权理论探索。
26,0619,中国法学,2022,1,符合法律的宪法解释与宪法发展,杜强强,首都师范大学政法学院,宪法学与行政法学,87.225,85-88分,3.42,低分歧（分歧值≤5）,经过候选复评与重点复核,宪法学,,合宪性审查[宪法学]（证据：合宪性审查开始从理论走向实践……属于回避违宪判断的方法之一）,,第六：宪法实施论[宪法学]（证据：围绕《宪法》第40条立法实践，展现合法宪法解释方法的内在结构）,2,"关键词:6, 语义:14, 双重:0, AI核验:2",置信度:high；论文核心聚焦宪法解释方法论与合宪性审查技术，虽提及立法发展等概念，但均服务于宪法解释论证，故仅对应宪法学核心条目。
27,1519,法学研究,2023,3,整体法秩序视野下被害人自陷风险的理论重塑,陈璇,中国人民大学刑事法律科学研究中心,法学理论,87.2,85-88分,4.92,低分歧（分歧值≤5）,经过候选复评与重点复核,刑法学,法理学,"共同犯罪[刑法学]（证据：几乎完全仿照共同犯罪的学理逻辑）；法律责任[法理学]（证据：分析框架, 由法律性质和法律责任两个层面构成）",刑事责任理论[刑法学]（证据：降低甚至排除行为人行为的刑事可罚性）,犯罪论（犯罪概念、犯罪构成、排除犯罪事由、共同犯罪、罪数形态）[刑法学]（证据：拘泥于被害人自陷风险在界分罪与非罪方面的功能）,4,"关键词:3, 语义:10, 双重:3, AI核验:4",置信度:high；论文虽涉及民法自甘风险规则，但候选库中民法学条目（侵权责任独立成编）与本文核心论证无实质关联，故未列入。本文以刑法教义学批判与重构为主轴，辅以法理学整体法秩序与责任分层视角，故刑法学为主、法理学为辅。
28,1602,法学研究,2021,4,法律解释与法律续造的区分标准,陈坤,南京大学法学院,法学理论,87.15,85-88分,3.65,低分歧（分歧值≤5）,经过候选复评与重点复核,法理学,法律史学,法律规则[法理学]（证据：法官经常需要突破法律规则的文义边界进行裁判）,,运行论（立法论、实施论、解释论）[法律史学]（证据：本文试图说明……法律解释与法律续造的区分为什么是重要的）,2,"关键词:7, 语义:5, 双重:0, AI核验:2",置信度:high；论文属典型法学方法论研究，核心对应法理学。文中“正当防卫”仅为举例说明法律概念特殊性，非核心论证对象，故不纳入刑法学条目。
29,1553,法学研究,2024,6,正当防卫中的退避义务,江溯,北京大学法学院,刑法学,87.1,85-88分,3.15,低分歧（分歧值≤5）,经过候选复评,刑法学,,正当防卫 [keyword][刑法学]（证据：正当防卫中的退避义务...正当防卫的成立既不受法益均衡要求）,,,1,"关键词:3, 语义:6, 双重:0, AI核验:1",置信度:high；论文为典型刑法教义学研究，聚焦正当防卫制度，未实质涉及候选列表中的诉讼法、人权法等其他学科条目。
30,1575,法学研究,2024,4,民法典的精神损害赔偿体系——以功能主义为视角,洪国盛,北京大学国际法学院,民商法学,87.05,85-88分,5.54,中等分歧（5<分歧值≤8）,经过候选复评与重点复核,民法学,,,人格权在民法典中独立成编[民法学]（证据：实现人格权编强化合同关系下人格权保护的要求）；侵权责任在民法典中独立成编[民法学]（证据：精细化地服务于侵权编衡平行为自由与权益保护的整体目标）,,2,"关键词:2, 语义:5, 双重:0, AI核验:2",置信度:high；论文核心围绕民法典合同编、人格权编与侵权责任编的体系互动展开，直接印证了人格权与侵权责任独立成编的原创性理论价值。未涉及民商合一、国际法或刑诉法等内容。
31,0317,中国法学,2021,4,基本原则与概括条款的区分:我国诚实信用与公序良俗的解释论构造,于飞,中国政法大学民商经济法学院,法学理论,87,85-88分,2.93,低分歧（分歧值≤5）,经过候选复评与重点复核,民法学,法理学；法律史学,法律原则[法理学]（证据：《民法典》第7、8条是诚实信用原则与公序良俗原则）；法律规则[法理学]（证据：概括条款是一种特殊的规则，是裁判依据）,,第一：民法总则与基本原理[民法学]（证据：《民法典》第7条诚信原则、第8条公序良俗原则与之后条款关系）；运行论（立法论、实施论、解释论）[法律史学]（证据：特色立法呼唤与之相适应的解释论）,4,"关键词:7, 语义:8, 双重:2, AI核验:4",置信度:high；论文虽标注审阅学科为法学理论，但实质内容深度嵌入民法教义学体系，以民法典总则基本原则与概括条款的区分及解释论构造为核心，故主学科定为民法学。法理学与法律史学条目因涉及原则/规则法理区分及解释论方法论，列为次要对应。
32,1390,法学研究,2021,5,基于决定关系的证据客观性:概念、功能与理论定位,徐舒浩,中国人民大学法学院,诉讼法学,86.85,85-88分,3.85,低分歧（分歧值≤5）,经过候选复评与重点复核,刑事诉讼法学,法理学,标识性概念：刑事诉讼法 [keyword]；犯罪嫌疑人、被告人 [keyword][刑事诉讼法学]（证据：《最高人民法院关于适用〈中华人民共和国刑事诉讼法〉的解释》）,,框架结构：第一部分：本体论（法的存在及其本质） [keyword][法理学]（证据：主张一将证据客观性解释为证据存在上的客观性(本体论客观性)）,2,"关键词:6, 语义:1, 双重:0, AI核验:2",置信度:medium；论文实质属于诉讼法学下的证据法学分支。候选条目中“刑事诉讼法学”为其主要学科归属；“法理学”本体论框架因论文对证据存在论与认识论的哲学辨析而构成次要对应。条目中的具体关键词（如犯罪嫌疑人）非本文核心，但刑诉法规范与本体论分析结构在论证中具实质支撑作用。
33,0489,中国法学,2017,5,比例原则的普遍化与基本权利的性质,陈景辉,中国政法大学,宪法学与行政法学,86.325,85-88分,6.56,中等分歧（5<分歧值≤8）,经过候选复评,宪法学,,,,第四：基本权利论[宪法学]（证据：比例原则的普遍化，寄生于“正当限制基本权利”这个观念的普遍化）,1,"关键词:1, 语义:1, 双重:0, AI核验:1",置信度:high；论文虽在脚注提及国际法，但仅为背景说明，未作实质论证；全文核心议题完全归属于宪法学基本权利与比例原则的规范理论。
34,1864,法学研究,2025,6,生态环境法典的复合结构及其体系化适用,陈海嵩,武汉大学环境法研究所,环境与资源保护法学,86.175,85-88分,2.8,低分歧（分歧值≤5）,经过候选复评,生态环境法学,法理学；立法学,生态环境法典[生态环境法学]（证据：题目及关键词明确指向“生态环境法典”）；法律体系[法理学]（证据：在法秩序内解决制度、规则不一致问题）,生态环境法法典化理论[生态环境法学]（证据：“适度法典化”定位下的“法典+单行法”模式）；生态环保体系化理论[生态环境法学]（证据：形成体系化视角下的规范解决方案）；立法格局理论[立法学]（证据：“法典+单行法”的“双法源”模式）,回应法典焦点议题，实现生态环境法制度规则的精准供给与知识创新[生态环境法学]（证据：明确处理“双法源”争议问题的评价标准）；第四部分：运行论（法的制定到实施）[法理学]（证据：对法律适用形成规范指引）,7,"关键词:7, 语义:19, 双重:3, AI核验:7",置信度:high；论文以生态环境法典编纂与适用为核心，高度契合生态环境法学的主干条目；同时大量运用法理学体系解释方法与立法学法源格局分析，故将法理学、立法学列为次要对应学科。
35,0021,中国法学,2023,6,“审执分离”本质与路径的再认识,张卫平,烟台大学,诉讼法学,86.125,85-88分,5.19,中等分歧（5<分歧值≤8）,经过候选复评与重点复核,民事诉讼法学,,,审执分离[民事诉讼法学]（证据：“审执分离”的核心在于审判权与执行权行使对象的区分）,,1,"关键词:2, 语义:5, 双重:2, AI核验:1",置信度:high；论文系诉讼法学领域成果，核心论证完全围绕民事执行体制改革中的“审执分离”展开，深入辨析审判权与执行权的本质差异及“内分”路径的偏离，无其他候选学科实质对应。
36,0683,中国法学,2016,3,行政法上的不确定法律概念,王天华,中国政法大学,宪法学与行政法学,86.075,85-88分,7.59,中等分歧（5<分歧值≤8）,经过候选复评,行政法学,法理学,行政裁量基准[行政法学]（证据：“补充判断基准是其题中应有之义”）；行政诉讼[行政法学]（证据：“法院能否以及应当如何展开司法审查”）,,第一部分：本体论（法的存在及其本质）[法理学]（证据：“唯一正确答案预设是一个不能证成的本体论虚构”）；第三部分：价值论（法的价值与评价）[法理学]（证据：“追加价值判断……确认价值位序”）,4,"关键词:5, 语义:6, 双重:1, AI核验:4",置信度:high；论文以行政法教义学问题为切入点，但核心论证深度依赖法理学（语言哲学、道德哲学）的分析工具，故行政法学为主，法理学为次。其他候选学科无实质关联。
37,1448,法学研究,2022,6,履行行政职责的作为可能性,林鸿潮,中国政法大学法治政府研究院,宪法学与行政法学,86.05,85-88分,5.83,中等分歧（5<分歧值≤8）,经过候选复评与重点复核,行政法学,法理学,行政诉讼[行政法学]（证据：法院在行政诉讼中判断被告是否构成不作为）；法律责任[法理学]（证据：用于在不同层面上决定责任的构成或者免除）,构建职责明确、依法行政的政府治理体系[行政法学]（证据：综合考虑行政资源的可及性、充足性及其与行政任务的匹配度）,行政主体论（谁有权行政、组织载体与责任归属）[行政法学]（证据：从机构编制、预算、发展规划等方面了解行政资源配置情况）,4,"关键词:5, 语义:4, 双重:0, AI核验:4",置信度:high；论文核心围绕行政履职评价中的“作为可能性”展开，实质是对行政法上可问责性理论的深化。虽提及立法程序与民主立法，但仅作为批判既有理论预设的背景，非核心论证对象，故未列入。
38,0634,中国法学,2019,5,组织法的诉讼构造:公司决议纠纷诉讼规则重构,丁勇,华东政法大学,诉讼法学,86,85-88分,5.8,中等分歧（5<分歧值≤8）,经过候选复评,民事诉讼法学,法理学,民事诉讼法[民事诉讼法学]（证据：对普通民事诉讼规则的路径依赖导致改造）；法律行为[法理学]（证据：公司决议属于民事法律行为（《民法总则》第134条））,,,2,"关键词:3, 语义:1, 双重:0, AI核验:2",置信度:high；论文实质聚焦商法/公司法领域的诉讼规则重构，但在给定候选条目中，其核心论证紧密围绕民事诉讼规则的重构展开，并明确援引法律行为概念进行法理对照。数字法学条目无实质关联。
39,1848,法学研究,2025,4,宪法秩序下如何安放法典——从“基础性法律”的适用切入,张翔,北京大学法学院,宪法学与行政法学,85.7,85-88分,3.84,低分歧（分歧值≤5）,经过候选复评与重点复核,宪法学,法理学,合宪性审查[宪法学]（证据：以法典作为合宪性审查依据不能成立。）；宪法精神[宪法学]（证据：实质性地体现着宪法精神）；法律体系[法理学]（证据：法体系的无矛盾性本身就是宪法诫命）,,第六：宪法实施论[宪法学]（证据：在合宪性解释层面为法体系内评价矛盾的处理提供助力。）；第四部分：运行论（法的制定到实施）[法理学]（证据：既有的规范适用规则足以解决规范冲突的难题）,5,"关键词:8, 语义:28, 双重:2, AI核验:5",置信度:high；论文以宪法秩序为基点，批判“基础性法律优先适用”说，核心论证围绕宪法位阶、合宪性解释与法秩序统一展开，故宪法学为主，法理学为辅。未匹配原创性理论因论文侧重方法论与解释论，与库中特定理论表述关联较弱。
40,1330,法学研究,2024,6,反不正当竞争法一般条款的保护限度——以市场区分为视角,刘建臣,山东大学法学院,经济法学,85.7,85-88分,4.03,低分歧（分歧值≤5）,经过候选复评与重点复核,经济法学,知识产权法学,全国统一大市场[经济法学]（证据：在构建全国统一大市场的现实背景下）；公平竞争[经济法学]（证据：实现反不正当竞争法所追求的公平竞争）；知识产权法[知识产权法学]（证据：知识产权法为创新成果提供了直接有效的保护）,,开放性维度（数字技术、人工智能、数据要素等新型议题）[知识产权法学]（证据：面向企业数据、商业模式和人工智能生成物等创新成果）,4,"关键词:7, 语义:1, 双重:0, AI核验:4",置信度:high；论文核心聚焦反不正当竞争法一般条款的适用限度，属经济法学（竞争法）范畴；同时深入探讨与知识产权法的衔接及数据、AI等新型议题，故知识产权法学为次要对应。商标平行保护理论、全面依法治国、互联网法院等仅为背景或脚注提及，未实质参与核心论证，故不予匹配。
41,1614,法学研究,2021,6,"注册商标使用中的""未改变显著特征""",付继存,中国政法大学民商经济法学院,知识产权法学,85.6,85-88分,4.6,低分歧（分歧值≤5）,经过候选复评,知识产权法学,经济法学,公平竞争[经济法学]（证据：维护市场竞争秩序，防止不正当竞争者获利）,利益平衡理论[知识产权法学]（证据：兼顾商标作为商业语言的社会性与个体性）；商标相似性与混淆可能性之关系[知识产权法学]（证据：“混淆性近似”与“明确指代”不易导致消费者混淆）,,3,"关键词:4, 语义:2, 双重:0, AI核验:3",置信度:high；论文核心属知识产权法学范畴，重点回应商标使用判定中的显著特征与混淆标准问题。经济法学条目为次要对应，体现制度背后的竞争法价值取向。未匹配“商标注册行为的要式性”因论文主张功能主义而非形式主义；未匹配“方法论（数字法学）”因所用QCA属实证法学方法而非数字法学框架。
42,1860,法学研究,2025,5,诉权处分合同的程序法效果及其司法审查,朱禹臣,中国人民大学法学院,诉讼法学,85.55,85-88分,5.96,中等分歧（5<分歧值≤8）,经过候选复评与重点复核,民事诉讼法学,民法学；法理学,民事诉讼法 [keyword][民事诉讼法学]（证据：需引入民事诉讼法的特别规定与制度理念进行分析）；法律行为 [keyword][法理学]（证据：借鉴民法上关于意思表示解释和法律行为效力判断的理论工具）,"民法典与民事诉讼法的衔接与协同实施 [semantic, 相似度:0.70][民事诉讼法学]（证据：需多部门法资源的协同会诊...综合运用民事诉讼法、民事实体法）","第三：合同理论 [semantic, 相似度:0.65][民法学]（证据：诉权处分合同具备和解属性...借鉴民法上关于意思表示解释）",4,"关键词:4, 语义:9, 双重:0, AI核验:4",置信度:high；论文虽涉及宪法诉讼权，但候选库未列宪法学条目。核心论证紧密围绕民事程序法与实体合同法的交叉适用，故主学科为民诉法，次学科为民商法与法理学。
43,1322,法学研究,2023,6,劳动关系认定的理论澄清与规范建构,朱军,上海交通大学凯原法学院,经济法学,85.225,85-88分,5.5,中等分歧（5<分歧值≤8）,经过候选复评,社会法学,立法学,劳动关系[社会法学]（证据：劳动关系认定是劳动法的元问题。）；劳动者[社会法学]（证据：立法至今未对劳动者概念予以回应。）；法典编纂[立法学]（证据：劳动法典面临的重要任务之一是界定劳动关系基础概念。）,支配性劳动管理理论[社会法学]（证据：资方通过指令管理使劳动者丧失自主经营的可能）,劳动法学理论[社会法学]（证据：全面系统地更新对个别劳动法的原型……研究。）,5,"关键词:10, 语义:6, 双重:0, AI核验:5",置信度:high；论文实质属于劳动法/社会法学范畴，核心论证聚焦劳动关系从属性理论与司法认定标准。立法学为次要对应，因涉及法典编纂背景。
44,1387,法学研究,2021,3,域外管辖的体系构造:立法管辖与司法管辖之界分,宋晓,南京大学法学院,国际法学,85.15,85-88分,3.58,低分歧（分歧值≤5）,经过候选复评与重点复核,涉外法学,国际法学；国际私法学,中国法域外适用[涉外法学]（证据：“国内法域外适用的体系构建是我国当前面临的重大课题”）；国际法[国际法学]（证据：“国际法只是进行外部限制而不能直接提出贯通的规则”）,统筹推进国内法治和涉外法治[涉外法学]（证据：“因应美国管辖权扩张……加快推进我国法域外适用的法律体系建设）,主要内容（国内法治视角、区际法律冲突、国际法治发展、强制性规范、意思自治）[国际私法学]（证据：“经冲突规范指引的域外适用……多边主义的法律选择方法”）,4,"关键词:6, 语义:9, 双重:0, AI核验:4",置信度:high；论文虽由国际法学专家审阅，但其核心议题“中国法域外适用体系构建”与涉外法学标识性概念高度重合；同时深度运用国际法主权边界理论与国际私法冲突规范/管辖权协调框架，故将涉外法学列为主对应学科，国际法学与国际私法学列为次对应学科。
45,1601,法学研究,2020,6,法律规范合宪性解释的方法论构造,刘召成,天津大学法学院,宪法学与行政法学,84.925,82-85分,5.68,中等分歧（5<分歧值≤8）,经过候选复评,宪法学,法理学,合宪性审查[宪法学]（证据：合宪性解释与合宪性审查的关联性，导致本属于合宪性审查权的..）,,第六：宪法实施论[宪法学]（证据：司法机关对于法律规范的解释适用必须受到宪法的拘束...）；第四部分：运行论（法的制定到实施）[法理学]（证据：合宪性解释作为法律解释方法的本体回归……其与经典的文义...）,3,"关键词:3, 语义:11, 双重:1, AI核验:3",置信度:high；论文核心聚焦“合宪性解释”方法论，虽知识库未直接列出该概念，但其与“合宪性审查”紧密关联，且实质属于宪法实施与法理学法律解释运行论范畴。文中民法案例仅作方法演示，不构成主要对应。
46,0051,中国法学,2018,4,三权分置下农地流转权利体系重构研究,宋志红,中共中央党校（国家行政学院）法学部,环境与资源保护法学,84.925,82-85分,4.38,低分歧（分歧值≤5）,经过候选复评,民法学,,,契合土地公有制的原创性物权理论[民法学]（证据：土地经营权必须被定性为用益物权）,,1,"关键词:2, 语义:1, 双重:0, AI核验:1",置信度:high；论文核心聚焦民法物权领域，探讨集体土地“三权分置”下的权利定性与体系重构，与民法学条目高度契合。法理学“法律行为”仅为合同背景提及，知识产权条目无实质关联。
47,1867,法学研究,2025,6,公法属地原则与域外适用的博弈共存,章晶,河海大学法学院,国际法学,84.725,82-85分,6.2,中等分歧（5<分歧值≤8）,经过候选复评,涉外法学,国际法学,涉外法治[涉外法学]（证据：被视为涉外法治体系的应有之义）,统筹推进国内法治和涉外法治[涉外法学]（证据：脚注引《论统筹推进国内法治和涉外法治》）,,2,"关键词:8, 语义:13, 双重:1, AI核验:2",置信度:high；论文核心聚焦国内公法域外适用与属地原则的协调，高度契合涉外法学知识体系。虽属国际法学审阅范畴，但知识库中国际法学条目侧重宏观理念，故未作实质匹配；立法与执法权能界分属管辖权基础理论，知识库未单列对应条目。
48,1111,法学研究,2015,6,“直诉”源流通说辨正,王捷,华东政法大学法律古籍整理研究所,法律史,84.05,82-85分,7.16,中等分歧（5<分歧值≤8）,经过候选复评,法律史学,刑事诉讼法学,,法律儒家化理论[法律史学]（证据：出现了“法律《周礼》化”，历代注家也层累地将……）,内在逻辑[刑事诉讼法学]（证据：中国古代的司法审级发展自有其内在逻辑）,2,"关键词:4, 语义:1, 双重:0, AI核验:2",置信度:high；论文属典型法律史研究，核心围绕古代诉讼程序（直诉）与审级制度的源流考辨。虽涉及程序法范畴，但主要贡献在于法制史领域的史料辨伪与制度溯源，故主学科为法律史学。
49,1761,法学研究,2019,6,论清代刑案诸证一致的证据标准——以同治四年郑庆年案为例,王志强,复旦大学法学院,法律史,83.025,82-85分,10.73,较高分歧（分歧值>8）,经过候选复评,刑事诉讼法学,法律史学,刑事证据与证明[刑事诉讼法学]（证据：定罪的证据需达到何种充分程度、处理证据需遵循哪些规范）,,,1,"关键词:2, 语义:2, 双重:0, AI核验:1",置信度:high；论文虽属法律史范畴，但核心议题为刑事证据标准与事实认定机制，故主要对应刑事诉讼法学条目；法理学与刑法学候选条目在文中仅为背景提及或无实质论证关联。
50,0180,中国法学,2024,3,党内法规的概念分析,朱林方,西南政法大学行政法学院,党内法规学,82.6,82-85分,11.21,较高分歧（分歧值>8）,经过候选复评,法理学,,标识性概念：党内法规[法理学]（证据：党内法规是什么，是党内法规研究的首要问题。）,,,1,"关键词:5, 语义:4, 双重:0, AI核验:1",置信度:high；论文属典型法理学概念分析范式，虽专家审阅学科为党内法规学，但候选知识库中仅法理学收录该标识性概念。文中未实质涉及法治中国论、法规衔接协调理论或其他学科框架结构。
