id,title,author,first_author_org,year,issue,page_start,page_end,abstract,keywords,clc_code,cite_count,doi,pdf_path
912,1768年叫魂案再审视与解读,茆巍[1],,2023,6,185,203,1768年的叫魂案，曾因海外汉学家孔飞力的写作而广为人知，《叫魂》一书也颇受好评。但是，通过史料再梳理，与类似案件再对比，可以发现，孔飞力所言的乾隆借叫魂案以整肃官僚的立论并不存在，它不过是同时代君主介入大案的一个缩影，且叫魂案的处理，整体上也是成功的。可以说，不是乾隆制造了叫魂案，而是孔飞力心中的理论前见制造了《叫魂》的写作。孔飞力的论调，反映了小历史写作中的局限，也提醒我们在阅读海外汉学著作时应当保持必要的清醒和鉴别力。,叫魂;孔飞力;制造;小历史;海外汉学,C,,,法学三大刊论文/中国社会科学/1768年叫魂案再审视与解读.pdf
913,"""一带一路""倡议与国际法——基于国际公共产品供给视角的分析",石静霞,"中国人民大学法学院,北京100872",2021,1,156,179,"由于经济危机深层影响显现、贸易保护主义加重、全球治理体系变革和新冠肺炎疫情影响等多种力量和因素的共同作用,国际社会面临公共产品供给不足的困境.""一带一路""倡议是中国在新的历史发展时期,作为负责任大国向国际社会提供的公共产品,符合非竞争性和非排他性特点.国际法在国际公共产品的供给方面有重要的促进和保障作用.""一带一路""倡议实施以来面临国际治理环境的急剧变迁,法治化是倡议长久和顺畅实施的基础前提和重要保障.""一带一路""法治化一方面应注意国际软法和硬法结合的多元化治理,妥善利用现有双边、区域和多边国际法律机制,另一方面须密切关注国际经贸规则最新发展,创新性提高我国的投资和贸易自由化等规则供给能力.""一带一路""的国际法保障,既要重视近期贸易和投资自由化的具体举措,亦需着眼于制度供给的长远规划和可持续发展,以此实现共建""一带一路""倡议的愿景和目标.","""一带一路""倡议;国际公共产品;""一带一路""法治化;全球经济治理;国际法保障",C,0,,法学三大刊论文/中国社会科学/“一带一路“倡议与国际法——基于国际公共产品供给视角的分析.pdf
914,“中国特色社会主义法治理论” 考,何勤华[1];周小凡[2],,2022,12,70,83,中国特色社会主义法治理论，是习近平法治思想的重要组成部分，是新时代中华法治文明的最新成果。它萌芽于1954年前后以毛泽东为核心的我们党第一代领导人对法的认识，成熟、定型于习近平法治思想之中。它以马克思主义法学观为思想渊源，以中华法系与中华法律文化以及其他人类法治文明之精华为历史基础，以中国共产党人领导的20多年革命根据地的法制建设为社会实践，以新中国70余年社会主义法治建设为时代背景，具有内在的逻辑和规则，以及法知识学价值，是中国特色社会主义法治体系建构的理论指导和学理支撑，也成为全面推进依法治国的行动指南。,中国特色社会主义法治理论;中国特色社会主义法治体系;依法治国习近平法治思想;法治文明,C,,,法学三大刊论文/中国社会科学/“中国特色社会主义法治理论” 考.pdf
915,个人信息民法保护的模式选择,王成[1],"北京大学法学院,北京100871",2019,6,124,146,"现代科技带给人们安全和便利的同时,已经成为一种独立于人类的异化力量。现代科技与人类发展之间的关系是个人信息保护问题讨论的宏观背景。我国个人信息保护立法重公法、轻私法,缺乏民事基本法的规则支撑。在法律体系中,民法是保护人之主体地位的重要手段和基础规范,能够为个人信息保护提供体系支持。相应的立法设计应当区分个人信息与数据的保护,确立信息主体对个人信息的自主控制,补强利益关系中最弱的一方。在个人信息民法保护的模式选择中,间接保护模式和法益保护模式都存在缺陷。权利保护模式更适合中国的立法及司法现实。个人信息权可以嵌入到既有人格权规范体系中,实现法律体系的内在和谐。民法典人格权编应当采取权利保护模式。",个人信息权;科技异化;保护模式;民法典,D923,0,,法学三大刊论文/中国社会科学/个人信息民法保护的模式选择.pdf
916,中华法的政治机理——基于秦汉与古罗马时期的比较视角,王志强[1],"复旦大学法学院,上海200438",2021,10,167,187,"在中华法律文明定型的重要历史阶段,秦汉时代建立了典型的集权体制,并通过集中调配资源和强势国家理念,对""法""的形式渊源、施行方式、侧重领域及司法标准等方面产生深刻影响.与同时代的古罗马相比,可看出二者形成了迥然不同的各自特点.两大帝国相关状况的比较显示,""法""的差别与政治权力结构密切相关.这种以历史为试验场的解释性比较可能超越中西法律比较的东方主义,更深刻地描述和理解中国的法与传统,并解释法与其他社会要素的关系.",中华法;政治权力结构;秦汉;古罗马;比较法律史,D908;D904,0,,法学三大刊论文/中国社会科学/中华法的政治机理——基于秦汉与古罗马时期的比较视角.pdf
917,中国专利交易中的绝对权类型法定,张轶[1],"深圳大学法学院,深圳518000",2025,4,78,96,我国学术界对专利交易中的绝对权类型法定问题关注较少。尽管专利法无法适用物权类型法定原则，但专利领域内绝对权类型不可随意设定。专利领域绝对权的类型化分析显示，其意定受到明显限制。在专利许可中，绝对权意定引发的悖论揭示，诸多法律条款难以支撑许可的对世效力，亦无法作为绝对权类型意定的法律依据。即使遵循意思自治原则，专利交易特殊性显示，缺少绝对权类型法定会导致交易成本上升、交易安全受损、第三方行动空间受限。,无体物;物权类型法定;绝对权类型法定;专利部分转让;专利许可,C,,,法学三大刊论文/中国社会科学/中国专利交易中的绝对权类型法定.pdf
918,中国共产党创造法治文明新形态的历史叙事,付子堂[1],,2022,12,45,58,中国式法治现代化道路深刻反映了中国共产党不断探索法治发展道路的光辉历程，创造了人类法治文明新形态，不仅深刻改变了中国，而且正在深刻影响世界历史进程。党领导中国人民在百年法治奋斗进程中，实现了法治机制创新、法治文本创新、法治话语创新，凸显出中华法治文明的鲜明特色。法治机制创新为中国式法治现代化之本，表明经过党的百年法治奋斗，形成了党总揽全局协调各方的法治领导机制；法治文本创新为中国式法治现代化之表，表明经过党的百年法治奋斗，以《民法典》的颁布实施为标志，中国特色社会主义法律体系逐步迈向法典化新阶段；法治话语创新为中国式法治现代化之里，表明经过党的百年法治奋斗，不断凝练的中国式法治话语体系正在发挥理论支撑、法理论证的关键功能。,党的二十大;习近平法治思想;百年法治奋斗;法治文明新形态;中国式法治现代化,C,,,法学三大刊论文/中国社会科学/中国共产党创造法治文明新形态的历史叙事.pdf
919,中国刑事程序法治文明的新发展,陈卫东[1],,2022,12,96,107,在习近平法治思想指引下，我国的刑事程序法治建设通过理念革新、制度建设、实践创新，取得一系列突出成就。多重因素的合力助推刑事程序法治文明获得新发展，立足国情的同时遵循刑事司法规律是取得新成就的关键因素；我国传统刑事程序法治文明的创造性转化是推动新发展的内生动力；人类刑事程序法治文明成果的创新性发展是迈向新航程的外部支撑。未来应当着眼于构建自主刑事程序知识体系，为刑事程序法治建设提供理论支持，推动刑事诉讼法典实质落地，继续深化刑事司法体制机制改革，以实现更高水平的刑事程序法治文明。,刑事程序法治文明;立足国情;创造性转化;创新性发展,C,,,法学三大刊论文/中国社会科学/中国刑事程序法治文明的新发展.pdf
920,中国刑事证据制度体系的优化,张栋[1],"华东政法大学法律学院,上海200042",2015,7,125,148,近年来，中国刑事证据立法日益丰富，初步形成了证据制度体系。但是，从“排除合理怀疑”证明标准和非法证据排除这两个重要证据规则的适用情况看，刑事证据立法没有达到预期的目的。造成这一现象的原因，有法律适用或者制度执行的原因，但更主要的原因是证据制度体系没有实现优化配置。实现证据制度体系的优化，并非否定我国当前的证据制度体系，而是在现有制度的基础上，遵循证据适用规律，在立法论层面上优化证据规则设置，消除妨碍证据制度优化适用的不合理因素，从而实现证据制度体系的优化运作，实现刑事诉讼的目的。要实现证据制度体系的优化，立法应在通常意义上界定证据规则，某些关键性的证据规则不应缺失，重要的诉讼行为应尽早进行，给予前置式的证据规则以优位，这也更为契合审判中心主义与证据裁判主义的价值内核。,证据制度;证据规则;证明标准;非法证据排除;体系化,D925.2,95,,法学三大刊论文/中国社会科学/中国刑事证据制度体系的优化.pdf
921,中国合宪性审查的宪法文本实现,刘连泰[1],"厦门大学法学院,厦门361005",2019,5,100,120,"宪法文本的结构和逻辑决定了合宪性审查的制度逻辑。中国宪法文本包含消极规范和积极规范,具有行动纲领的性质。国家和公民都是宪法关系的主体,消极规范蕴含“遵守”义务,积极规范蕴含“执行”义务。全国人民代表大会及其常务委员会根据消极规范判断立法是否与宪法抵触,多元主体根据积极规范判断立法是否适当。中国共产党领导是中国特色社会主义最本质的特征,中国共产党享有概括的合宪性审查权,该权力应由中共中央行使,可以由中央全民依法治国委员会承担具体工作。中共中央在技术上一般不直接作出合宪性判断,可以指导、建议相关机构作出判断。国家不遵守消极规范或者“不适当”执行积极规范,将产生直接的宪法责任,公民不遵守消极规范的责任需要法律规定。",消极规范;积极规范;遵守;执行;宪法责任,D616,0,,法学三大刊论文/中国社会科学/中国合宪性审查的宪法文本实现.pdf
922,中国宪法上基本权利法律保留的生成与构造,陈鹏[1],,2023,12,119,138,基本权利法律保留不是对行政权的限制，而是对立法权的指示和约束。从宪法功能的转型、宪法文本的形成与演进、宪法实施机制的发展来看，应当从规范的层面检视我国现行宪法中的基本权利法律保留。宪法文本确立了差异化法律保留的体系，包括简单法律保留、特别法律保留、无法律保留、内容形成保留以及财产权条款的特殊情形。制宪史表明，《宪法》第51条并不阻碍差异化法律保留的成立。《宪法》第51条设定的无法律保留的基本权利的限制事由可以被限缩解释，从而既能适用于附带简单法律保留及特别法律保留的基本权利，又能彰显差异化保留的规范意义。差异化法律保留亦可为解决基本权利冲突、区分立法的合宪性审查基准提供指引。,基本权利;法律保留;《宪法》第51;条;基本权利冲突;合宪性审查,C,,,法学三大刊论文/中国社会科学/中国宪法上基本权利法律保留的生成与构造.pdf
923,中国宪法权力监督功能的规范分析,刘练军[1],"东南大学法学院,南京211189",2024,9,31,41,中国宪法的鲜明特色在于创置了人大监督、检察监督和公民监督等多种类型的监督制度，展现出强大的权力监督功能。2018年监察委员会入宪，其权力监督功能得到了进一步强化。中国宪法构建了权威高效的监督体系，明确了集中统一的监督领导体制，形塑了对监察委员会的多元化监督机制，为权力监督功能的发挥提供了系统性的制度平台。社会主义国家权力的一体性塑造了中国宪法的监督制度体系，而马克思主义政党的自我革命性则为其权力监督功能的实现提供了动力源泉。中国宪法权力监督功能的有效发挥还依赖于一系列配套制度的发展与完善。,中国宪法;监督功能;权力监督;监察委员会;自我革命,C,,,法学三大刊论文/中国社会科学/中国宪法权力监督功能的规范分析.pdf
924,中国宪法社会权的体系解释,刘晗[1],,2023,3,168,186,中国宪法中规定的社会权条款不能孤立地进行理解，也不能简单地套用传统宪法学的积极权利或社会经济权利等概念进行解释。在立足于中国宪法的体系解释视角下，社会权具有民生保障、民主政治和国家建构的三重维度。在中国宪法的整体结构和规范意图中，社会权也不只是一种社会经济权利，而且是带有社会主义性质的基本权利。具体而言，社会权不仅是个人向政府索要经济福利的请求权，也是实现完整社会身份的基本公民权。社会权不仅仅具有社会经济性质，更具有一定程度上的政治性质。社会权的规范结构，特别是社会权的功能及义务指向，也需要基于此种性质进行建构。社会权的功能更多地体现为客观价值秩序功能，其具体的保护义务不仅指向合宪性审查机关和司法机关等具体国家机构，同时也指向了整个国家治理体系，从而形成一种中国式的社会权制度保障模式。,社会权;共同富裕;社会主义宪法;劳动权;体系解释,C,,,法学三大刊论文/中国社会科学/中国宪法社会权的体系解释.pdf
925,中国式物权制度的文明刻度,蔡立东[1],,2022,12,108,119,中国式物权制度对标以公有制为前提发展市场经济、平衡实现人民福祉与民事主体权利的制度需求，以“三重所有权”结构安排捍卫中国特色社会主义公有制、以“多层级用益物权体系”制度创新满足人民对美好生活的向往、以“平等保护”法律原则维护市场机制的有效运作。这着眼于中国现实国情与发展阶段，兼顾公正与效率，妥善平衡公私关系，萃取了中国实践的自主性探索，实现了坚持公有制与发展市场经济、维护人民福祉与保障民事主体权利的有效结合，创新性地回应了财产权文明的世界之问，提升了财产权文明的时代刻度。,中国式物权制度;三重所有权;多层级用益物权;平等保护,C,,,法学三大刊论文/中国社会科学/中国式物权制度的文明刻度.pdf
927,中国政府治理的法治路径,石佑启;杨治坤,"广东外语外贸大学,广州510420",2018,1,66,89,"中国政府治理包括自治和共治两个维度.从政府管理迈向政府治理的过程,也是从法制政府走向法治政府的同步过程.政府治理与法治存在根本保证、治道框架、内在价值、外在形式、目标追求、建设路径上的契合,为实现政府治理的法治化奠定了基础.政府治理的多元主体结构、规则多元、过程交互、方式多样以及纠纷复合性对法治建设提出了新要求.回应政府治理的法治需求,应推进政府职能定位及其权力配置的法定化,拓展行政主体类型并完善行政组织法,丰富法的渊源并以共识性规则改造支配性规则,以交互性为指针完善行政程序制度,规范多样化的行政行为,建立多元纠纷解决机制与强化权利救济等,以彰显政府治理的法治之道.在政府治理与法治融合互动的进程中,需要协调政府治理陷阱、法治的限度等潜在风险.",政府管理;政府治理;法治政府;治理现代化;法治,D63,0,,法学三大刊论文/中国社会科学/中国政府治理的法治路径.pdf
928,中国民众刑法偏好研究,白建军,"北京大学法学院,北京100871",2017,1,143,163,民众偏好较重还是较轻的刑法，以及如何处理刑法与民意的关系，是刑事法治不能回避的问题。搭载北京大学CFPS项目，以3万多样本为数据来源的实证研究发现，中国民众的刑法偏好系数低于0到1之间的中间线，为0．36，说明大样本研究的证据并不支持中国民众普遍偏好重法的说法；传统犯罪被害遭遇对刑法偏好并无显著影响，刑法偏好是各种社会因素的扭曲反映。应当对与刑法有关的个案舆论保持高度审慎和冷静，对刑法偏好作出有限响应，警惕刑法的过度社会化和刑法资源的“通胀”倾向。刑事立法或司法是否积极响应民众的某种刑法偏好，取决于代表性、溯因性和依法性三方面的考量。个案舆论更需先通过实证研究转换成某种刑法偏好，经过上述三方面考量后，再决定是否以及如何响应。,刑法偏好;刑法轻重;影子刑法;舆论;民意;刑法修订,D924,40,,法学三大刊论文/中国社会科学/中国民众刑法偏好研究.pdf
929,中国法律规范体系与立法效果评估,"冯玉军[1,2]","中国人民大学法学院,北京100872;河北经贸大学,石家庄050061",2017,12,138,159,法律是治国之重器，良法是善治之前提，完备而良善的法律规范体系不仅是建设法治体系的第一要义，而且是法治国家的基本标志以及政权稳定和社会发展的基本保障。总结我国法治量化评估的经验教训，对法治体系进行宏观评估，须秉持清晰明确的价值观，有严谨合理的法治理论支撑，注重指标设定与统计的逻辑自洽，方能实现多主体／类型／视角的综合统计研究之目标。以立法完备性、科学性、民主性、受监督性为指标构建评估体系，设计针对社会公众、法学专家和法律执业者的调查问卷，借助随机抽样和立意调查两种实证研究方法，考察我国法律规范体系的实际状况并给出具有可信度的评估结果，了解我国法律体系创制与实施的底数，为完善以宪法为核心的法律体系提供助力。,法律规范体系 立法完备性 立法民主性 立法科学性 立法受监 督性,F299.23,0,,法学三大刊论文/中国社会科学/中国法律规范体系与立法效果评估.pdf
930,中国法治社会的结构及其运行机制,陈柏峰[1],"中南财经政法大学法学院、教育部,武汉430073",2019,1,65,88,"""法治社会""是具有高度中国实践特色的概念,它指公权力运作系统之外的社会生活的法治化。它与法治国家、法治政府各有独立范畴,构成了中国法治的""一体两翼""。国家动员能力、既有法律体系、社会治理基础、社会矛盾态势等具体背景,对法治社会建设构成引导或制约。法治社会建设应有强辨识性的目标指引:引导公众有序参与社会治理、维护良性的物质文化生活秩序、调适基本公共服务资源的供求、界定社会组织的适当行为空间。基层是法治社会建设的主要场域,应当直面基层特质的制约,着眼基层社会的主要事务,发挥基层社会组织的功能。同时,还应在角色分工基础上,有效整合政府、社会组织、企业、律师等法治社会建设的重要主体.",法治社会;社会治理;基层;政府;社会组织,D920.0,0,,法学三大刊论文/中国社会科学/中国法治社会的结构及其运行机制.pdf
931,中国法理学进步的阶梯,徐显明[1],不详,2018,11,42,57,"1978年到2018年的40年,中国取得了一系列历史性成就,这其中包括创造了经济快速发展、社会长期稳定和从无法可依到形成完善的法律体系三大奇迹。法治奇迹推动和保障了经济奇迹与社会奇迹,而法学则引领和支撑了法治奇迹。在法学的百花园中,法理学具有基础和先导地位,法理学的发展代表着中国法学的水平。从中国法理学进步的阶梯中可以发现,中国法学的高度和中国法治的奇迹蕴藏于法理学的创新智慧之中。",,C,0,,法学三大刊论文/中国社会科学/中国法理学进步的阶梯.pdf
932,中国海上航运的安保模式及其法律保障——以应对21世纪海上丝路的海盗为例,"李卫海[1,2]","中国政法大学,北京102249",2015,6,131,151,建设“一带一路”，是实现中华民族伟大复兴的重大战略决策。海上航运的安全，在“一带一路”战略中占有重要地位。近年来，海盗、海上武装劫持、海上恐怖袭击等海上暴恐事件频繁发生，对国际和中国海运利益构成极大威胁，对实施海上丝路战略构成严重挑战。确保海运安全免遭海上暴力的直接措施有五种。以防范索马里海盗为例，聘请专业安保公司实施驻船武装护卫，是确保海运安全的有效模式，不仅符合国际法，也为许多发达国家和地区法律所允许，在夯实中国海洋总体安全上具有战略意义。在中国语境下，该模式面临法律风险，应在新型国家安全法律观的统合下，加强法律保障，与军舰（机）护航齐力协作，共同型构中国海运安全的最佳模式，确保中国海上核心利益的实现。,一带一路;海运安全;武装护卫;安保公司;国家安全法律观,D921,76,,法学三大刊论文/中国社会科学/中国海上航运的安保模式及其法律保障——以应对21世纪海上丝路的海盗为例.pdf
933,中国生态环境法治的空间拓展及其规则创新,刘超[1],"华侨大学法学院,泉州362021",2024,9,77,88,我国生态环境单行法体系在还原主义方法论下针对环境要素分别立法，难以承载“美丽中国”的文明意蕴。中国生态环境法治亟待空间拓展，其理论基础源于以社群主义统合还原主义与整体主义方法论，在调整对象上应为多类型的环境空间供给专门规则，在运行场域上基于生态环境法治须应对大尺度空间环境问题。在《生态环境法典》中系统创新调整对象维度下的特定规则、运行场域维度下的协同规则和空间整合维度下的衔接规则，可契合生态环境法治空间拓展的规则创新需求。,生态环境法典;环境空间;社群主义;自然地理单元,C,,,法学三大刊论文/中国社会科学/中国生态环境法治的空间拓展及其规则创新.pdf
934,中国知识产权法律变迁的基本面向,吴汉东[1],"中南财经政法大学,武汉430074",2018,8,108,125,"中国知识产权法律理论和实践,经历了从移植、引进到自立、创新的过程。改革开放40年来,中国从基本国情和发展需要出发,准确把握制度属性功能,塑造法律价值目标,建构法治与发展运行机制,能动地进行制度转化和法律精神再造,实现了知识产权法律本土化。与此同时,一方面积极应对法律现代化发展中的多元性、阶段性、风险性、非现代性问题,通过知识产权的制度创新以促进知识经济发展;另一方面有效应对法律一体化格局中的多样化、碎片化、单边化问题,参与知识产权全球治理体系建构,成为知识产权国际保护的新动力。中国在知识产权法律本土化的基础上,开辟了自己的法律现代化实现方式和法律一体化选择路径,其法律变迁的基本面向具有丰富的创新内涵和明确的实践导向。",知识产权;法律变迁;本土化;现代化;一体化,D923.4,0,,法学三大刊论文/中国社会科学/中国知识产权法律变迁的基本面向.pdf
935,中国自治型公司法的理论证成及制度实现,赵万一;赵吟,"西南政法大学民商法学院,重庆401120",2015,12,156,176,中国新一轮公司法改革的最终目标应定位于实现从管制型公司法向自治型公司法的战略转型，其立法要旨是充分尊重公司的意思自治和行为自由。确立此项目标的可能性在于制度逻辑考量下的内生性要求，必要性则在于国际竞争视域下的现实性需要。其目的是充分尊重和保护公司自我意志的自由表达，意在指导市场主体在法律许可的范围内尽力去追求其自身的正当利益。在此基础上围绕公司的组织形式、设立条件、治理结构、营业自由、管控体制、淘汰机制等方面进行制度构建。自治型公司法应树立以效益为基点的均衡发展理念，在全覆盖式的法律框架结构下，借助技术性与伦理性并重的规范配置，形成股东与利益相关者兼容的制度体系。可以借鉴公司法框架外的一些制度，提升法律解释与司法判例的作用，实现公司法与相关法律间的同步完善。,自治型公司法;公司法改革;意思自治;效益优先;均衡理念,D922.29,31,,法学三大刊论文/中国社会科学/中国自治型公司法的理论证成及制度实现.pdf
936,中国著作权立法中的制度创新,熊琦,"华中科技大学法学院,武汉430074",2018,7,118,138,"中国著作权立法从经验借鉴转向主动调整,制度安排应以回应中国问题为目标。然而如何从著作权理论和实践中准确提炼中国本土问题,却因比较法和本土法的价值设定差异而存在分歧。我国现今更多采取的著作权立法取向,是直接以法定化的权利分配来取代需要经历市场博弈达致的意定安排,而权利人和使用者又从各自立场出发,期待法律赋予符合自身利益的自治空间,最终导致在立法选择和司法审判上缺乏基本共识而陷入困境。通过梳理本土制度变革历史可以发现,实现中国著作权法制度创新的关键,是管制规则和自治规则如何在价值定位上协调和互补,以及如何解决继受规则的制度理念与本土规则的运作传统的协同配合。解决该问题的方法,是在中国社会、产业与文化背景下划定著作权领域私人自治与政府管制的边界,一方面允许本土版权产业主体根据自身的市场和社会环境创制著作权市场交易规则,另一方面在存在市场失灵之处优化政府干预。",著作权法修改;中国问题;法律继受;立法价值;私人自治,F724.721,0,,法学三大刊论文/中国社会科学/中国著作权立法中的制度创新.pdf
937,中国行政法学学术体系的构造,周佑勇[1],,2022,5,103,121,"深入研究我国行政法学学术体系的基本构造,明确其发展方向,是加快构建中国特色行政法学的一项基础工作.从原理上分析,中国行政法学学术体系的内在结构性元素可分为实定法体系、理论体系和方法体系三部分.实定法体系是学术体系的基础,主要包括行政法规范体系和制度体系;理论体系是学术体系的核心,主要由行政法理论基础、基本原则体系及范畴体系构成;方法体系则是连接实定法体系和理论体系的纽带和转化器,涵盖政法法学、法教义学和社科法学三种研究方法.伴随着《行政诉讼法》颁行30余年来的制度实践与学理深化,中国行政法学学术体系已日趋成熟,但仍然存在不少问题.进一步创新的基本路径在于以法典化推进行政基本法建设,以法理思维提升学术品质,以法治实践形塑中国特质,以完备的形态承载整个学术体系.",中国行政法学学术体系;实定法体系;理论体系;方法体系,C,,,法学三大刊论文/中国社会科学/中国行政法学学术体系的构造.pdf
938,习近平法治思想的实践逻辑、理论逻辑和历史逻辑,张文显[1],吉林大学长春130012,2021,3,4,25,"在中国特色社会主义法治建设伟大实践中创立的习近平法治思想是当代中国马克思主义法治理论、21世纪马克思主义法治理论,其缘于经验的升华、理性的凝结、历史的淬炼,具有鲜明的实践逻辑、科学的理论逻辑和深厚的历史逻辑.认真研究、科学把握、深刻领悟这三个逻辑及其内在联系,必将深化对习近平法治思想时代背景、基本精神、核心要义、实践要求的理解和把握,必将增强对习近平法治思想的政治认同、理论认同、情感认同,必将增强新时代全面依法治国、建设法治中国、推进国家治理现代化的信念伟力、思想定力、前进步力.",习近平法治思想;实践逻辑;理论逻辑;历史逻辑,D920.0,0,,法学三大刊论文/中国社会科学/习近平法治思想的实践逻辑、理论逻辑和历史逻辑.pdf
939,事实、证据与事实认定,张保生,"中国政法大学证据科学教育部重点实验室,北京100088",2017,8,110,130,事实与证据的特性及其关系，是证据法元理论问题。事实作为证据法的逻辑起点，包含着事实认定中各种问题的胚芽，其固有特性特别是经验性之历史展开，则塑造了证据的基本属性，也决定了事实认定必然是一个经验推论过程。事实认定者通过“证据之镜”所获得的事实真相，是对事实之可能性的判断，达不到绝对的确定性，却具有盖然性或似真性。司法证明理论从精确概率走向模糊概率或似真性理论的发展趋势，对我国司法改革和证据法学研究具有借鉴意义。,经验事实;证据之镜;事实认定;司法理念,D925.2,0,,法学三大刊论文/中国社会科学/事实、证据与事实认定.pdf
940,事权划分法治化的中国路径,刘剑文[1];侯卓[2],"北京大学法学院、中国财税法治战略研究院,北京100871",2017,2,102,122,推进各级政府事权规范化、法律化，是深化财税改革和建设法治财税的重要举措。我国应在法律层面明确各级政府间的事权划分，通过法律机制保障和促进各级政府履行事权。赋予政府事权是为有效保障公民基本权利的实现，在明晰政府职能边界的前提下，运用法律手段、遵循谦抑原则厘定事权范围。事权划分的经济标准更为基础，法律标准对由经济标准导出的划分格局进行调适。事权可分为立法监管和事权实施，现行法律体系对立法监管事权的配置相对合理，但其中法律监督、特别是司法事权应适当向中央集中；在事权实施层面，现行制度为行政化分权留下空间，且不同层级政府间事权同质化较明显。事权划分法治化要求制定财政基本法明确各级政府的事权；政府间财权划分和转移支付体制的优化、预算硬约束的实现，是事权划分的制度保障；从根本上，通过对公民权利体系的法律确认，可以促进法定事权的落实。,财税体制;事权划分;基本权利;法治化;国家治理,F812.2,58,,法学三大刊论文/中国社会科学/事权划分法治化的中国路径.pdf
941,互联网金融的法律规制——基于信息工具的视角,杨东[1],"中国人民大学法学院、中国人民大学民商事法律科学研究中心,北京100872",2015,4,107,126,互联网金融具有满足小微投融资者需求、降低交易成本、促进竞争、提高市场透明度的功能，发挥着分散金融风险、回归金融本质的作用。我国现行管制型立法对互联网金融信用风险规制失灵，催生刚性兑付和过度依赖担保，抑制竞争且加剧信息不对称。因而，应重新厘定信息工具范式，以大数据和征信体系为基础，规范市场准入并明确市场主体法律地位，发挥信息工具之风险预警作用，构建投资者保护立法，完善融合型互联网金融法律规制体系，以弥补管制型立法的制度错配和法律漏洞，并规制信用风险、降低系统性风险，进而激励竞争、促进信息的产生和传递、分散和利用风险，以发挥互联网金融内生的优化资源配置的功能。,互联网金融;信息不对称;信用风险规制;信息工具,F832.1,39,,法学三大刊论文/中国社会科学/互联网金融的法律规制——基于信息工具的视角.pdf
942,人合性在有限公司中的终结,梁上上[1],,2022,11,69,88,我国公司法受大陆法系传统的影响，通说认为人合性是有限公司的根本属性。体现人合性的典型场合为股权转让中的人合性维护，也是目前困扰最大的场合。根据人合性理论，公司法将股权转让区分为内部转让与外部转让，内部转让因不涉及人合性可以自由转让，外部转让因涉及人合性而受到严格限制。区分模式遵循的是一种静态的人合性观念，没有考虑到股权结构、时间之矢等因素对人合性的影响，难以适应人合性的动态化事实，导致人合性规制的体系矛盾。人合性的本质是人际关系，不应通过法律的强制性规定来加以规制，我国《公司法》第71条的规定是失败的。人合性价值的位阶为：股权流通性优先于人合性；当事人约定优先于法律规定。股权转让应以自由转让为原则，人合性因素可以成为限制股权转让的一种约定事由，但不是法定事由。随着人合性与股权转让的法律上强制性关系的剥离，作为有限公司根本属性的人合性将终结。,人合性;股权转让;流通性;法定主义;意定主义,C,,,法学三大刊论文/中国社会科学/人合性在有限公司中的终结.pdf
943,人工智能法律治理的路径拓展,张凌寒[1],"中国政法大学数据法治研究院,北京100083",2025,1,91,110,人工智能的法律治理正处在规则形成期。基于风险的法律治理路径的“简单化”与人工智能法律治理需求“复杂化”存在矛盾，我国既有立法实践进行的本土化改良仍无法克服其固有局限。随着我国人工智能法律治理进入系统集成阶段，围绕实现人工智能高质量发展和高水平安全良性互动的治理主旨，要引入适应性治理理念统筹安全发展，应对人工智能多重属性构成复杂系统的治理需求，并高度容纳技术发展的不确定性和未知前景。在此基础上构建具有适应性的人工智能法律治理框架、方案、工具，拓展形成符合我国本土制度环境、技术产业基础与发展目标的法律治理路径。,人工智能立法;人工智能风险;分级分类;关键人工智能;适应性治理,D99,,,法学三大刊论文/中国社会科学/人工智能法律治理的路径拓展.pdf
944,人性民法与物性刑法的融合发展,刘艳红[1],"东南大学法学院,南京211189",2020,4,114,137,"人性民法与物性刑法相生相成,两者都是整体法秩序不可或缺的重要组成部分。以民法总则为引领的民法典,坚持以人为本理念并充满人性关怀,是为人性民法。刑法作为有形或无形的犯罪打击工具,具备物性或工具主义的形而上学本质特征,是为物性刑法。在公私法相互渗透与融合的法治时代背景下,人性民法有助于强化刑法的人性色彩,并据以形成人道化的刑法立法、人本化的刑法制度、人文化的刑法解释,实现对物性刑法的人文化成。公私法的同源性与共通性决定了物性刑法对人性民法的发展也有着强化保障的重要作用。物性刑法有助于重塑民法公平正义的价值理念,提升民法规范的强制性以及加强对民事主体私权利的保障,并促进民法立法、民事司法的更迭与发展,实现对人性民法的影响渗透。人性民法与物性刑法的渗透与融合,是未来中国特色法学话语体系发展的全新脉络。",人性民法;物性刑法;民法典编纂;人文化成;强化保障,D92,0,,法学三大刊论文/中国社会科学/人性民法与物性刑法的融合发展.pdf
945,人的尊严的法律属性辨析,胡玉鸿,"苏州大学王健法学院,苏州215006",2016,5,101,119,人的尊严是由于人作为人类共同体成员所拥有的高贵与尊荣。法律规定人的尊严不是对人的外在品性的褒奖，而是对人的平等身份的确认；人的尊严并非是由实在法所设定，而是超越于实在法之上，属于不依据实在法而存在的先在规范，是整合法律体系的基础规范，是一种不可随意修正的永久规范，代表现代法律的伦理总纲；人的尊严不是权利和基本权利，而是表征人在社会中立足和在法律中存在的与他人平等的法律地位。我国诸多规范性法律文件直接规定人的尊严，并将保障尊严确定为国家的重要任务。人的尊严与生存和民生相关，通过提供物质帮助和完善公共服务，可以为尊严的实现奠定物质基础。,人的尊严;法律身份;法律伦理;法律地位;法律权利,D922.16,60,,法学三大刊论文/中国社会科学/人的尊严的法律属性辨析.pdf
946,"从""权能分离""到""权利行使""",蔡立东,"吉林大学、司法数据应用研究中心,长春130012",2021,4,87,105,"用益物权的生成机制关涉物权制度的架构和容量,蕴含着物权法理论创新的巨大潜能.就解释民法典颁行前的我国用益物权制度而言,""嫁接式具体权能分离说""进行了有益的理论探索,但其未能超越既成""权能分离说""的固有范式,亦无法摆脱该范式的内在缺陷.民法典丰富了用益物权的种类,提供了以坚持社会主义公有制为前提,通过市场机制配置和共享土地等要素资源的法实现方案.基于制度实践的转型升级,以""权利行使""为逻辑线索架构用益物权的生成机制,有益于弥合既有理论与中国实践的罅隙,提升理论的解释力,为多层级用益物权体系的建立奠定学理基础.",权能分离;权利行使;多层级用益物权体系,C,0,,法学三大刊论文/中国社会科学/从“权能分离“到“权利行使“.pdf
947,从控制到利用：刑法数据治理的模式转换,于改之[1],,2022,7,56,74,数据安全和数据共享是数据治理的基本目标。受数据赋权观念的影响，现行刑法采用了控制模式，重在禁止“获取”“泄漏”“窃取”数据的行为，并借此对滥用行为进行事前防范。控制模式忽视了数据的公共产品属性，无法全面、有效保护数据法益，导致既无法有效维护数据安全，亦难以实现数据共享。旨在规制滥用行为的利用模式，是刑法数据治理模式调整的现实方向。利用模式可基于以下路径实现：刑法总则中设置专门条款，指导分则数据法益的解释；适当限制控制模式立法，发挥数据的独立价值；增加滥用算法罪、非法提供算法服务罪，弥补现行刑法规范供给不足的缺憾；积极探索涉数据犯罪的违法阻却事由，避免因刑法介入过度而抑制数据共享目标的实现。,数据安全;数据法益;刑法治理;控制模式;利用模式,C,,,法学三大刊论文/中国社会科学/从控制到利用：刑法数据治理的模式转换.pdf
948,从民法通则到民法总则：中国当代民法的历史性跨越,杨立新,"天津大学法学院,天津300072",2018,2,72,97,《民法通则》是改革开放初期制定的一部具有民法总则性质的民法单行法，通过确立民法基本原则、民事主体和民事法律行为及代理制度，宣示民事主体享有的民事权利，建立较为完整的民事责任制度等立法举措，唤起了民众的民事权利意识，保障了中国经济社会的高速发展，奠定了中国民法典的基本框架和内容，在中国当代历史上具有重要价值。随着经济社会的发展，民法必须随时代的发展而变化，民法学为当代民法立法提供理论支撑，依法治国的法治蓝图为实现中国当代民法的历史跨越注入强大动力，因而民法典编纂具备了必要条件。《民法总则》的制定完成，适应时代经济、人文和法治特征的要求，彰显民法典的人文主义立场和精神，迎接当代科学技术发展的挑战，保障人对新型权利及其客体的享有和支配，标志着《民法通则》完成了历史任务，标志着中国当代民法实现了历史性跨越，奠定了我国民法典编纂的基础和分则各编的框架和内容。,民法总则;民法通则;中国当代民法;人文主义;科技发展,D923,0,,法学三大刊论文/中国社会科学/从民法通则到民法总则：中国当代民法的历史性跨越.pdf
949,从治外法权到域外规治——以管辖理论为视角,屈文生,"华东政法大学法律文明史研究院、外语学院,上海201620",2021,4,44,66,"管辖与主权是国际法思想谱系中的重要概念,管辖权范围与主权的离合决定或影响世界秩序的嬗变.地理大发现时代,《托德西利亚斯条约》确立了管辖权的全球延伸,但西葡两国并未对已发现的陆地和岛屿实现真正管辖.威斯特伐利亚体系初步确立属地化秩序,一国管辖权开始对应其主权疆域.殖民时代,以英国为代表的欧洲列强凭借作为治外法权分离管辖与主权,威斯特伐利亚主权秩序与帝国秩序共存.全球化时代,超国界问题频发,域外规治成为美国单边处理域外事务的工具,二战后确立的以《联合国宪章》为基础的国际法秩序与单边主义秩序共存.当今世界正经历百年未有之大变局,以单边主义、保护主义、霸权主义作为制度基础的域外规治,对世界和平与发展构成威胁.重新审视管辖理论,可以基于共同体管辖理论实施域外规治,以可预期、可接受的方式延伸管辖权,构建互认、互信、互惠的共同体管辖机制,为共同体外的管辖安排提供具备说服力的方案,最终推动人类命运共同体的构建.",治外法权;域外规治;管辖;主权;共同体管辖,C,0,,法学三大刊论文/中国社会科学/从治外法权到域外规治——以管辖理论为视角.pdf
950,从身份到行为：劳动法规范构造的转型,王天玉[1],"中国社会科学院法学研究所,北京100720",2025,5,36,53,劳动法源自国企劳动合同制改革，通过全员书面合同将固定工转变为劳动者，在立法中表达为基于身份的权利集合。随着非规范用工问题的出现，从属性理论进入我国学理和司法，构建了劳动关系认定的“合意—事实”解释框架，形成了从属性身份，并在立法论层面改造倾斜保护学说。但从属性理论无法突破身份构造的固有局限，难以破解超龄劳动者、建筑业农民工和新就业形态劳动者的保障难题。顺应数字化和老龄化趋势，应以行为构造重塑身份构造，建立身份与行为的双层结构。劳动法规范以劳动行为为起点，藉由劳动法律行为和劳动事实行为的分类，构造身份化的团体成员权利束和非身份化的个体底线权利束，发展“有劳动就有保障”的中国式现代化劳动法律体系。,劳动合同;从属性;倾斜保护;劳动行为;权利束,C,,,法学三大刊论文/中国社会科学/从身份到行为：劳动法规范构造的转型.pdf
951,以“生态恢复论”重构环境侵权救济体系,吕忠梅[1];窦海阳[2],"清华大学法学院,北京100084",2020,2,118,140,"从我国环境侵权制度的实践出发,可以考察和梳理司法、立法的现实做法并梳理其背后蕴含的理论逻辑。经过四十年的实践发展,环境侵权制度在行为认定上从单一的环境污染转向环境污染与生态破坏的双重认定,在救济对象上从单一的私益转向私益与公益的双重保护,在救济方式上从传统的民事救济到以生态修复为主的综合救济。丰富的实践背后蕴含着损害理论的重大转变,即从传统侵权损害论逐渐分化,形成环境侵权的专业救济理论——生态恢复论。该理论以整体主义环境哲学为基础,将生态环境整体作为调整对象,以修复为主要救济方式。以问题为导向的理论创新为法律制度建构提供了基础,在民法典及环境法规范中应进行基于理论分离的重构,实现协调基础上的制度分离。",环境侵权;损害论;生态恢复论;民法典;环境法典,D92,0,,法学三大刊论文/中国社会科学/以“生态恢复论”重构环境侵权救济体系.pdf
952,作为国家机构原则的民主集中制,王旭[1],"中国人民大学法学院,北京100872",2019,8,65,87,"作为国家机构原则的民主集中制,对其进行宪法学研究需要遵循宪法文本蕴含的历史规律和重视国家机构组织运行的实践环境,追求历史逻辑、实践逻辑、理论逻辑与规范逻辑的统一。对民主集中制的法律文本与制度实践进行梳理,我们可以发现其包括“民主作为集中的执行基础”和“民主作为集中的制约基础”两重理论内涵,其背后是马克思主义国家学说中的社会平等自由观,在当代中国则发展为对国家民主正当性与治理有效性双重追求的实践逻辑。为实现这两个目标,民主集中制在宪法上的规范逻辑展现为设立规范、活动规范和相邻规范的有机统一,通过对它们进行法教义学分析与建构,可以形成一个完整的宪法规范体系。",民主集中制;国家机构;平等主义自由观;组织活动原则;法教义学,D046.3,0,,法学三大刊论文/中国社会科学/作为国家机构原则的民主集中制.pdf
953,依宪立法原则与合宪性审查,莫纪宏[1],"中国社会科学院国际法研究所,北京100009",2020,11,89,109,"依宪立法作为立法工作的基本原则,是推动合宪性审查的逻辑前提和制度基础。依宪立法具有正当性基础,价值目标明确,作为立法工作的基本原则,目前制度上并未明确予以确认,但从依宪治国的价值要求和依法立法原则的制度构成审视,将依宪立法原则确立为立法工作的基本原则具有法理上的必要性和制度上的可行性。从依宪立法原则与合宪性审查的逻辑关系、依宪立法原则的价值要求、合宪性审查与合法性审查的制度界限三个维度可证明,在制度上确认和坚持依宪立法原则,有助于消除阻却合宪性审查的制度短板,为合宪性审查提供理论方案。从我国现行宪法所规定的立法制度审视,真正影响合宪性审查工作有效启动的是立法监督制度中存在的“强合法性审查”与“弱合宪性审查”之间的价值错位。要真正解决“弱合宪性审查”状况,最高立法监督机构需充分发挥宪法解释维护法制统一的功能,通过宪法解释和法律解释的方式来解决频繁修改法律所带来的各种问题,将依宪立法原则作为最高国家立法机构立法的基本准则,在尊重宪法权威基础上通过科学有效的合宪性审查,全面有效地推动宪法实施和监督。",依宪立法;依法立法;依宪治国;合宪性审查;合法性审查,D92,0,,法学三大刊论文/中国社会科学/依宪立法原则与合宪性审查.pdf
954,先秦法的概念隐喻,汪太贤[1],,2023,2,148,166,一些中外学者站在法律工具论的立场对先秦法的概念隐喻进行识解，主要立足于法被喻为“规矩”“绳墨”“斗斛”“仪表”等器物在功能上所承载的意义，而忽视了它们在性质和价值上所蕴含的意义。在隐喻的意义结构中，法在性质上的意义是基石，价值上的意义由此延伸而成，共同构成法的意义核心。而法在功用上的意义只表明在前两者的基础上，向外展示自己的一种能力。因此，法的概念隐喻主要通过对法的性质和内在价值的塑造，建立能够将包括国君在内所有人的行为纳入法的约束之中的思想理据。一方面，它暗示立法不是对立法者私意的表达，而是对社会公共认同标准的仿效。另一方面，它旨在创立“使法必行之法”，使一切治国行为依法而行。据此可以认定：先秦法的概念隐喻不是要把法律变成统治的纯粹工具，而是统治的根据。,先秦;法的概念隐喻;意义结构;法律工具论;法律根据论,C,,,法学三大刊论文/中国社会科学/先秦法的概念隐喻.pdf
955,公司法中的契约自由——以股权处分抑制条款为视角,冯果;段丙华,"武汉大学法学院,武汉430072",2017,3,116,136,在个体法与团体法的不同视角下，股东权利处分不仅体现为个人财产权处分，更被视为公司组织体的交易行为。股权处分行为已经超越民法上的契约交易，呈现出商事法上组织交易的特征。公司章程及立法中普遍存在股权处分抑制条款，这正是股东意志自我约束和来自公司团体意志乃至社会公共意志限制的反映，体现了股东与公司之间复杂的意志关系。组织交易的特殊性决定了简单地套用合同理论处理与商事组织有关的商事纠纷具有局限性。公司法上自治界分的实质是维护组织体信赖关系的和谐、追求组织治理稳定与实现法益平衡。无论是立法还是司法均应在强调股东自治优先的同时保证法律的底线，妥当地处理好处分股东与其他股东、公司、债权人的利益冲突和平衡。,股权处分;抑制条款;组织交易;公司自治;股东自治,F271,51,,法学三大刊论文/中国社会科学/公司法中的契约自由——以股权处分抑制条款为视角.pdf
956,公序良俗原则与诚实信用原则的区分,于飞,"中国政法大学民商经济法学院,北京100088",2015,11,146,162,我国民法理论尚未对“为什么民法同时需要诚实信用与公序良俗两个原则”作出根本的回答，实践中在这两个原则的裁判适用上还存在严重的模糊和混淆。公序良俗原则针对法律行为的内容进行“内容审查”，诚实信用原则针对权利的具体行使行为进行“行使审查”，两原则在适用范围、保护对象、标准设立、法律效果上有重大差异。在格式条款这一特殊领域，出现了以诚信原则进行“内容审查”的现象，这是追求结果的高度均衡这一目的所决定的，而且进一步展现了公序良俗与诚实信用两个标准的差异性。,公序良俗;诚实信用;内容审查;行使审查,D913,69,,法学三大刊论文/中国社会科学/公序良俗原则与诚实信用原则的区分.pdf
957,公权与私权共治的法律机制,唐清利,"西南财经大学法学院,成都610074",2016,11,111,128,传统法学对制度运行层面研究不多，造成对社会治理体系现代化涉及的结构、主体、符号等缺乏认识，甚至简单地将实践中社会治理体系现代化等同于法治化、信息化和技术化。社会治理的核心问题是解决国家与私人之间监控和惩罚成本问题，但要借助法定化的平台促成公权与私权合作进行社会治理。社会治理体系现代化就是要解决社会开放状态下如何通过立法确定合作的法定平台与技术，并确保公权与私权重叠时的社会治理信息和惩罚成本的合理分担问题。公权与私权合作的社会治理技术是由一组可以观察并具共识的符号或组织作为法定平台，各自为了自身利益最大化和交易成本最小化更多地将责任施加法定平台上，而不用追问其具体构成。,公权;私权;社会共治;法律机制,D925.2,23,,法学三大刊论文/中国社会科学/公权与私权共治的法律机制.pdf
958,公民参与行政的风险及法律规制,王旭,"中国人民大学法学院副教授,北京100872",2016,6,112,132,公民参与行政是现代社会对行政活动本质认识深化与社会复杂变迁的产物，也是人实现自我解放的需要。然而，由于其受到市民社会和政治国家双重固有逻辑的影响，在复杂的制度变迁过程中也存在很多风险，给公共利益和私人利益都带来一定的损害。有效地防范公民参与行政的风险，需要在理论上建立公共领域的协商民主逻辑作为其前提，并在此基础上具体建构包括法律保留、正当程序、透明度和问责制为核心的规则体系，避免“劣质的参与”，真正实现合法行政与良好行政的双重现代性目标。,参与行政;风险;公共领域;正当程序;问责制,D035,50,,法学三大刊论文/中国社会科学/公民参与行政的风险及法律规制.pdf
959,共享经济的法律规制,蒋大兴;王首杰,北京大学法学院,2017,9,141,162,共享经济是近年来兴起的创新商业模式，鉴于其迥异于传统经济，既有规则不能完全满足其规制需求，应进行规制创新。目前，各地政府对车辆共享和房屋共享等代表性共享经济类型的规制态度分为三种：明令禁止、未明确表态和明确允许。上述差异性规制策略表明共享经济规制理念和逻辑存在分歧。按照理念一原则一方法的分析思路，法律对共享经济的规制，首先应彰显鼓励创新的理念；其次，应贯彻激励性规制、创新规制、差异性规制和公共性规制原则；再次，应采取法律关系类型化的规制策略锁定规制点。平台法律地位、劳动关系、竞争法则是共享经济规制的核心问题。共享经济对既有法律体系造成巨大冲击，其具有交易结构横向化、主体多元化、客体零散化等特征，法律规制涉及劳动法、合同法、竞争法、税法、知识产权法等诸多领域，应进行体系性规制和回应。,共享经济 平台 创新 规制,F062.5,0,,法学三大刊论文/中国社会科学/共享经济的法律规制.pdf
960,内幕交易惩罚性赔偿制度的构造原理与现实选择,邢会强,"中央财经大学法学院,北京100081",2018,4,89,108,"在证券市场内幕交易领域实行惩罚性赔偿制度有其合理性,惩罚性赔偿数额为惩罚基准与惩罚倍数的乘积。当违法者的收益大于或等于其给受害者造成的损失时,内幕交易的惩罚基准应该是违法者的收益。只有当违法者的收益小于其给受害者造成的损失时,内幕交易的惩罚基准才能是受害者的损失。而内幕交易的惩罚倍数有两种确定方式：根据原告举证的被告逃脱惩罚的概率来确定或直接由法律推定。法律推定宜规定一个固定的倍数,但它仅为＂默认选项＂,可以被当事人的举证所推翻。《证券法》在内幕交易领域引入惩罚性赔偿制度是必要的,这有利于对违法违规者形成威慑压力,减少内幕交易等违法违规行为,增强投资者对我国资本市场的信心,助力我国证券市场法治化的进程。",内幕交易;惩罚性赔偿;成本内化法;证券法修改,D923.8,0,,法学三大刊论文/中国社会科学/内幕交易惩罚性赔偿制度的构造原理与现实选择.pdf
961,农地三权分置的法实现,"蔡立东[1,2];姜楠[1]","吉林大学法学院,长春130012\吉林大学理论法学研究中心",2017,5,102,122,农地三权分置是中国特色现代农地制度的核心，是我国农地权利制度改革的既定选择，旨在实现农地规模化经营，破解农地融资困境，提高农业生产效率。农地三权分置政策向可运作的法律实现机制转化，应当以坚持农地集体所有权为前提，以稳定农地既有法权关系为基础，以农地权利财产化为指向。中央农地政策上的农户承包权即为现行法中的土地承包经营权（包括派生出土地经营权的土地承包经营权）依据权利行使的用益物权发生逻辑，土地经营权是土地承包经营权人行使其权利而设定的次级用益物权，承包权与经营权的法构造为“用益物权一次级用益物权”。在解释论层面，囿于物权法定原则，土地经营权原本并非物权，但其设定一经登记，即获得对抗第三人的效力，并受侵权责任法保护。在立法论层面，未来我国“民法典物权编’’应当将土地经营权上升为法定的用益物权，进而实现土地经营权的法定化。,农地三权分置;土地承包经营权;农户承包权;土地经营权,D923.2,64,,法学三大刊论文/中国社会科学/农地三权分置的法实现.pdf
962,刑事司法人工智能的包容性规制,李训虎,"中国政法大学证据科学研究院,北京100088",2021,2,42,62,"我国刑事司法人工智能走在世界前列,但暴露出数据垄断、算法黑箱以及应用场景设置随意等问题.这些问题及其背后所面临的合法性挑战、正当性隐忧和伦理性风险的科学解决与化解,要求超越传统思维,创新监管模式,引入技术赋权理念和技术正当程序,对刑事司法人工智能进行包容性规制,以实现发展与规制的协调.刑事司法保障人权与人工智能以人为本的深度融合形成技术赋权理念,可以为刑事司法人工智能的研发、应用提供理念层面的宏观指引;在传统正当程序基础上发展而来的技术正当程序,可以对刑事司法人工智能应用进行过程规制,以促进司法数据的公开,提升算法的透明度,并推动刑事司法人工智能问责机制的建立.数据驱动下的司法人工智能应用对司法结构和司法治理模式形成冲击,并对司法运行产生重塑效应,逐渐形成人机协同的司法治理新模式.未来应当秉持以人为本、技术赋权理念,重塑人机关系新格局下的价值取向和行为准则,遵循法律公平正义的价值追求,构建人机协同司法治理新格局.",刑事司法;人工智能;技术赋权;技术正当程序;规制,C,0,,法学三大刊论文/中国社会科学/刑事司法人工智能的包容性规制.pdf
963,刑事司法领域的宪法判断与刑法制度文明,周光权[1],,2022,8,4,23,在我国，解释宪法、监督宪法实施的合宪性审查权由全国人大及其常委会行使，但这并不妨碍人民法院在司法过程中作出必要的宪法判断。近年来，最高人民法院在涉及枪支、非法放贷、野生动物刑事保护的多个司法解释中，还进行了合宪性调适，使刑事司法活动更加符合具有宪法位阶的罪刑法定原则、责任主义的要求，也与宪法上的比例原则、平等原则相契合，展示了最高人民法院推动宪法实施的担当。合宪性调适作为合宪性解释的特殊情形，是刑事领域宪法判断的新动向，属于中国式制度文明形成和发展过程中独特的宪法实践，是一个值得肯定的方向，指引了在刑法领域进行宪法判断的方向。未来，应当继续按照合宪性调适的逻辑开展刑事司法活动，在制定或修订司法解释时重视宪法权利规范对刑法解释产生的限制作用；个案裁判应当基于宪法解释刑法，在具有多种解释可能时优先选择与宪法精神最为贴近的方案，在被告人及其辩护人提出违宪疑虑时，司法人员应当尽量作出合宪的解释，使判决结论更加符合宪法精神，从而实现妥当的处罚，助推刑法制度文明。,宪法;合宪性解释;合宪性调适;最高人民法院;刑法制度,C,,,法学三大刊论文/中国社会科学/刑事司法领域的宪法判断与刑法制度文明.pdf
964,刑法解释的价值判断,姜涛[1],,2023,7,138,160,价值判断是刑法解释的最高要求，也是实现刑事司法高质量发展的核心。我国刑法解释中价值判断存在双重困境，规范性刑法解释存在循环论证、说理不足现象，而作为适用性刑法解释主体的法官，则在价值判断上担当不够、能力不足。传统刑法解释学陷入主观、客观的二元对立，与当前我国解释实践上“合法又合理”的目标定位存在裂缝，需要借鉴哲学的理论实现现代转型，在确保主客观性的前提下追求价值判断论证的主体间性。刑法解释借由专业化与公共性论证以实现价值判断的完整性，这涉及刑法解释中价值判断的体系化标准建构和法理遵循，前者要求明确价值判断的内在与外在标准，建构不同标准冲突的解决规则，重视“法外入罪禁止与法外出罪允许”的实践意义；后者涉及逻辑推理与道理论证、积极判断与消极判断、形式理性与实质理性三重视角，并需从规范导向、个案推动、反向排除、宪法引领四个向度展开。,刑法解释;价值判断;刑法法理;主体间性;罪刑法定原则,C,,,法学三大刊论文/中国社会科学/刑法解释的价值判断.pdf
965,制度激励、博弈均衡与社会正义,丁利,中山大学法学院,2016,4,135,158,博弈论描述一个或一束制度下人们的行动决策，以及不同环境中这些行动导致相应的社会结果。把法庭推理与司法调整嵌入社会博弈之中，结合博弈论解理论的方法，原则上可以刻画法律通过不同的激励安排能够实现的行为模式，从而刻画法律能实现的目标。法律与其他社会规范共同为组成社会的所有行为主体提供了制度激励，立法者任何合乎社会正义理念的目标，只有作为他们在社会博弈中的均衡行为的结果，才能得到合理实施。,法律;社会正义;制度激励;博弈均衡,F273.1,34,,法学三大刊论文/中国社会科学/制度激励、博弈均衡与社会正义.pdf
966,包容性法治框架下的社会组织治理,张清;武艳,"扬州大学法学院,扬州225009",2018,6,91,109,基于“包容”的法治理念，拥有有限自主性的社会组织需要嵌入到何种类型或特征的法理框架下，才能实现与政府的协调共治与合作共赢，是须面对并予以理论回应的重要议题。作为包容性和超越性的法治理想，包容性法治不仅与治理理论所蕴含的多中心、多层次的运行机理内在契合，还可以破解社会组织运行过程中规范单一、体制单一、手段单一的结构性瓶颈，包容性法治框架下社会组织治理不仅是一种规范性治理，也是一种参与性治理。包容性法治为研判中国社会组织发展的阻却与愿景及达至路径，提供了现实而可行的治理框架，开辟了社会组织规范治理的新领域。,社会组织;包容性发展;包容性法治;软法;依法自治,D63,0,,法学三大刊论文/中国社会科学/包容性法治框架下的社会组织治理.pdf
967,区域协调发展的国家保障义务,李海平[1],,2022,4,44,63,"区域协调发展的国家保障义务既有宪法指导思想的根本依据,也有贯彻新发展理念国家目标条款和社会主义原则的规范基础.区域协调发展国家保障义务的本质是区域实质平等,属性为客观法义务,内容由目的性义务和手段性义务构成.目的性义务体现为国家对欠发达地区在基本生活保障、基本公共服务、基础设施建设方面的给付;手段性义务体现为区域协调发展国家目标对立法、行政和监督行为的约束.应当根据比例原则和效能原则划定目的性义务的限度.建构区域协调发展法律体系,倾斜配置地方立法权,适度干预地方人才、产业补贴政策,实施多元化综合监督,是手段性义务的主要内容.作为国家目标条款确定的国家义务范例,区域协调发展国家保障义务的基本原理可普遍化为国家目标条款的一般理论.",区域协调发展;国家目标条款;国家义务;共同富裕;实质平等,C,,,法学三大刊论文/中国社会科学/区域协调发展的国家保障义务.pdf
968,原则/例外关系的民法阐释,易军[1],"中国政法大学民商经济法学院,北京100088",2019,9,68,91,"法律与法学的各领域中普遍存在“原则/例外”现象,以体系性为标杆的民法领域尤甚。在规范关联的意义上,原则/例外关系意谓两个或多个有关联的规范中,一为原则规范,一为例外规范。例外规范是对原则规范的背离,其所提供的行为模式与原则规范所提供的行为模式适相对立。原则/例外关系与一般/特别关系应予区隔;其存在形态较为丰富,并为体系关系的重要一环。从逻辑上看,并非原则规范自身,而往往是由原则规范与例外规范的结合,即由两者所组成的事实构成要素之整体,才具有创设法律效果的力量。规范上的原则/例外关系对法律解释、类推适用与举证责任均有显著影响:在法律解释上,例外规范应严格解释;在类推适用上,通说主张例外规范不得类推适用;在举证责任上,大体上可认为,主张原则规范之效果的当事人对原则规范之要件事实承担举证责任,而对原则规范之效果有争执的当事人则对例外规范之要件事实承担举证责任。原则/例外关系的处理为民事立法的重要工作之一,并为民事立法科学性与体系性高低之重要判准,在此方面,我国民事立法还存在很大的改进空间。",原则/例外关系;逻辑构造;区分实益;立法改进,D923,0,,法学三大刊论文/中国社会科学/原则例外关系的民法阐释.pdf
969,反垄断法分析模式的中国选择,叶卫平,"深圳大学法学院,深圳518060",2017,3,96,115,现代反垄断法分析模式是反垄断法适用的核心环节。中国《反垄断法》自2008年实施以来，执法和司法机关在分析模式的适用上存在差异，导致同案不同判等有悖法制统一性的后果。选择恰当的反垄断法分析模式，应兼顾经济分析和法律形式主义两方面的可能贡献，在借鉴国外成熟制度经验的同时，充分考虑当前中国反垄断法制度构成、实施机关能力和经济分析供给状况等约束性条件，确保分析模式选择与经济分析的复杂程度、实施机关的专业水平以及经济活动参与者的守法成本等相互匹配。在制度设计上，应审慎解释立法目的条款，建立适合中国国情的行为类型化处理模式，规范全面分析的分析模式的适用，发挥举证责任分配规则的作用，完善分析模式相关的配套制度并提升公权机关实施法律的能力。,反垄断;反垄断法分析模式;经济分析;法律形式主义;法制统一性,D922.294,32,,法学三大刊论文/中国社会科学/反垄断法分析模式的中国选择.pdf
970,发展型财税法的理念跃迁与制度构造,刘剑文[1];侯卓[2],,2023,5,129,147,发展权包括个体发展权与社会经济发展权，作为新兴领域法的财税法兼顾二者的实现。现代财税法经历着由保障型财税法向发展型财税法的理念跃迁，赋予公共财产权力和纳税人权利两大核心范畴全新内涵，运用积极促进与消极限制两种调整方法。针对个体发展权，财税法以“两权分离”为核心保障个体自由发展的空间，通过法律赋能改善个体发展状况、提高个体发展能力。针对社会经济发展权，财税法对创新发展、协调发展、绿色发展、开放发展与共享发展的实现皆有制度助益。此间，财税法采用直接介入和间接引导两种做法，建立促进社会经济发展的长效制度机制。,新发展理念;财税法;个体发展权;社会经济发展权;公共财产权力,C,,,法学三大刊论文/中国社会科学/发展型财税法的理念跃迁与制度构造.pdf
971,口供治理与中国刑事司法裁判,"李训虎[1,2]","中国政法大学证据科学研究院副教授,北京100088",2015,1,119,137,作为客观现象的口供依赖在中国刑事司法实践中成为诸多问题之源。历次修法虽努力改进，却一直未能走出治理模式固化、治理策略悖反、治理心态矛盾的困境。立足于对口供依赖进行功能分析、文化解释以及现实考量的多维解说，从法官角度展开再阐释，作为身体治理与思想治理媒介的口供，在慰藉心理、规避责任的背后，更重要的功能在于补强刑事裁判合法性。刑事裁判合法性重塑与口供治理的协同推进，将会改变既有治理主体与被治理者的关联方式，对现行封闭式刑事司法治理模式产生冲击，进而促动中国刑事司法治理发生转型。,口供依赖;口供治理;刑事裁判合法性;治理转型,D920.4,58,,法学三大刊论文/中国社会科学/口供治理与中国刑事司法裁判.pdf
972,司法公信力的理性解释与建构,胡铭[1],"浙江大学光华法学院,杭州310008",2015,4,85,106,自媒体时代，公众意见对司法裁判的影响显著提升，呈现出民意左右审判的现象，背后则是司法公信力问题。以影响性诉讼案件为标本，基于理性的解释，可以从表现各异的个案中透示出影响公众对刑事案件评判的核心要素，即以信任、声誉和互动为核心的内在要素，以交易成本为核心的外在要素。通过公众对刑事司法的信任度、美誉度以及互动性的量化评估；比较公众与基层司法官的认识差异，反映出理性选择的背后是违反司法规律导致的司法公信力不彰。当前的司法改革，需要努力弥合这种认识上的差异，坚守法治理念和尊重司法规律，并以此为基础形塑公众与刑事司法的良性关系。,自媒体;刑事司法;司法公信力;理性选择;司法规律,D924,47,,法学三大刊论文/中国社会科学/司法公信力的理性解释与建构.pdf
973,司法公正与同理心正义,杜宴林,"吉林大学理论法学研究中心/司法文明协同创新中心,长春130012",2017,6,102,120,"随着社会诉求的日趋多元化,司法的公正运作遇到较为复杂的困难局面。同理心正义既能最大限度实现个案的正义裁决,又能正确对待普遍性的正义寻求,显现出一种亲社会性的公共理性,可成为这一难题的破解之道。同理心正义既是多元动态的正义,又较好地诠释了正义的对等性和互换性,也展现出了主体间性的互动特质和共鸣效果,还一定程度上荷载了较为丰富的正义德性。同理心正义尽管发端于心灵或情感体验,但完全能够经受住法律科学性的检验。同时,它也并非至善的正义,其操作机制存在一定的缺陷,也会诱发一些不利因素的产生。",个案正义;司法公正;同理心正义;公共理性,D926,150,,法学三大刊论文/中国社会科学/司法公正与同理心正义.pdf
974,司法方法在裁判中的运用——法条至上、原则裁判与后果权衡,任强,"中山大学法学院,广州510275",2017,6,121,142,"法条至上、原则裁判和后果权衡为法官处理不同类型的案件提供了有效的分析工具和裁判方法。法条至上强调法官必须遵守法条的字面含义。法条至上既是现代司法运行的通例,也是法治社会对法官最基本的要求,不按照法条及其字面含义判决仅仅是特例或者例外。但是,当法条缺乏、按照法条的字面含义无法裁判甚至会导致不公正、荒谬的裁判,或者法条冲突无法抉择时,需要求助于内含相关价值判断的法律原则、道德原则和政治原则。在缺乏法条、与上述三种原则没有关系或者关系不密切、法条冲突、原则冲突、利益冲突、违背常识等疑难案件中,需要权衡后果进行裁判。三种司法方法既可以单独使用,也可以综合运用,综合能够增强其裁判的说服力,但无损于司法方法的独立性。不同的司法方法构成了裁判的基础。",司法方法;法条至上;原则裁判;后果权衡,D915.482,78,,法学三大刊论文/中国社会科学/司法方法在裁判中的运用——法条至上、原则裁判与后果权衡.pdf
975,合理怀疑的本土类型与法理建构,栗峥[1],"中国政法大学诉讼法学研究院,北京100088",2019,4,49,74,"怀疑是贯穿刑事诉讼的一种状态与过程。不同的疑点产生不同的疑点效,并聚合形成疑点群。疑点的功能在于对司法证明产生动摇。必须基于中国语境与实践的本土路径,重新诠释合理怀疑这一概念并建构其类型。合理怀疑可区分出四阶形态,其合理性体现为融贯且真实。基于对全国涉及合理怀疑的6692份裁判文书的样本实证分析,从其中的典型错案中可提炼概括出八种中国式模型,形成合理怀疑的八种具体怀疑版本类型。怀疑版本的生成体现出刑事诉讼的一种内在需求,即聚集构成某类整体以产生合力效应,可以将其概括为聚类集成。聚类集成是元素从微观向宏观合成的一种表达。基于聚类集成的主体思路,可以将司法证明划分为微分式证明与积分式证明这两种证明范式。从微分式向积分式的过渡,使得合理怀疑真正实现从微观的流量向宏观的存量的转变。",合理怀疑;怀疑版本;聚类集成;微分式证明;积分式证明,D915.3,0,,法学三大刊论文/中国社会科学/合理怀疑的本土类型与法理建构.pdf
976,唐律说“理”,胡玉鸿[1],,2023,9,61,83,以理证法、以理说法是中国古代法律史、法学史的传统，唐律及其疏议堪称这方面的典范。在《唐律疏议》中，表述原理、道理的“理”字共有144个，成为固定词组者有人理、事理、情理、词理、言理、辞理、理法等。从法律功能而言，唐律以理同、理别、理不相须等分辨不同主体、客体、行为间的异同，以正理与非理、理直与理曲、合理与失理、常理与变理判断当事人的行为是否正当，并以此作为行为危害性轻重的标准。唐律中的理并非法律渊源，而是证成规则正当、理解法律意旨以及指导司法裁判的原理、理据、准据。弘扬唐律法理言说的学术传统，对于中华优秀传统法律文化创造性转化、创新性发展有着重要的理论价值和现实意义。,唐律;唐律疏议;理;法理;法律文化,C,,,法学三大刊论文/中国社会科学/唐律说“理”.pdf
977,商业银行股东加重责任及其制度建构,杨松[1];宋怡林[2],"辽宁大学法学院,沈阳110136",2017,11,53,74,金融实践中民营银行股东自担银行剩余风险，是商业银行股东加重责任的体现。商业银行股东加重责任，是商业银行股东超越传统有限责任边界而承担的法律义务，但并不意味着无限责任，而是银行公司股东有限责任的特例，是对商行为主体加重义务的特定化。赋予商业银行股东加重责任，是银行公司克服固有道德风险、实现自我救助的内在要求，也是维护国家金融安全的一项制度保障。现有立法对银行股东加重责任的规定效力层级较低，可在商业银行法、公司法修改中予以关注，实现金融类公司特别法对一般公司法基本制度的补充和修正。商业银行股东加重责任制度的总体构造思路，可遵循条件、实施和后果的基本构造，重点规定主体制度、义务内容、监管与司法审查等制度内容。,商业银行 股东自担剩余风险加重责任 有限责任 金融安全,D922.291,0,,法学三大刊论文/中国社会科学/商业银行股东加重责任及其制度建构.pdf
978,商法一般条款的类型化适用,杨;峰[1],"南昌大学法学院,南昌330031",2022,2,43,62,"成文法国家为了克服法律的滞后性,在法律中使用了大量的一般条款.但是一般条款的实质内容不确定,在适用时必须对其具体化.一般条款具体化的主要形式是类型化.商法一般条款类型化方法理论主要包括类型化的对象、类型化的标准、类型化的技术和类型化的结果等要素.类型化方法主要包括明确一般条款及其核心含义、寻找与建立典型案例类型、类型化结果的体系化整理、将待决的案件与类型案件进行对比联结、进行价值判断和利益平衡五个步骤.由于商法的独特性,商法一般条款的类型化应结合商法的立法宗旨、基本理念、价值取向进行,在类型化过程中应注重外观主义、参照商事惯例和商事自治规则,强化商法效益优先的原则.商法一般条款类型化的准确性一般取决于对生活经验、审判经验的把握,具有一定的主观性,因此,对商法一般条款的类型化要适当限制.",类型化;商法;一般条款;法律适用;解释论,C,0,,法学三大刊论文/中国社会科学/商法一般条款的类型化适用.pdf
979,商法漏洞的特别法属性及其填补规则,钱玉林[1],"华东政法大学经济法学院,上海200042",2018,12,91,109,"传统上,在处理民法与商法的适用关系时,依""特别法优先""的法律适用原则,商法有特别规定的优先适用,商法未作特别规定的,适用民法的一般规定。这种做法忽略了商法未作特别规定的,尚应区分为""无需作出特别规定""和""应当作出特别规定而未作特别规定""两种情形。对该两种情形的处理有着截然不同的规则。商法无需作出特别规定的情形,适用民法的一般规定;而商法应当作出特别规定而未作特别规定的,则构成商法的漏洞,应以法律漏洞填补的方法予以补充。填补商法漏洞而形成的规范本质上仍属于商事特别法的范畴,如果对商法未作特别规定的情形,不加区分地均适用民法的一般规定,无疑抹杀了商法漏洞的特别法属性,导致特定事项缺失规范的目的性和正当性。我国编纂中的民法典采民商合一体例,虽部分解决了商事特别法的规则,但商法漏洞仍不可避免,而民法总则引入的法律适用条款对解决商法的漏洞尚显制度供给不足,应通过法律解释和完善法律漏洞填补规则的路径,协调好民法和商法漏洞填补的一般性规则。整理商事立法和判例的资料,提出关于商法的解释、商事习惯法的认知以及商法学理的探究等方面的见解,并形成公认的商事法理,是商法学的当代使命。",商法;民法;法律漏洞;法源条款;法学方法论,D923,0,,法学三大刊论文/中国社会科学/商法漏洞的特别法属性及其填补规则.pdf
980,商法的独特性与民法典总则编纂,许中缘;颜克云,"中南大学法学院,长沙410086",2016,12,127,145,在民法中保持商法的独特性，是我国对社会主义法律体系重要组成部分的民法与商法关系所作的一种方案。这一方案反映了民法与商法关系的现实需求，应成为学术共识与立法共识。在民商合一立法模式下，民法典总则成为商事规则的教义法，既确立商事规则的独特性，又保障现行法律的体系化，实现司法的准确适用。德国式民法典总则是对具体民事规则的高度抽象，不适用于民商合一立法模式的中国民法典。民法典总则单独成章或成编规定商事规则会损害民法典的体系性，不具有实践的可操作性。民法典总则对商事规则的容纳应坚持体系性、统摄性、谦抑性原则，摒弃以传统民法审视商事规则而不是从商法独特性确定商事规则的方法。在互联网经济迅速发展、国家提倡“大众创业、万众创新”的背景下，涌现出大量商事主体，民法典为每个人自由与发展提供平等的机会显得愈发重要。建议中国民法典在民法总则中全面融入商事规则，从而实现民商合一的中国特色。,民法典;商法;商事通则;民商合一,D923,80,,法学三大刊论文/中国社会科学/商法的独特性与民法典总则编纂.pdf
981,国家保护视野中的个人信息权利束,王锡锌[1],北京大学法学院北京100871,2021,11,115,134,"个人信息权利束指包括个人信息主体知情、决定、查询、更正、复制、删除等权能在内的一组权利集合.我国民法学界通常将权利束的性质理解为个人自主控制范式下的民事权利,并将其解释为个人信息权的具体权能.这种理解对个人信息权利束的性质和功能存在一定的误读.从权利性质看,个人信息权利束是国家履行积极保护义务、通过制度性保障对个人进行赋权的结果,本质是国家在""保护法""理念下赋予个人的保护手段和工具;从功能上看,个人信息权利束既是个人制衡信息处理者的工具,也是国家对数据处理者的规制策略.从国家保护和规制策略视角理解权利束的性质和功能,有助于更好地建构""保护法"" 理念下公正、透明、理性的数据治理公法秩序,促进数据治理体系的结构优化和能力提升.作为国家规制策略中的工具性权利,个人信息权利束的实践展开,首先需要注重程序正义下个体的知情、参与和双方的交涉促进,同时在分配正义下合理配置个人与信息处理者之间的权利义务,不断发展和提升国家的规制理性.",保护法;国家保护义务;工具性权利;个人信息权利束;规制策略,C,0,,法学三大刊论文/中国社会科学/国家保护视野中的个人信息权利束.pdf
982,国际会计准则的困境与财务报表的改进——马克思虚拟资本理论的视角,"周华[1];戴德明[1];刘俊海[2];叶建明[3,4]","中国人民大学商学院,北京100872",2017,3,4,25,美国次贷危机爆发以来，国际会计准则因具有严重的顺周期效应而备受指责。该准则下的财务报表混合列报会计数据和金融分析数据，导致财务报表的公益作用大为减弱。运用马克思虚拟资本理论的分析说明，公允价值会计和资产减值会计均有弊端。坚持“根据法律事实记账”的原则，采取“历史成本会计＋公允价值披露”的方式，在财务报表中区分法律事实和金融预期，是妥善解决企业财务报表遵循国内法律和兼顾国际趋同这一矛盾的可行之策。,国际会计准则;公允价值;虚拟资本;历史成本;法律事实,F832.4,0,,法学三大刊论文/中国社会科学/国际会计准则的困境与财务报表的改进——马克思虚拟资本理论的视角.pdf
983,国际法治的中国表达,何志鹏,,2015,10,159,169,国际法治的中国表达，即中国如何在国际事务的法治化进程中发表自身的观点、阐述自身的立场、呈现自己的主张、说明自己的实践、显示自身的存在、体现自身的参与。中国对于国际法治的方向与进程的表达是在国际关系中彰显中国观念和立场的重要部分，作为法治中国与国际法治互动的主要连接点，它不仅构成了国际关系与国际法律体系的重要方面，同时也是中国在迈向法治的发展进程中不能回避的问题。国际法治的中国表达与法治中国的世界表达（中国将一个崇尚法治、践行法治的形象展示和传递给全世界）是中国法治主动向国际法治施加影响的两个相互交叉的方面：国际法治的中国表达重在展示中国对于国际法治的态度和行动，法治中国的世界表达虽然也包含一部分涉及中国法治体系的国际法方面（如司法协助），但更主要地强调国内法治的建设，特别是立法、执法、司法等各个方面。,国际法治;中国观;法治化进程;法治中国;国际关系;司法协助;国际事务;法律体系,D921,32,,法学三大刊论文/中国社会科学/国际法治的中国表达.pdf
984,国际法的守正与创新——以全球治理体系变革的规范需求为视角,赵骏,"浙江大学光华法学院,杭州310008",2021,5,26,50,"国际法的理论与实践创新是内在于国际秩序演进史的历史性议题,也是全球治理时代亟待回应的现实性命题.在全球治理视野下,国际法守正与创新呈现出对立统一的辩证关系.国际法创新的起点是守正,即遵从国际法的现代性、崇尚国际法的价值性、遵循国际法的规律性.现阶段国际社会的动态发展促生新的规范需求,从而为国际法的创造性发展创造空间.推动国际法创新符合国际法发展的客观需求,也是我国维护国家利益的可行路径.国际法创新的思维模式应处理好时空联结、新旧传承和内外互动,国际法创新的路径应注重领域与层次的识别、规范模式的选择以及时机和成本的考量等维度.作为新兴大国,中国可在国际法创新中形成规范话语,引领规则创新,直面国际社会新生的规范需求,通过激活规则的有效性推进国际法治深入发展,展示中国的法治成就,通过推动中国国际法的理论和实践创新,为国际法治提供中国立场和方案.",两个大局;国际法治;守正创新;全球治理;规范需求,C,0,,法学三大刊论文/中国社会科学/国际法的守正与创新——以全球治理体系变革的规范需求为视角.pdf
985,国际贸易投资规则的再构建及中国的因应,石静霞[1],"对外经济贸易大学法学院教授,北京100029",2015,9,128,145,国际贸易投资规则的再构建正以前所未有的方式和路径迅速展开，双边、区域和诸边谈判成为新规则形成的重要平台。在实体内容上，新一代规则范围扩大、标准提高，反映了发达国家在全球价值链生产上的新需求。中国在全球经贸治理中应当从被动应对的规则执行者逐步成长为主动参与的规则引领者，积极参与新规则的构建，推动全球贸易投资自由化进程。结合国际经验和国内需求，中国参与规则构建并逐渐发挥引领作用的重要前提有两方面：对内通过实施自贸区战略、统一内外资法律等关键措施进一步深化国内改革；对外积极参与多边与双边、区域和诸边谈判、重视服务贸易和投资规则并密切关注新议题，实现国内法治与国际规则间的良性互动。,贸易投资规则;巨型RTAs;服务贸易;规制合作,F830.59,61,,法学三大刊论文/中国社会科学/国际贸易投资规则的再构建及中国的因应.pdf
986,在新的历史起点上推进中国特色法学体系构建,张文显[1],不详,2019,10,23,42,"在庆祝中华人民共和国成立70周年之际,站在全面建设社会主义现代化强国的历史方位,本文以回观过去、审视当下、面向未来的三重视野,反思中国法学的历史经验,把脉中国法学的时代课题,展望中国法学的发展趋势。",社会主义现代化强国;新的历史起点;历史方位;体系构建;三重视野;中国特色法学;时代课题;发展趋势,D92,0,,法学三大刊论文/中国社会科学/在新的历史起点上推进中国特色法学体系构建.pdf
987,地方政府的价值治理及其制度效能,周尚君,"西南政法大学行政法学院,重庆401120",2021,5,150,168,"凝聚共同的理想信念、价值理念、道德观念是我国国家制度和国家治理体系的显著优势.目前,对地方政府行为动因的既有解释,以""利益—权力""的技术分析代替了对制度的价值研究,无法有效说明地方政府的超经济行为逻辑,难以揭示中国共产党领导下国家治理绩效背后的深层机理和治理体系中的制度伦理.在组织结构上,党政结构中的地方政府、国家行政内的地方行政、中心工作下的价值评价导向,为地方政府的价值治理提供了坚强的组织制度依托.引入历史维度可以发现,地方政府的价值治理任务经历了从""团结目标""到""利益目标"",并迈向""综合目标""的渐变过程.地方政府增长激励是价值目标引领的结果,它将在目标调适中实现优化和转型.面对瞬息万变的风险治理格局,地方政府不仅亟须科学技术赋能,更需进一步优化价值动员机制,从提升组织内聚力出发,在价值目标吸纳、价值治理运作和价值协调反馈等方面加快实现制度升级,实现价值、制度、技术三个层面的治理能力提升.随着""综合目标""的不断丰富,地方政府将随之调适价值目标内涵,在价值吸纳和整合中提升价值体系的社会适应性,从而进一步集聚起价值治理的强大力量和可持续发展能力.",价值治理;组织结构;制度伦理;制度化,C,0,,法学三大刊论文/中国社会科学/地方政府的价值治理及其制度效能.pdf
988,地方法院庭审实质化改革实证研究,左卫民,"国家2011计划“司法文明协同创新中心”、四川大学,成都610207",2018,6,110,133,庭审实质化改革是诉讼制度改革的重要内容。A市两级法院试点改革的实证研究显示，庭审实质化在一定程度上得到增强，但尚未型构出理想的控辩举证与对抗，庭审结构未发生根本性变化，审判与审前的关系和功能并未明显转型，审判中心未能充分确立。这一现象背后既有技术层面的原因，也与改革未触及司法结构层面、配套措施不到位等问题相关。未来改革需要进一步调整思路，强调审判决定性的系统性司法改革，而庭审实质化作为审判中心的一项重要内容，其推行应以争议案件为适用对象，推动关键证人充分出庭且法庭证据尤其口头证据效力优先，解决控辩审三方“法律语言”与出庭人员“生活语言”之间的矛盾，确定以对抗性为主调的可操作方案与具体机制。,以审判为中心;庭审实质化;诉讼制度改革;司法改革;实证研究,D925,0,,法学三大刊论文/中国社会科学/地方法院庭审实质化改革实证研究.pdf
989,基于中国治理实践的行政法学命题转换,石佑启[1],,2023,9,24,45,中国治理实践有其独特的发展规律、价值目标和覆盖场域，其在向不同主体、领域、空间延伸的同时，也促进了行政法制度发展。治理实践与创新为行政法学研究提供了经验素材，催生了行政法学研究的价值取向嬗变，促进了行政法的制度功能调适。对接治理的法治需求，行政法学研究应以制度完善为着力点，应通过推动法治规律与中国国情相结合、治理创新与行政法治相协调、公权力与公民权利相平衡、中国法治与全球法治相统筹实现自身目标优化。循此逻辑，因应治理主要任务变化、治理资源整合、治理范式改造、治理场域拓宽等，通过增强行政法的回应性、包容性、整体性及全球性，探寻行政法学命题转换之主要路径，助推行政法学理论创新。行政法学知识体系构建只有立足于中国治理现代化语境，才能彰显其自主性、创新性、融贯性。,中国治理;行政法学;命题转换;理论创新;知识体系,C,,,法学三大刊论文/中国社会科学/基于中国治理实践的行政法学命题转换.pdf
990,基于规则与事实的司法哲学范畴,孙笑侠,"复旦大学法学院,上海200438",2016,7,126,144,当代中国的司法活动和司法改革，使法院处于多元司法观碰撞的中心，司法实践要求构建中国自己的司法哲学。根据司法规律的要求，应当从规则与事实的逻辑起点上建立司法哲学，司法形式正义与司法实质正义构成司法哲学的基石范畴。根据司法标准、司法主体与司法行为这三个要素，可以发现三对并存的基本范畴，即规则至上与结果导向、职业主体与民主参与、消极克制与积极能动。当前中国司法中存在的法律效果与社会效果的关系、专业权威与人民本位的关系、司法被动与司法能动的关系、司法中立与服务大局的关系、独立司法与监督司法的关系，都与这三对基本范畴密切相关。通过司法哲学的基本范畴审视当前司法实践，有利于解决司法运行中的具体问题，也可为全面推进司法改革作出贡献。,规则;事实;司法哲学;形式正义;实质正义,D926,45,,法学三大刊论文/中国社会科学/基于规则与事实的司法哲学范畴.pdf
991,基本法律概念的构建与诠释——以权利与权力的关系为重心,刘杨[1],"暨南大学知识产权研究院、法学院/知识产权学院,广州510632",2018,9,112,135,"基本法律概念可以经验发现,但需逻辑证成。在中国法学话语体系中,基本法律概念应确定并表述为:权利、义务、无权利、无义务,权力、责任、无权力、无责任;基本法律概念间的关系应明确为:外部否定关系、相关关系、分组关系。基本法律概念的形式化推导,可通过霍菲尔德理论与逻辑方法的融合实现;基本法律概念的实质性构建,需弥补霍菲尔德理论的缺陷,将基本法律概念根植于一定的法律观之上。鉴于法律观与特定类型法律规范的互释性,作为权利组和权力组概念载体的法律规范,可归类为具有法律观意义的两类规则。权利客体理论特别是其中权利可以成为权利客体的现象,为阐释权利与权力的关系奠定了基础。权利与权力具有结构上的嵌套关系、属性上的矛盾关系、功能上的目的手段关系、数量上的等值关系、逻辑上的互为优先关系。作为基本法律概念的中枢,权利—权力的双重构造不仅给权利类型理论、权利概念理论带来启发,也诠释了现代法理学关于法概念、法体系或法秩序的二阶构造的学说,其实践论根据在于它是所有治理共享的微观机制基础。",基本法律概念;权利;权力;法律观;权利客体,D922.181,0,,法学三大刊论文/中国社会科学/基本法律概念的构建与诠释——以权利与权力的关系为重心.pdf
992,多边主义与国际法治,廖凡[1],,2023,8,60,79,国际法是国际社会通用的话语体系，多边主义是对这种通用性的有力支撑。以国际法为基础的国际秩序是真正多边主义的题中应有之义，而所谓“基于规则的国际秩序”很大程度上反映的是一种有选择的多边主义。真正的多边主义是人类文明发展的成果，是对丛林法则、霸权主义、强权政治的超越和革新，开辟了全球治理理论和实践的新境界。应当以真正的多边主义指引国际法治，维护以联合国为核心的开放性多边体系，捍卫国际法的权威性和统一性，在协商合作基础上为国际社会提供更多制度性公共产品，通过改革和完善全球治理推动构建人类命运共同体。,多边主义;国际法治;国际秩序;全球治理;人类命运共同体,C,,,法学三大刊论文/中国社会科学/多边主义与国际法治.pdf
993,多边贸易、市场规则与技术标准定价,马一德[1],"中南财经政法大学,武汉430073",2019,6,106,123,"技术交互利用催生技术标准,技术标准许可贸易是全球多边贸易的重要内容。单边技术标准定价规则引发大量诉讼,使得以技术为生的市场主体疲于应对,无暇升级自身经济结构。技术标准的推行需要公平、合理、无歧视的多边贸易体制。作为技术标准的法律形态,标准必要专利许可费定价规则是多边技术贸易规则体系的核心内容。现有标准必要专利许可费定价规则表明,不同国家基于各自利益,在多边贸易体制外主动或被动制定单边规则,致使技术标准定价规则碎片化。以市场因素整合技术定价规则,重塑多边贸易体制的职能,实现多边贸易规则体系的现代化,增强多边贸易体制对全球价值链的适应性,是解决技术标准定价规则冲突的可行方案。倡导建立以市场为标准必要专利定价规则,使不同层级发展水平的国家能够在多边贸易体制下共享技术革命成果,以此推动全球均衡、包容、普惠发展,为构建人类命运共同体贡献中国智慧和中国方案。",多边贸易;知识产权;技术标准;标准必要专利;市场定价,F744,0,,法学三大刊论文/中国社会科学/多边贸易、市场规则与技术标准定价.pdf
994,大变局背景下的国际商事仲裁：世界潮流与中国因应,刘晓红[1];冯硕[1],"上海政法学院国际法学院(国际仲裁学院),上海201701",2024,12,63,82,在世界百年未有之大变局的背景下，国际商事仲裁体系呈现出此消彼长中的格局变化、技术迭代中的业态调整、文化多样中的制度融合特征。体系变动促使国际商事仲裁制度调适，表现为在维护基本公正的前提下追求效率，在公私利益交融的过程中公共政策限制放松，在基于意思自治的前提下仲裁机构权力崛起。在大变局背景下，中国仲裁制度也迎来改革契机，改革的推进应在全面依法治国的要求下，克服仲裁过度行政化；在市场经济发展的内在需求下，解决仲裁工具化、行政化和地域化等问题；在参与全球治理中对标国际，助力高水平对外开放。在具体改革方略上，应围绕中国式现代化建设目标健全仲裁制度，以包容性立法完善制度体系，以中立性监管保障制度运行，以友好型司法筑牢制度底线。,大变局;涉外法治;国际商事仲裁;仲裁法;中国式现代化,C,,,法学三大刊论文/中国社会科学/大变局背景下的国际商事仲裁：世界潮流与中国因应.pdf
995,大国司法理念与中国国际民事诉讼制度的发展,何其生[1],"北京大学法学院,北京100871",2017,5,123,146,中国国际民事诉讼的发展应当回应对外改革开放的发展变化。作为经济大国，中国需要借助国际民事诉讼制度在全球范围内保护利益；作为法治大国，中国需要提升司法服务水平，增强本国司法制度在全球争议解决市场的吸引力。考虑到司法制度是一国综合竞争力的重要权衡因素，国际民事诉讼制度的全球竞争力应当成为中国司法改革追求的目标之一。为提升、完善国际民事诉讼制度，中国应强调大国司法理念，重视大国司法制度的竞争性、服务性和斗争中的合作性特征，并着重于以下改革：一是规定专门的国际民事管辖权制度，增加竞争性管辖权事项；二是增强中国国际民事诉讼的专业化服务能力，突出当事人权利保护的便利，在商事领域注重审判机构的专业化；三是加强国际司法合作，推进中国判决的全球化流动。,大国司法理念;国际民事诉讼;全球竞争力;判决的承认和执行,D997.3,99,,法学三大刊论文/中国社会科学/大国司法理念与中国国际民事诉讼制度的发展.pdf
996,宋代女性的土地权利保护,柴荣[1],,2022,7,187,203,宋代女性土地权利主要来源于赠予或继承，宋代对女性土地权利的保护秉持重视实际效果的整体性法律理论，女性的土地权利在立法和司法层面都得到一定体现和保障。为了追求仁政、维护孝道，裁判者常常会突破律典规范的限制，对女性土地权利有诸多保护性体系化司法解释。宋代女性土地权利之所以能得到法律保护，主要在于其特殊的社会语境：家庭、劳动地位提高扩大了女性实际权利，孝道提升了女性尊长的法律地位，理学尚未对女性土地权利产生实际约束力。借鉴宋代女性土地权利保护整体性法律理论及体系化司法解释方法，有利于从中国传统法文化中汲取给养，完善当下女性土地权利保护法律机制。,宋代;女性土地权利;整体性法律理论,C,,,法学三大刊论文/中国社会科学/宋代女性的土地权利保护.pdf
997,宪法框架下的协商民主及其法治化路径,马一德,"中南财经政法大学法学院教授,武汉430073",2016,9,146,163,中国国家治理的逻辑链条表现为：执政党——政协——人大——人民。执政党——政协，是以人民政协为载体的政治协商；执政党——政协一一人大，是基于政治协商获得现实合法性的党的主张通过人大制度转为国家意志的过程；人大——人民，是双向的选举与依法治国；执政党——人民，是实质为社会协商的党的群众路线的展现。协商民主主要包含“执政党——政协”中的政治协商，以及“执政党——人民”的社会协商，二者经由人大制度加以勾连。这在逻辑上决定了党的领导、协商民主与人大代议民主的内在关联，形塑了协商民主制度化的路径，即在民主决策过程中，塑造“政治协商——立法协商——社会协商”的制度循环，以此指引现实制度的发展。,宪法;法治;国家治理;协商民主;人民代表大会制度,D082,36,,法学三大刊论文/中国社会科学/宪法框架下的协商民主及其法治化路径.pdf
998,家庭财产功能主义的法律范式,赵玉[1],,2022,8,88,108,新时代背景下，我国家庭财产多元化功能凸显，为衔接家庭法与财产法，建构家庭财产法的统一理念及解释论规则，需要家庭功能主义的方法支持。根据家庭财产的功能及其适用场域，可将家庭财产分为家庭生活财产、家庭经营财产以及家庭财产清算三种法律范式进行阐释。家庭生活财产的法律范式，应有助于提升家庭凝聚力，形成和谐家风的正向激励，通过日常家事代理制度的创新、家庭生活财产的契约自由限制、家庭成员之间赠与的法律行为障碍理论引入，使技术中立的财产法服务于家庭法的伦理价值。家庭经营财产的法律范式，应有助于家庭财产的稳定与经营秩序的顺畅，通过家庭财产的默示委托理论与经营主体的独立经营原则、经营财产的外观公示、家庭财产共有人的全面救济机制、经营性债务与家庭财产的区隔，实现家庭与市场的衔接和平衡。家庭财产清算的法律范式，应有助于实现社会财富分配的实质公正，穿透夫妻财产分割表象，考虑老年人与未成年人对家庭财产的依赖，保障家庭社会功能的持续平稳。家庭财产的享用、行使、处分饱含着爱、关怀和责任，基于家庭财产功能差异形成的不同法律范式，对应的是人的不同精神层面。,家庭财产;夫妻共同财产;家庭成员;婚姻家庭;民法典,C,,,法学三大刊论文/中国社会科学/家庭财产功能主义的法律范式.pdf
999,我国劳动关系法律调整模式的转变,谢增毅,"中国社会科学院法学研究所,北京100720",2017,2,123,143,我国劳动关系的法律调整实行的是单一调整模式，劳动法对所有劳动者实行“一体适用、同等对待”，这种模式产生了诸多问题。现实中，由于用工形式不断发展以及劳动者“从属性”的弹性，雇员类型表现出多样性，除了典型雇员，还存在从属性较弱的“类似雇员的人”以及其他特殊雇员。为此，应更新劳动法的立法理念，在坚持劳动者是弱势群体的前提下，根据具体场景，考察不同类型雇员的差异，进行相应的规则设计。在立法技术上，应打破传统的针对所有劳动者的综合立法模式，向针对特定类型主体和特定事项的专门立法模式转变，劳动关系法律调整模式实现分类调整和区别对待。,劳动关系;劳动者;法律调整;类似雇员的人;特殊雇员,D922.5,71,,法学三大刊论文/中国社会科学/我国劳动关系法律调整模式的转变.pdf
1000,授权资本制的中国运行机理,傅穹[1],,2024,6,58,79,从认缴制到授权资本制，是我国公司资本制度改革的重大理论飞跃，标志着股份有限公司融资法治现代化时代的来临。授权资本制的关注重心在于公司融资自主权与新旧股东利益平衡。公司章程或股东会授权董事会发行股份，既方便公司设立，又重塑公司融资治理的权力分工，突出董事会的决策者地位。授权资本制与类别股、实缴制相结合，既满足不同偏好的投资者需求，打开公司与股东间的新型资本类交易通道，又减少公司注册资本虚化等问题。对于新旧股东的利益平衡与救济之道，在股东优先认购权章程选入模式下，须以强化董事受信义务作为支撑，辅以新股发行主要目的审查与瑕疵之诉的司法救济。,授权资本制;股份有限公司;董事会决策;类别股份,C,,,法学三大刊论文/中国社会科学/授权资本制的中国运行机理.pdf
1001,推进农地三权分置经营模式的立法研究,孙宪忠,"中国社会科学院法学研究所,北京100727",2016,7,145,163,中共十八届三中全会决定要在我国农村推行“三权分置”的经营模式。试验区的经验证明，“三权分置”不但具有建立规模化农业、绿色农业、科技农业和提升我国农业产业地位的优势，而且还有保障农民收入、改善农村以及农业生态，从而解决困扰多年的“三农问题”的优势。但是在我们进行相关问题的调研时，却发现我国相关立法并不能对“三权分置”提供有力的支持和制度保障。现在特别需要创新设置物权性质的土地经营权。报告的事实依据是笔者多年跟踪研究农村土地权利发展状况的调查。调查已经持续多年，主要采取走访田间地头、百姓人家的方式，所以只有现场笔记而没有发放调查问卷。文章的着眼点是立法研究报告，报告结语部分指出，只有准确理解中央关于“长久不变”的精神，才能够为三权分置建立坚实的理论基础和配套制度。,三权分置;土地经营权用益物权;自物权,F301,3,,法学三大刊论文/中国社会科学/推进农地三权分置经营模式的立法研究.pdf
1002,政府治理中社会整体利益的法治实现,冯辉[1],"对外经济贸易大学法学院,北京100029",2024,8,40,61,社会整体利益是全体社会成员的共同利益，中国的政府治理以实现社会整体利益为重要目标，法治是这一实现过程的保障。政府治理的组织、职能和规范体系为实现社会整体利益塑造了主体、行为和规则基础。应在党的领导下，坚持形式法治和实质法治建设并重，以社会整体利益最大化、平衡协调和实质公平为理念，形成对政府治理的有效激励、及时纠错和科学问责；以治理分权、治理竞争、公私融合为核心完善政府治理的组织基础，以利益平衡、精准治理和公共产品供给为核心完善政府治理的具体职能，深化政府治理决策的合理性审查与后评估；完善政府治理的公共实施机制和私人实施机制。,社会整体利益;国家治理;政府治理;形式法治;实质法治,C,,,法学三大刊论文/中国社会科学/政府治理中社会整体利益的法治实现.pdf
1003,政法范畴的本体论诠释,黄文艺[1],"中国人民大学法学院,北京100872",2022,2,63,82,"政法范畴是中国政治分类学的智识性产物,是中华法律文明传统的标识性范畴,蕴含着一整套独具特色的治理哲学.从古代""政刑"" 到现代""政法"",政法范畴先后融汇了古典礼法哲学、近现代世界法治思潮、马克思主义法治理论之精髓,逐步具象化为一个有独特组织体系、规则体系、话语体系的权力场域.作为良政范畴的政法,包含了一系列有关如何运用法治治国安邦的深邃思想,开释出了法安天下、奉法强国、法顺民心、法乃公器的良政愿景.作为善治范畴的政法,积淀了一系列有关如何处理法治和其他治道关系的深刻智慧,展现出了法治和其他治道分工协作、互济互补、相融相合的善治模式.",政法;政刑;礼法;法治;良政;善治,C,0,,法学三大刊论文/中国社会科学/政法范畴的本体论诠释.pdf
1004,数字化背景下刑事诉讼权利结构的优化,郑曦[1],"北京外国语大学法学院,北京100089",2024,7,144,164,数字化背景下，刑事诉讼权利结构的优化对刑事司法公平正义和人权保障目标的实现有重要意义。在微观结构层面，应对刑事诉讼权利的要素和要件做契合数字化要求的更新。在宏观结构层面，可以在横向上对刑事诉讼权利做程序处分权、程序进行权和程序保障权的类型划分；在纵向上根据利益要素将刑事诉讼权利划分为四个层级。对刑事诉讼权利结构的优化可以在规范层面予以呈现，将现行《刑事诉讼法》已规定的权利予以合理定位，亦为未来新兴权利的引入提供指引。,刑事诉讼权利;权利结构;微观结构;宏观结构;数字化,C,,,法学三大刊论文/中国社会科学/数字化背景下刑事诉讼权利结构的优化.pdf
1005,数字平台的反垄断监管,孙晋,"武汉大学法学院,武汉430072",2021,5,101,127,"数字平台的动态竞争、跨界经营、网络效应、寡头竞争等特征,使得垄断问题严重且复杂,破坏竞争,损害消费者利益,抑制创新活力,阻碍高质量发展,需要加强反垄断监管.传统监管""一管就死一放就乱""的治乱循环是我国市场监管的痼疾,平台反垄断监管需要避免这一监管悖论.数字平台的双边性市场、动态性竞争和颠覆性创新也需要适配的反垄断监管理论创新——秉持谦抑性理念确立积极的包容审慎监管原则.当下语境的强化监管,并非片面强调从严监管加重责罚,重点在于监管转型,实质在于监管创新,旨在通过监管转型和创新切实改进监管.良法乃善治前提,需要与时俱进加快修订《反垄断法》并配套相关规定渐进健全数字竞争规则,为监管提供高质量制度供给;依据良法积极推进高效的包容审慎监管、公平公正监管、协同整体监管、激励性监管、信用监管和智慧监管,技术赋能监管,是实现平台反垄断监管的善治之道.",数字平台;反垄断监管;谦抑性理念;积极的包容审慎监管原则;数字竞争规则,C,0,,法学三大刊论文/中国社会科学/数字平台的反垄断监管.pdf
1006,数字时代劳动关系概念及认定规范的中国表达,谢增毅[1],"中国社会科学院法学研究所,北京100720",2024,10,162,185,为克服现有劳动关系概念和认定规则的缺陷，应对平台用工兴起的规则需求，矫正司法实践存在的偏差，我国有必要通过立法对劳动关系概念及其认定方法进行规定。劳动关系的本质属性依然是从属性，核心是人格从属性。从属性可从人格从属性、经济从属性和组织从属性三个角度加以考察，但三个从属性互有交叉，并非泾渭分明。劳动关系概念及其认定的规则体系建构应充分考虑数字时代的特点，规范表达应包含立法和行政意见或司法解释等不同层面的多种形式，在规则的确定性、稳定性和灵活性之间寻求平衡。在规则建构中应积极借鉴域外有益经验，并充分利用本土已有规则和实务资源。在劳动关系认定上，应把握从属性的合理程度，并对劳动者是否具有劳动自主性进行实质判断。,劳动关系;劳动者;平台用工;从属性,C,,,法学三大刊论文/中国社会科学/数字时代劳动关系概念及认定规范的中国表达.pdf
1007,数据的法律属性及其民法定位,梅夏英,"对外经济贸易大学法学院教授,北京100029",2016,9,164,183,计算机数据是不是财产以及其与民法客体的关系问题在民法理论上缺乏基础性研究，既有的网络民事纠纷裁判及理论研究倾向于单独将数据进行客体化和财产化的处理。数据没有特定性、独立性，亦不属于无形物，不能归入表彰民事权利的客体；数据无独立经济价值，其交易性受制于信息的内容，且其价值实现依赖于数据安全和自我控制保护，因此也不宜将其独立视作财产。基于数据的非客体性，大数据交易的合同性质宜界定为数据服务合同；基于主体不确定、外部性问题和垄断性的缺乏，数据权利化也难以实现。数据具有工具中立性的本质特征，法律能够对其实现的规制功能有限。网络民事纠纷可以区分为工具性和虚拟性两类，分别适用一般侵权救济和违反保护他人法律的侵权救济。,数据;法律属性;财产;客体,D922.16,48,,法学三大刊论文/中国社会科学/数据的法律属性及其民法定位.pdf
1008,新时代中国法治建设的基本问题,王利明,不详,2018,1,45,54,"中国已经进入中国特色社会主义新时代,社会主要矛盾转化为人民日益增长的美好生活需要和不平衡不充分的发展之间的矛盾.党的十九大报告明确提出,全面依法治国是中国特色社会主义的本质要求和重要保障,这是新时代对于法治认识的进一步深化.在法治层面,社会主要矛盾体现为人民群众对法治建设的期待与法治建设发展尚不平衡不充分的现状存在一定的差距.现阶段,",中国特色社会主义;法治建设;社会主义的本质;社会主要矛盾;矛盾转化;人民群众;生活需要;不平衡,D616,0,,法学三大刊论文/中国社会科学/新时代中国法治建设的基本问题.pdf
1009,新税制改革与创新驱动发展战略,许多奇[1],"上海交通大学凯原法学院,上海200030",2018,3,123,145,"新一轮税制改革是在国家创新驱动发展战略的大背景下展开和推进的。国家创新驱动发展战略是新税制改革的旗帜和航标,新税制改革必须顺应它的方向与要求,协同发力,确保创新源泉充分涌流。落实税收优惠法定是新税制改革服务创新驱动发展战略的落地抓手。将每年税收优惠以税式支出专项列入年度财政预决算,是克服我国税收优惠种种弊端的积极措施。它不仅是统一税收优惠政策法规之稳定性与变动性的办法,更是最大限度地实现法律保留,将税收优惠法定落到实处的良策。优化税制结构是新税制改革服务创新驱动发展战略的主战场。优化税制结构需要通过深入进行税收制度改革来实现。通过一系列税收制度创新从税收体制机制上为创新驱动发展战略的实施建立起一个良好的税收生态系统,形成税收制度创新与科技创新的“双轮驱动”。",税制改革;创新驱动;税收优惠;税制结构;税式支出,F812.422,0,,法学三大刊论文/中国社会科学/新税制改革与创新驱动发展战略.pdf
1010,智慧社会建设中的“众创”式制度变革——基于“网约车”合法化进程的法理学分析,马长山[1],"华东政法大学,上海200042",2019,4,75,97,"网约车、短租平台等智能互联网新业态,在展现共享经济与智慧社会建设成就的同时,也开启了前所未有的“众创”式制度变革与创新模式。它包括植入嫁接的法律变革方式、众创试验的规则生产路径、技术正当性的诉求策略,以及双向构建的秩序结构。这就需要按照新时代的战略要求,确立“共建共治共享”的治理理念,秉持包容普惠的基本原则,采取同步分享、增量赋权的制度变革策略。同时,也需要政府基于公益立场,对各种“互联网+”新业态、智慧经济新模式进行有效规制,从而抑制资本垄断和限制私人偏好,促进多元平衡、保障民生权益和维护社会公平。",网约车;智慧社会;制度创新;共建共治共享;治理法治化,F121,0,,法学三大刊论文/中国社会科学/智慧社会建设中的“众创”式制度变革——基于“网约车”合法化进程的法理学分析.pdf
1011,构建新时代法学学科体系,马怀德[1],"中国政法大学,北京100088",2025,6,74,90,构建新时代法学学科体系是中国法学“三大体系”建设的基础性工程。七十余年的中国法学学科发展史经历了“起步探索—体系搭建—特色构建”三个时期，初步形成门类较齐全、分工较合理的学科体系。法学是一门兼具政治性和实践性的学科。传统学科设置科学性不足、社会主要矛盾和国家任务的转轨，迫切需要研究学科设置的科学性，把握其中的规律，加快构建新时代法学学科体系。整体而言，法学门类下一级学科、二级学科的设置需要综合考虑研究对象、理论知识体系、研究方法和学科组织形态等因素。在法学学科体系构建的具体路径上，应当坚持以习近平法治思想为指引，把握自信自立、守正创新、问题导向和系统观念的立场方法，采用推进学科专业调整、促进新兴学科发展、强化学科交叉融合、完善涉外法学学科建设的路径，促进新时代法学学科体系、学术体系、话语体系深度联动和一体建设，加快形成中国特色、世界一流的法学学科体系。,新时代;法学学科体系;习近平法治思想;学科集群,C,,,法学三大刊论文/中国社会科学/构建新时代法学学科体系.pdf
1012,标表型人格权的构造与人格权商品化批判,房绍坤[1];曹相见[2],"吉林大学法学院,长春130012",2018,7,139,162,"人格权商品化理论以标表型人格权为对象,但后者存在着人格标识的决定、变更权能（内在属性）与使用权能（外在属性）两个矛盾的基本属性以及人格标识与主体有稳定联系的特性。历史地看,基于不同权能与权利对象的组合关系,标表型人格权存在三种不同的结构：早期立法以人格标识的使用为权能、人格标识为权利对象,忽视了人格标识的形成自由;当前通说增加了人格标识的决定、变更权能,但仍以人格标识为权利对象,导致了人格权的性质矛盾;理想结构应以人格标识的决定、变更为权能,人格标识的形成自由为权利对象,排除人格标识的使用权能,切割人格标识冒用与盗用的私法效果。人格标识使用权源自人格的促销价值,是含有人格利益的特殊财产权,立法上应采有别于美国法的二元保护模式,使其依托于人格权的规范体系中。",标表型人格权;人格权商品化;权利构造;保护模式,D913,0,,法学三大刊论文/中国社会科学/标表型人格权的构造与人格权商品化批判.pdf
1013,欧洲中世纪教会经济立法及其伦理,赵立行,"复旦大学法学院,上海200438",2018,2,184,203,中世纪基督教会通过大公会议颁布过大量有关经济的法律，这些法律以保护教会财产为中心，约束教职人员的经济行为并调整教会和世俗的经济关系。由于教会法的独特特征，它以神罚和世俗罚的双重惩戒来落实法律。教会的经济立法行为具有很强的功利性和现实目的性，即如何最大限度地保护教会的财产不受侵害，而并非仅仅为了伸张神学伦理。神学伦理一方面为教会立法的正当性提供了理论支撑，另一方面则扩张了教会法的法律效力和管辖范围，使教会经济立法突破自身限制，对教俗两界产生了广泛影响。,中世纪;教会;经济立法;大公会议;神学伦理,D922.29,0,,法学三大刊论文/中国社会科学/欧洲中世纪教会经济立法及其伦理.pdf
1014,比例原则适用的范式转型,蒋红珍,"上海交通大学凯原法学院,上海200030",2021,4,106,127,"比例原则正在经历某种范式转型.在辐射范围上,比例原则实现从国别、区域到全球的地域性影响,完成从公法、私法到其他部门法的渗透;在功能定位上,比例原则保留传统权利保障功能的基本定位,同时拓展到权力配置功能的复合形态;在适用形态上,比例原则作为法律原则的规范性命题伴随司法适用的推进得以进一步彰显,并且开始作为方法论成为""目标—手段""理性构建的基准.之所以呈现这些范式转型,除了比例原则自身的内涵和特质,离不开代际更迭中的法治观转型和全球化影响.需要认真探索比例原则范式转型的本土化实现路径,基本立场是突破公法适用的藩篱,遵循""统而分殊""的路径.""统""的立论基础是探索""无部门法差别""意义上的比例原则范式转型路径,""殊""则是探讨其在具体学科领域适用中的特殊性.",比例原则;范式转型;法律原则;法律方法论;司法适用,C,0,,法学三大刊论文/中国社会科学/比例原则适用的范式转型.pdf
1015,民事法律的正当溯及既往问题,房绍坤;张洪波,"烟台大学法学院,烟台264005",2015,5,106,124,溯及既往的民事法律侵害个人自由，使人不能依据法律而行动，损害了法律的权威且近乎于人治，为现代法治国家所禁止；判断民事法律是否溯及既往，不能单纯以既得权受损害作为标准，也不能将法律对权利的限制纳入其中，其判断标准应当是行为和自然事实；民事法律在例外下可以溯及既往，对当事人有利的、矫治型的、以公共秩序和善良风俗为内容的民事法律也可以溯及既往；新创民事法律、未生效民事法律、援引规范与司法解释是否发生溯及既往问题需要区分情况认定。,民事法律;溯及既往;个人自由;权利限制;公共秩序,D923,49,,法学三大刊论文/中国社会科学/民事法律的正当溯及既往问题.pdf
1016,治国之法中的国际法：中国主张和制度实践,古祖雪,,2015,10,147,158,“依法治国”中的“法”是否包括国际法？或者，国际法是否是治国之法？这是法学界，特别是国际法学界讨论的热门话题，也是当前法治中国建设实践中的重大理论问题。在全面推进依法治国的进程中，对这个问题作出肯定的法理回答和适当的制度安排，不仅有利于提升中国在国际法治中的话语权和影响力，也是建设社会主义法治体系的题中应有之义。,国际法治;法治中国;治国之法;制度安排;实践;主张;依法治国;法治体系,D921,18,,法学三大刊论文/中国社会科学/治国之法中的国际法：中国主张和制度实践.pdf
1017,治国理政的法治理念和法治思维,张文显,,2017,4,40,66,党的十一届三中全会以来，我们党始终重视法治建设，把依法治国确定为党领导人民治理国家的基本方略，把依法执政确定为党治国理政的基本方式，并在实践的基础上初步形成了中国特色社会主义法治理论。党的十八大以来，以习近平同志为核心的党中央在全面推进依法治国、加快建设中国特色社会主义法治体系和社会主义法治国家的伟大实践中，创造性地发展了中国特色社会主义法治理论，创立了具有鲜明时代特征、理论风格和实践特色的关于法治的思想，,法治思维;法治理念;治国理政;建设中国特色社会主义;社会主义法治国家;十一届三中全会以来;依法治国;法治理论,D920.0,86,,法学三大刊论文/中国社会科学/治国理政的法治理念和法治思维.pdf
1018,法律行为的内在正义与外在正义,杨代雄[1],,2024,5,105,122,正义理论需要超越分配正义与矫正正义的二分结构，并在一般层面上重构体系和在特别领域予以具体化或者再体系化。就法律行为领域的正义理论而言，须区分内在正义与外在正义。内在正义实现的基本路径是消极自由保护，辅助路径是积极自由保护、信赖保护、公平原则与诚信原则。以矫正正义为理论基础的原因概念无助于实现法律行为内在正义，其对法律行为效力的解释力不如意思表示理论。分配正义在法律行为制度中虽有一席之地，但可被法律行为内在正义中的积极自由保护吸收。法律行为外在正义即以安全、公共秩序、善良风俗等价值为内容的法秩序总体正义。着眼于法律行为的根本属性，内在正义优先于外在正义，所以外在正义规范载体介入法律行为时须持谦抑立场，非必要不得否定法律行为的效力。,法律行为;法律行为的效力;内在正义;外在正义;正义理论,C,,,法学三大刊论文/中国社会科学/法律行为的内在正义与外在正义.pdf
1020,法治视野下的司法预算模式建构,朱大旗;李帅,"中国人民大学法学院,北京100872",2016,10,116,133,"司法预算属于财政法学与司法制度研究的交叉领域,司法预算的设置应当同时满足财政法治的理念与司法规律的需求。目前我国司法预算内嵌于行政预算中,这样的预算体系设置使政府掌握了司法财权进而诱发司法权地方化之弊端。为了使司法财权与司法事权相匹配,同时使司法权去地方化,我国应当以公共预算的概念代替目前使用的广义政府预算概念,使司法预算与行政预算在公共预算这一上位概念之下相对独立,同时将司法预算设置为中央与省级两个层级,司法经费的支出应满足司法事权之需求,且经费的保障应向基层人民法院适当倾斜。",财政法治;司法预算;公共预算;司法事权,D926.2,48,,法学三大刊论文/中国社会科学/法治视野下的司法预算模式建构.pdf
1021,法治：中国与世界——国际法治与中国法治建设,曾令良,,2015,10,134,146,编者按：十八届四中全会决定，要积极参与国际规则制定，推动依法处理涉外经济、社会事务，增强我国在国际法律事务中的话语权和影响力。改革开放以来，中国的经济发展取得了令人瞩目的伟大成就，中国国际地位曰益提高。同时，我们所处的这个世界也在发生深刻变化。中国如何适应既有国际规则，如何在维护自身利益的同时参与国际规则的制定，以及如何处理好国际法治与国内法治的关系，进而为世界的和平发展做贡献，是在新时期必须要认真对待的重大课题。2015年1月，中国社会科学杂志社与中国人民大学共同主办了以“理论建构与现实回应：法治中国视野下的法学研究”为主题的首届法学前沿论坛，我们选择了三篇国际法论文，讨论上述问题。,国际法治;中国视野;法治建设;世界;中国人民大学;中国社会科学;国际规则;法学研究,F752,27,,法学三大刊论文/中国社会科学/法治：中国与世界——国际法治与中国法治建设.pdf
1022,法益保护与比例原则,张明楷,"清华大学法学院,北京100084",2017,7,88,108,法益保护原则一直是刑事立法的基本指导原理。近年来，有学者主张以比例原则替代法益保护原则。但是，比例原则并无超越法益保护原则的内容；而且，比例原则缺乏目的正当性的审查，其标准也不明确；近年来刑事立法中出现的法益概念的抽象化、处罚的早期化以及重罚化现象，并不意味着法益保护原则面临危机，相反说明需要发挥法益概念的批判性机能。当然，比例原则对于贯彻法益保护原则具有方法论的意义。将比例原则引入刑法领域补充法益保护原则时，应当避免简单的话语转换与机械的套用。刑事立法的审查应当按五个步骤展开：（1）目的是否具有合理性？（2）刑罚是不是达到合理目的的有效手段？（3）是否存在替代刑罚的手段？（4）利用刑罚保护法益的同时可能造成何种损害？（5）对相应的犯罪应当规．定何种刑罚？,法益保护;比例原则;刑事立法;审查步骤,D914,77,,法学三大刊论文/中国社会科学/法益保护与比例原则.pdf
1023,法益修复与功能违法论,杜宇[1],,2024,3,67,86,法益修复在刑法体系上应如何定位？其背后隐含着难得的理论创生契机，即将法益修复置入违法评价之中，由此推动违法论的功能化转向。在功能违法论的构造中，违法性由应罚的违法性与需罚的违法性两个层面组成。前者立足于违法宣告的正当性，后者则着眼于违法宣告的现实必要性。两者在审查内容、检验顺序、评价方向等方面具有明显差异，存在着一种既相互补充亦相互限制的协动关系。功能违法论的提出，不但使功能化思考得以体系性贯穿，而且使不同维度的功能化评价得以清晰分离，并与犯罪论阶层妥当配合。,法益修复;功能违法论;功能责任论;应罚的违法性;需罚的违法性,C,,,法学三大刊论文/中国社会科学/法益修复与功能违法论.pdf
1024,海洋法权论,杨华,不详,2017,9,163,183,海洋法权是国际海洋法主体在其主权范围内及国际公共海域依据国内立法、国际公约或国际惯例，享有的开发利用海洋的权利并承担保护海洋和尊重他国权益的义务。海洋法权论以构建和平与安全、自由与公平、符合全人类共同利益的国际海洋秩序为宗旨，是规范各国海洋权利和权力，调整各国海洋利益冲突，协调各国海洋利益需求，平衡国家之间海洋权力与权利关系的理论。我国应在总结海洋法权实践经验的基础上，构建现代海洋法权理论体系。以海洋法权理论为前提优化海洋争议处理模式、以海洋法权理论为基础完善中国海洋立法、以海洋法权理论为导向发挥软法作用、以海洋法权为纽带取得国际组织支持、以海洋法权理论为框架参与国际海洋法律制度创建，在国际海洋法律秩序构建中树立话语权和主导权。,海权 法权 海洋霸权 海洋法权,D993.5,0,,法学三大刊论文/中国社会科学/海洋法权论.pdf
1025,犯罪化与惩罚体系的完善,时延安,"中国人民大学法学院,北京100059",2018,10,102,125,惩罚体系是一国法制的重要组成部分，其构建和完善应从基本政治制度、社会发展状况和现实治理需要进行综合考量。犯罪化与惩罚体系的调整是“一体两面”的关系，犯罪化路径的选择一定意义上就是对惩罚体系的优化方案。现有惩罚体系有其合理性、现实性和历史继承性，应在维持其基本框架的前提下，遵循法治精神，兼顾人权保障的公正价值和社会治理的效率价值，对这一惩罚体系进行调整，即取消治安管理处罚法等行政法律中的行政拘留，并对这些法律的惩罚类型进行优化，将以剥夺自由为内容的惩罚类型全部纳入刑法。以应否剥夺自由作为区分刑法与规定有惩罚内容的行政法各自调整范围的标准，其理由在于，剥夺自由的惩罚带有一般性的社会排斥效果，即由此形成个人与社会共同体的相对隔离。由此以刑罚可罚性判断作为刑法调整范围应然界限的主要根据，进而寻求一条合理均衡的犯罪化路径，形成合理公正的惩罚体系。,惩罚体系;犯罪化;剥夺自由;刑罚排斥,D914,0,,法学三大刊论文/中国社会科学/犯罪化与惩罚体系的完善.pdf
1026,犯罪统计与犯罪治理的优化,卢建平[1],"北京师范大学法学院,北京100875",2021,10,105,125,"完善犯罪治理体系、提升犯罪治理效能,是推进国家治理体系和治理能力现代化的重要方面.犯罪统计数据既是犯罪治理的成果展现,是观察测量犯罪现象的重要工具方法,又是评判犯罪治理绩效的基本依据.通过对新中国成立以来的犯罪数据进行统计分析发现,我国的犯罪现象在内部结构上正呈现""双降""与""双升""的趋势,犯罪治理的绩效相当好.在大数据时代,因应国家治理和犯罪治理的要求,犯罪统计应基于法治主义改进其统计指标体系,基于数据互联的要求改进统计组织体系,基于数据共享的原则改进其发布和应用制度.置身于国家治理体系和治理能力现代化语境中的犯罪治理,是系统作用于犯罪现象的科学之道.以循数治理为切入,优化犯罪治理的战略目标和政策立法,准确定位治理对象,合理配置治理资源,科学评价治理绩效,充分运用科技手段,显著提升治理效能,是新时代犯罪治理现代化的必由之路.将数字、数据、大数据运用于犯罪治理,可以促进犯罪学与刑事政策学、刑法学、大数据、人工智能等的深度融合,促进犯罪学、刑事政策学、刑法学由""事实学""""决策学""""规范学""共同向""犯罪治理学""转型.",犯罪统计;犯罪治理;大数据;国家治理;国家治理现代化,D917,0,,法学三大刊论文/中国社会科学/犯罪统计与犯罪治理的优化.pdf
1027,环境法体系化中的我国保护地体系,杜群[1],"北京航空航天大学法学院,北京100191",2022,2,123,140,"中国保护地体系是生态文明建设在自然保护领域的重要成果,法典化背景下的环境法体系化发展应予回应.我国保护地体系在实践上形成了以自然保护地体系为本体、""自然生态空间格局下的生态保护红线体系""为基础的双重规制结构.自然保护地体系、自然生态空间和生态保护红线有着共同的法治逻辑特征,环境法体系应当对其进行一体化的法律调整,基本路径是开展保护自然原真性、维护空间正义的""实证自然保护法""的新法域建设.调整保护地体系的""实证自然保护法""对环境法体系化的贡献还在于基于法律调整社会劳动行为及其目的的法治逻辑分析方法,可通约应用于环境法体系基本法域构建,并为环境法体系中的""实证生态保护法""的二次调整法定位提供法理解释.",我国保护地体系;环境法体系;环境法法典化;实证自然保护法;实证生态保护法,C,0,,法学三大刊论文/中国社会科学/环境法体系化中的我国保护地体系.pdf
1028,现代化中华法治文明及其世界意义,李林[1],,2022,12,59,69,当代中国法治文明建设开辟了一条中国式现代化法治发展的新道路。在探索和发展现代化中华法治文明的历程中，我们积累了极为宝贵的经验，主要包括：从中国国情和实际出发，赋予传统中华法治文明时代化现代化新内涵，坚持现代化中华法治文明新道路和新体系，构建现代化中华法治文明新格局和新形态，为加快建设良法善治现代化的社会主义法治国家提供法理支撑，为推动世界法治文明发展进步提供中国方案、贡献中国力量。,现代化;中华法系;中华法治文明;法治体系;法治道路,C,,,法学三大刊论文/中国社会科学/现代化中华法治文明及其世界意义.pdf
1029,生态文明保障的刑法机制,焦艳鹏,"重庆大学法学院,重庆400044",2017,11,75,98,当前，我国正处于生态文明建设与全面推进依法治国的关键时期，运用法治方式加强生态环境保护是应有之义。环境犯罪需要刑法惩治，生态文明保障需要刑法机制。在生态文明建设中，需科学配置刑法在法益保护、人权保障与秩序维护三者之间的机能，以应对风险社会的现实风险，并保持刑法的基本品性。生态法益作为人在生态文明时代权利形态的一种，应受到刑法的有效保障。生态法益的有效保障，在刑事立法中要求法益的类型化、具体化和可测量化，在刑事司法中要求有效的法益识别、法益度量和精细化司法。生态文明的刑法保障受到整体法治价值的牵引与制约，刑法需与宪法、行政法、环境法等共同承载保护生态法益的使命。刑法技术与生态科学的有机结合，将有助于生态社会中刑法对人的价值的保障。,生态文明 环境保护 刑法机制 环境犯罪 生态法益,D925.2,0,,法学三大刊论文/中国社会科学/生态文明保障的刑法机制.pdf
1030,生态环境刑法立法的内在构造,李梁[1],"中央民族大学法学院,北京100081",2025,2,84,104,在我国加速制定《生态环境法典》背景下，生态环境刑法立法的内在构造亟待进行科学化调整。应当将习近平生态文明思想确立为生态环境刑法立法的指导思想，把资源永续、环境良好和生态安全确立为生态环境刑法立法的目的，增设预防性原则和人与自然和谐共生原则。在生态文明价值目标指导下，生态环境犯罪类型化及其体系结构需要重新揭示；在继续坚持惩罚性制裁的同时，强化预防性制裁，引入恢复性制裁，实现生态环境犯罪刑法制裁体系的科学化。为推动生态环境刑法立法生态文明价值目标的实现，应当确立特别刑法的立法体例作为承载形式。,生态环境刑法立法;生态文明价值目标;生态环境犯罪;生态环境刑法制裁体系;立法体例,C,,,法学三大刊论文/中国社会科学/生态环境刑法立法的内在构造.pdf
1031,生态环境法典编纂的二元逻辑及其展开,钭晓东[1],,2024,3,146,165,生态环境法典作为生态文明演进中经国序民的良法重器，有实质与形式二元面向。一者，以国家生态文明战略为目标，服务国家生态文明战略；二者，阐明指引法律解释、发展法律规则、促进司法治理的可能路径，拘束恣意与无序，发挥体系化粘连功能。生态环境法典编纂可以借助实质逻辑主线与形式逻辑主线予以展开。通过借助节约优先、保护优先与自然恢复为主的实质逻辑主线，统筹资源管理与污染防治、生态保护，以生态保护融合自然资源与污染防治立法，实现既“避害”又“趋利”；借助权力—权利两者关系结构的形式逻辑主线，呈现事后救济、危险预防、风险预防与独立价值选择四类型规范。,生态环境法典编纂;二元逻辑;实质逻辑主线;形式逻辑主线,C,,,法学三大刊论文/中国社会科学/生态环境法典编纂的二元逻辑及其展开.pdf
1032,监管科技:金融科技的监管挑战与维度建构,"杨东[1,2]","中国人民大学法学院未来法治研究院,北京100872\中国人民大学民商事法律科学研究中心,北京100872",2018,5,69,91,"科技驱动的金融创新所内含的技术风险、操作风险,甚至诱发系统性风险之可能,迫使监管者必须予以有力回应。然而,监管技术匮乏、监管法律滞后和监管理念守旧等问题,以审慎监管、功能监管、行为监管等为核心构建的传统监管体系和法规无法有效应对去中介、去中心化的金融交易现状。因此,必须在审慎监管、行为监管等传统金融监管维度之外增之以科技维度,形塑双维监管体系,从而更好地应对金融科技所内含的风险及其引发的监管挑战。科技维度的监管致力于依靠大数据、云计算、人工智能、区块链等技术构建科技驱动型监管体系。其以数据驱动监管为核心,构筑起分布式的平等监管、智能化的实时监管、试点性的监管沙盒为核心的金融监管体系,突破传统金融监管的固有困局,创新监管方式,保护金融消费者,维护金融稳定。",金融科技;监管科技;科技治理;监管体制,F830.49,0,,法学三大刊论文/中国社会科学/监管科技_金融科技的监管挑战与维度建构.pdf
1033,知识产权法域外适用的制度构造,万勇[1],"中国人民大学法学院,北京100872",2024,9,65,76,知识产权法域外适用制度交织着本土性、时代性和国际性诸多重要问题，既是涉外法治体系的重要组成部分，也是中国式法治现代化的重要表征。应注重制度自主与思想自主，按照统筹性、谦抑性、能动性原则，对知识产权法域外适用的功能定位、框架构建、具体运行等进行制度设计。知识产权法域外适用制度建构的中国方案以分配正义为法理基础，以知识产权实体法与程序法一体化立法建设、司法“三步判断法”为实现路径。中国方案既是本土的，也是世界的，可以为回答知识产权法域外适用的世界之问贡献中国智慧。,知识产权法;涉外法治;域外适用;地域性,C,,,法学三大刊论文/中国社会科学/知识产权法域外适用的制度构造.pdf
1034,知识产权的边界:以客体可控性为线索,易继明[1];李春晖[2],,2022,4,120,139,"权利边界的设定及新型权益的涌现,需要进一步把握权利的客体要素.客体是权利理论中的基础概念,应当具有客观事实上的中立性,不应存储有关设权的价值判断.客体上之所以能够设置权利,取决于客体的可欲性、可控性和充足性.就知识产权而言,信息的流动性和外部性,使得其正当性解释须考虑整个自然法理论:先占即控制是自然权利的来源,劳动是权利归属的依据.自力控制的客体之上,产生一般知识产权;法律之力控制的客体之上,属于类型化的法定权利.一般性权利偏于自然权利,需要提高保护强度,但不能再由法律之力强化其控制.类型化的法定权利基于功利主义设权,一方面要严格遵守权利法定的边界,对于涵摄到的客体和权能要严格保护,另一方面保护强度要低于一般性权利.",知识产权边界;民事权利客体;信息;可控性;知识产权正当性,C,,,法学三大刊论文/中国社会科学/知识产权的边界_以客体可控性为线索.pdf
1035,社会主义核心价值观在民事裁判中的功能,于飞[1],,2024,1,122,141,《民法典》第1条的“社会主义核心价值观”可以作为我国民法内在体系的价值备选库。在实践提出需求时，可以遴选适当的价值观要素，截取其部分适宜的内容转化为民法价值，经价值规范化形成观念上的新民法原则，以之处理实践纠纷，并促进我国民法内在体系的发展。社会主义核心价值观在民事裁判中有社会效果功能与裁判促成功能。社会效果功能分为两种情形，其一是社会主义核心价值观是裁判依据背后的立法理由，其二是弘扬社会主义核心价值观是案件依法裁判所期待的社会效果。裁判促成功能具体分为解释功能、补充功能、修正功能三种，各种功能的发挥都有严格的要求和程序控制。,社会主义核心价值观;民法内在体系;社会效果功能;裁判促成功能,C,,,法学三大刊论文/中国社会科学/社会主义核心价值观在民事裁判中的功能.pdf
1036,社会公共利益的私法实现机制,赵万一[1],"西南政法大学市场交易法律制度研究基地,重庆401120",2024,9,54,64,社会公共利益作为承载社会公共福祉提升和公平正义价值目标实现的重要载体，不仅对中国法治体系的建构和完善意义重大，而且对共同富裕社会目标的达成同样影响深远。尽管私法对社会公共利益的介入在正义性、可操作性、可救济性和价值目标的可实现性等诸多方面存在一定难度，但私法在社会公共利益实现中具有的独特优势仍是毋庸置疑的。未来改进的主要方面是：调整私法对社会公共利益作用的范围和重点，确立限制性和促进性的双重目标，并相应匹配具有针对性的实现机制、适用方法和适用手段。,社会公共利益;私法实现;限制性目标;促进性目标,C,,,法学三大刊论文/中国社会科学/社会公共利益的私法实现机制.pdf
1037,社会诚信建设与基层治理能力的再造,陈柏峰[1],,2022,5,122,142,"面对社会公德违反行为和轻微违法行为,基层治理缺乏合法有效的制约方法,治理能力面临挑战.以家庭诚信档案为基础的社会诚信建设,将基层群众在治理事务中的行为纳入诚信评价,在不同的治理事务、不同的家庭成员之间建立责任连带性,化解了基层治理难题,再造了基层治理能力.将基层治理与其可以调动的资源及背后的话语结合起来,可以从治权和话语权两个方面进行理论解释.因财政能力限制而缺乏配置性资源,因社会转型和治理变迁而缺乏权威性资源,导致基层治权相对不足,而社会诚信机制通过建立责任连带性,为基层治理创设新的权威性资源,弥补了基层治权的不足.因人民话语的转型和权利话语的兴起,基层治权缺乏话语权支持,而社会诚信机制通过对接""自治、法治、德治相结合"" 的话语,为基层治理重建了话语权.基层治理能力的再造,实质是不同维度国家能力的建设和重组.",社会诚信;基层治理能力;国家能力;治权;话语权,C,,,法学三大刊论文/中国社会科学/社会诚信建设与基层治理能力的再造.pdf
1038,社会风险的刑法调控及其模式改造,"姜涛[1,2]","南京师范大学,南京210023",2019,7,109,134,"转型时期社会风险的增加及其复杂性格局,带来刑法发展中犯罪化扩张的态势,刑法立法预防与控制社会风险的意图明显。我国刑法由回应到预防功能性转变的根源是风险刑法,这既使罪刑构造呈现“四化”发展态势,又使法教义学出现“五新”发展特色。面对这种态势与特色,刑法理论如何摒弃以风险社会证成风险刑法的简单化逻辑,把集体法益的科学保护代入风险刑法,分析与论证风险刑法带来的模式转变及成因,理性看待风险刑法“既回应社会安全之需求,又一并带来刑法风险”的法治悖论,是刑法理论的重大命题。风险刑法的理论定位和方法选择的方向是,重视“法益保护+刑法的谦抑性+后果考察”的犯罪化根据,提倡二元化犯罪模式创新,对集体法益进行限缩解释,以此消解自身带来的刑法风险,构建一种具有生命力的新模式。",风险刑法;刑法调控;社会风险;集体法益;二元化犯罪模式,D924,0,,法学三大刊论文/中国社会科学/社会风险的刑法调控及其模式改造.pdf
1039,私法中的分配层次,谢鸿飞[1],,2023,9,185,203,比照经济学中的三次分配理论，私法内蕴了两个半分配层次。初次分配赋予所有私主体以平等的客观权利，私主体通过事实行为和法律行为获得主观权利。法律环境应有利于释放主体能量和创造力，扶持企业家，捍卫竞争中性，促进生产要素流动，以夯实共同富裕的物质基础。再分配是对初次分配规则的变更，是私法固有的和应有的功能。它通过均衡私主体在互动关系中的强弱格局，比公法再分配方式更能增进主体自决、捍卫人格尊严，且能使私法实现提升社会福利的国家目标，减少权力运行中的对抗。私法还存在介于再分配与第三次分配之间的第2.5次分配，以牺牲责任为典型，还包括营利法人社会责任的扩张、侵权责任的膨胀以及受益返还的限制。分配正义可作为私法分配各层次的共同基础，它可以纳入私法中的不同价值，并依据情形赋予其不同权重，也有助于将全部私法规则转化为自然规则，更凸显私法的中立性。,私法;初次分配;再分配;分配正义;牺牲责任,C,,,法学三大刊论文/中国社会科学/私法中的分配层次.pdf
1040,科学不确定性背景下的环境正义——基于转基因生物安全问题的讨论,王明远[1];金峰[2],"清华大学法学院,北京100084",2017,1,125,142,应对科学不确定性所导致的风险，实现和维护环境正义是当今时代的一个前沿核心议题。公共行政的性质需要从大都基于确定性的传统秩序行政和福利行政转变为基于不确定性的现代风险行政，而对正义的追求则需要从形式上的实体正义、实质上的实体正义转向程序正义。转基因生物安全为代表的科学不确定性背景下的环境正义，需要建立在相应的科学研究基础之上，但在本质上乃是一种社会构建。对转基因生物技术及其产品等现代科技的研发、应用和推广等活动，应当维护其市场自由，与此同时，为了公共安全以及社会弱势群体的最大利益，还应当对相关科技活动进行必要的政府干预和法律规制。,科学不确定性;环境正义;法律规制;公共利益,D922.11,50,,法学三大刊论文/中国社会科学/科学不确定性背景下的环境正义——基于转基因生物安全问题的讨论.pdf
1041,科研合同的功能性规制,胡明[1],"华南理工大学法学院,广州510006",2020,9,68,92,"科研经费资助由权力管制转向合同规制,治理创新是契合科研合同规制的必然要求。推进科研经费有效治理,应厘清科研合同属性,但将其定性为行政合同、民事合同抑或组合合同,都难以解决科研经费治理的难题。纵观科研合同性质的全貌,将其定位为公私融合合同,合于合同背后承载的科研关系特质与科研合同规制的演进脉络。科研合同规制应遵循科研自由的法秩序,建构与合同属性相适应的功能性规制模式,打造科研合同功能性规制的创新体系。科研合同功能性规制的制度化,既应补充同具拘束力的非合意要素,又应实现合意要素的再造,形成内容系统、逻辑清晰、权责明确的规范体系。由此以功能性规制作为合同规制与治理创新间的连结桥梁,推进科研经费治理体系和治理能力现代化。",科研合同;功能性规制;科研经费;公私融合;治理创新,D92,0,,法学三大刊论文/中国社会科学/科研合同的功能性规制.pdf
1042,税制变迁与税收法治现代化,张守文[1],"北京大学法学院,北京100871",2015,2,80,102,税制变迁是国家法治发展的缩影，它不仅与政治、经济、社会等要素密切关联，更与法律要素须臾不可分割；应从法律视角审视税制变迁所涉及的各类核心问题，并不断完善税制的价值、结构和功能；中国改革开放以来形成的特定“时空”，使历次税改呈现连续性与差异性、周期性和建构性等多重特征。落实税收法定原则是对税改最基本的法治期待。2014年开启的新一轮税制改革应继承既往经验，正视现实问题，坚守基本价值，以推进税收法治和国家整体治理体系的现代化．,税制变迁;关联要素;基本价值;税收法治,F812.42,16,,法学三大刊论文/中国社会科学/税制变迁与税收法治现代化.pdf
1043,空间正义实现的公共规制,靳文辉[1],"重庆大学法学院,重庆400045",2021,9,92,113,"在经济场域,空间正义主要表现为国土空间开发利用中公众的空间权利配置充分、资本的空间分布均衡、公共资源的空间分配合理和空间经济结构的规范有序.公共规制在保障空间正义目标达致中具有重要功能,在空间正义实现中应科学运用.我国空间正义实现中的公共规制制度体系已相对完备.经济自由权、社会保障权、财产权的社会义务以及国民经济和社会发展规划国家战略,是我国公共规制保障空间正义在宪法层面的依据.税收优惠、金融服务、财政分配、空间经济规划等制度,是我国公共规制保障空间正义的实践基点.通过优化公共规制实现空间正义,需构建以公众经济权利充分实现为中心的公共规制基础机制,以系统化实施为中心的公共规制实施机制,以绩效评估为中心的公共规制运行保障机制.",空间正义;公共规制;市场失灵;空间权益;协调发展,F124,0,,法学三大刊论文/中国社会科学/空间正义实现的公共规制.pdf
1044,粤港澳大湾区治理创新的法治进路,石佑启[1];陈可翔[2],"广东外语外贸大学法学院,广州510420",2019,11,64,85,"治理创新是粤港澳大湾区发展的题中之义,是契合大湾区发展需求的必然选择。大湾区治理创新的实现有赖于法治功用的发挥与法治进程的推进。法治是大湾区治理创新的逻辑前提、基本保障、关键动能、实现路径。同时,治理创新的阶段性、治理规则的创新适用、治理模式的创新以及治理纠纷的复杂多样性对大湾区法治建设提出了新要求。回应大湾区治理创新的法治需求,应立足于从时间与空间两个维度推动法治建设的同步展开;拓展法律规范体系并实现软法与硬法的衔接适用;构建多元共治的法律治理模式,包含治理结构法定化、治理方式规范化、程序制度塑造、治理机制构建;以及完善公私衔接的多元法律救济制度等方面,探寻大湾区治理创新的法治进路。法学及法治理论创新、法学学科体系创新可以引领大湾区治理创新走向深入,指导大湾区法治创新实践,实现大湾区治理创新与法治的良性互动。",粤港澳大湾区;治理创新;法治;区域法治;软法,D92,0,,法学三大刊论文/中国社会科学/粤港澳大湾区治理创新的法治进路.pdf
1045,经济权利保障的宪法逻辑,翟国强[1],"中国社会科学院法学研究所,北京100720",2019,12,100,120,"现行宪法实施以来,随着市场经济体制的建立与完善,经济权利在宪法上逐渐获得确认和保障。通过宪法的进一步实施,经济权利的保障模式和制度体系也趋于完善。从宪法发展的历史阶段来看,中国经济权利保障的历史课题和价值取向和域外法治国家有所不同,构建中国经济权利法治保障模式选择也有其自身的理论逻辑,因此应立足中国的法治国情构建符合中国实际的制度模式。在经济全球化的大背景下,构建经济权利保障模式的价值立场选择应当放在世界宪法发展的大历史、大格局中来认识把握。从比较宪法史的角度看,需要在近代宪法和现代宪法之间寻求其价值取向,在形式平等和实质平等之间进行平衡和抉择,逐步实现从政策保障到法律保障的过渡,最终在宪法层面统合各种保障机制,构建完整的经济权利法治保障体系。",经济权利;比较宪法;宪法实施;保障模式,D92,0,,法学三大刊论文/中国社会科学/经济权利保障的宪法逻辑.pdf
1046,网络交易法律关系构造,杨立新,"中国人民大学民商事法律科学研究中心,北京100872",2016,2,114,137,网络交易平台交易法律关系是“互联网＋交易”的民法表现形式，是由一个复杂的法律关系群构成的法律关系集合体，其中包括相互关联的三个基本法律关系，即网络交易平台提供者与销售者、服务者和消费者与网络交易平台提供者之间的两个网络交易平台服务合同关系，销售者、服务者与消费者之间的买卖或服务合同关系；五种主要内容，即提供交易空间、发布交易信息、价金托管支付、商品配送交付及交易信用评价；三种辅助性法律关系，即网络交易平台提供者与第三方支付机构、第三方征信机构以及销售者与物流企业之间为实现网络交易基本法律关系主要内容而建立的三种辅助性合同关系。通过上述法律关系的流转，以网络交易平台提供者与销售者、服务者以及消费者之间的网络交易平台服务合同关系为基础，销售者、服务者与消费者的买卖合同或服务合同为中心，实现网络交易目的，满足社会需要，推动经济发展。,网络交易;网络交易平台;互联网+;合同;法律关系,F724.6,51,,法学三大刊论文/中国社会科学/网络交易法律关系构造.pdf
1047,网络时代言论自由的刑法边界,刘艳红,"东南大学法学院,南京211189",2016,10,134,152,"如何划分公民的言论自由权利与网络时代言论型犯罪的界限,是当下司法实务面临的重要问题。在言论型犯罪的构造中,应将客观真实和合理确信规则下的“主观真实”作为违法阻却事由;基于网络媒介的科技特点与社会属性,网络服务提供者只具备中立义务,对之不应简单地以共犯理论或不作为犯罪理论入罪。言论型犯罪的诉讼,原则上须根据实际或推定的被害人意愿来启动刑事诉讼程序,当言论行为严重危害社会秩序和国家利益且被害人无法表达其是否告诉意思时,可直接适用公诉程序;“严重危害社会秩序和国家利益”等入罪基准须是现实物理的秩序混乱,且行为人主观上有无任何正当目的的故意。对轻微言论犯罪不应轻易适用有期徒刑的刑罚,信息网络工具具有很大的生活用途,一般不应没收。",言论自由;言论性犯罪;网络犯罪;亲告罪,D925.2,54,,法学三大刊论文/中国社会科学/网络时代言论自由的刑法边界.pdf
1048,网络社会治理的法治模式,徐汉明;张新平,"中南财经政法大学,武汉430073",2018,2,48,71,法治是国家治理的基本形式，法治模式是网络社会治理的必由之路。网络社会的本质，是公民、法人及其他组织等主体之间的各种关系基于互联网技术产生聚合而形成的新的社会关系格局和结构形态，是现实经济、政治、文化、社会、生态领域各种关系的单一或综合反映、延伸和表达。网络社会治理的法治模式，是指运用法治思维和法治方式，将网络社会治理要素、治理结构、治理程序、治理功能纳入法治范围及运行轨道的治理理论、制度与实践。梳理回顾我国网络社会治理法治建设的曲折发展历程，总结网络社会治理法治建设有益经验，反思现存立法、执法和司法困境，可以构建出规范完备、实施高效、监督严密、保障有力的中国特色网络社会治理法治制度体系，保障运用法治思维和法治方式治网、办网、用网、护网，实现网络社会在法治轨道上健康有序运行发展，推进网络社会治理体系和治理能力现代化。,网络社会;法治模式;网络治理;法治;治理,F091.349,0,,法学三大刊论文/中国社会科学/网络社会治理的法治模式.pdf
1049,网络空间主权的治理模式及其制度构建,张新宝;许可,中国人民大学法学院,2016,8,139,158,尽管网络空间主权已经成为我国处理网络事务的根本指针和制度基石，但其理论价值和法律意蕴均未得到充分阐明。面对与现实空间既区分又交融的网络空间，国家主权既要坚持对网络空间的适用性，反对消解主权的“网络自身主权论”和弱化主权的“多利益攸关方治理模式”，又要根据网络空间“互联、互通、互动”的特质适时而变：在内部主权的层面上，建构基本立法权、简约行政权和类型化的司法管辖权；在外部主权的层面上，主张网络安全、平等参与、共同利用、善意合作的国际法新秩序。,国家主权;网络空间;互联网治理;国际合作;制度构建,D618,88,,法学三大刊论文/中国社会科学/网络空间主权的治理模式及其制度构建.pdf
1050,网络空间安全立法的双重基础,张龑[1],"中国人民大学法学院,北京100872",2021,10,83,104,"为保护自身的网络空间安全,各国纷纷立法,由此形成了网络空间国家化趋势.然而,这一趋势越是加深,网络空间安全秩序内含的矛盾越发凸显,这源于封闭性的国家立法在面对具有跨越性的网络空间时,立法目的难以达成,而隐藏其后的则是物理空间与网络空间的二元论对立思维.我国《网络安全法》中的网络数据和《数据安全法》中的数据的认知差异深受这一思维的广泛影响.为此,需回到网络空间本身的跨人格性、跨国家性与跨空间性等属性,反思我国现行网络安全立法.在明晰主权国家和网络空间命运共同体的辩证关系基础上,确立网络空间安全立法的双重基础,构建一套包含立法理念、基本原则与体系构成要素的安全立法基础性规范.",跨越性;网络空间国家化;网络安全立法;网络空间命运共同体,D922.16,0,,法学三大刊论文/中国社会科学/网络空间安全立法的双重基础.pdf
1051,罪刑关系的体系化及其实现,彭文华[1],,2024,1,142,161,罪刑关系所涉及的范畴、内容以及要素等需要立足于系统思维，通过关系网络和“群”的概念、框架来把握。罪刑关系既是罪刑相互作用、相互制约的辩证关系，也是刑法、刑事法律规范以及行政法律规范等之间有关罪刑运用的整合化、系统化关系。法治建设的制度化、规范化、程序化为新时代我国罪刑关系的体系化指明了方向。罪刑关系在价值目标上应当实现由偏重秩序维护转向秩序维护与人权保障并重、由偏重结果正义转向结果正义与分配正义并重、由多极化转向一体化、由粗放化转向精细化。罪刑关系的体系化需要以罪刑体系与结构的体系化为基础，在确保逻辑优化与价值评价活性化的同时，通过双轨化制度的构建、罪刑体系的贯通以及罪刑关系的内外协同来实现。,罪刑关系;罪刑规范;犯罪体系;刑罚结构和体系;刑事一体化,C,,,法学三大刊论文/中国社会科学/罪刑关系的体系化及其实现.pdf
1052,营利概念与中国法人法的体系效应,宋亚辉[1],"南京大学法学院,南京210093",2020,6,120,143,"“营利”这一概念是贯穿中国法人法的一条主线,其含义由二要素构成:一是以追逐利润为目的;二是将利润分配给出资人。以此为标准,《民法典》区分了营利与非营利法人,并将法人性质与其组织形式捆绑,采用特定的组织形式意味着只能从事特定性质的行为,法人“身份”直接决定了其“能力”。此举旨在遵从公法上的法人区分登记管理体制,维持了公私法体系的融贯性,但却束缚了营利法人的权利能力与社会活力,在私法上的体系效应不佳。这一问题在大陆法系由来已久。作为两大立法例之一,日本法较早采用的营利与公益法人分类经历了艰难的改革过程,但始终受到营利概念二要素的困扰。德国法采用的社团与财团法人分类摆脱了营利概念之束缚,将利润分配完全留给经济性社团自治,允许以社团法人的组织形式从事任何法不禁止之事业。这种法人组织法中立的技术构造,充分释放了社团法人的权利能力与社会活力。立足中国国情,中国法人的私法构造应妥善处理与公法上的社团管制之关系,逐步放松利润分配要素对营利法人的不当限制,有步骤地推动法人组织法与行为法的脱钩,释放营利法人参与公益事业的权利能力。",营利;营利法人;非营利法人;利润分配,D92,0,,法学三大刊论文/中国社会科学/营利概念与中国法人法的体系效应.pdf
1053,著作权法中的公众使用权,刘银良[1],"北京大学法学院,北京100871",2020,10,183,203,"规范分析有助于探究著作权制度的基础,并对著作权法律规范进行批判性审视。“作者—著作权”和“传播者—邻接权”是传统著作权法的两大基础,公众基本属被动角色。然而这并不能反映著作权制度的现实,亦难以全面体现著作权制度的基础法律关系。公众作为作品的使用者是不可或缺的主体,应享有作品使用权,“公众—使用权”应成为著作权法的第三基础。公众使用权可在著作权法下被设置为具有救济措施的可诉性权利。著作权法的三大基础分别对应着作品的创作者、传播者和使用者及其各自的权利。三方主体及其权利与义务互为支持,可构建完整的著作权法律规范体系,促进实现著作权法基本目标。基于重新阐释的著作权基础法律关系,我国著作权法可望构建更为公平、合理和有效率的著作权制度,并可对国际社会的著作权制度发展提供创新的经验借鉴。",著作权;邻接权;公众使用权;使用者权,D92,0,,法学三大刊论文/中国社会科学/著作权法中的公众使用权.pdf
1054,董事会运行中非理性因素的法律规制,朱羿锟,"暨南大学法学院,广州510632",2015,8,68,83,董事会运行过程微妙而复杂，公司立法不能简单地将董事会结构之法等同于董事会治理之法，要从中国国情出发，把握中国董事会的运行过程，对董事会运行机制中非理性因素的影响保持清醒的认识。董事会治理已进入运行机制化的新阶段，法律应从偏重结构转向结构与过程并重，优化制度结构。在董事会运行机制的构建中，应区别对待习俗、经验与传统等“活法”，充分发挥董事策略选择的功能性，以法律规制非理性因素，用于甄别角色、凝聚共识和集优以及提高效率。构建董事会运行流程控制，完善角色配置制度，修正评价机制，并建构社会情感关系的司法审查机制，约束关系性认同、结构性偏见和群体极化等行为倾向，从而将“活法”控制在董事会治理的基本价值和原则的框架内。,董事会治理;集体决策;策略选择;非理性因素;法律规制,F830.91,59,,法学三大刊论文/中国社会科学/董事会运行中非理性因素的法律规制.pdf
1055,行政改革试验授权制度的法理分析,杨登峰[1],"南京师范大学法学院教授、中国法治现代化研究院,南京210023",2018,9,136,158,"行政改革试验授权是介于立法授权与行政授权之间的一种新型授权制度,具有独立的法律地位。行政改革试验授权决定包含“暂调或者暂停部分法律的适用”和“将该决定授予特定试验主体实施”两个方面的内容。本质上,前者是法律施行力的中止和新试验法的制定两种因素的有机组合,不属于法律修改;后者是类似于行政特许的立法特别授权。作为一种公权力的行使方式,行政改革试验授权应当遵循《中共中央关于全面推进依法治国若干重大问题的决定》设定的程序要求,且不得逾越现代法治诸原则设定的表达形式界限和实体内容界限。",行政改革;行政改革试验;授权制度;法律中止;立法特别授权,D912.1,0,,法学三大刊论文/中国社会科学/行政改革试验授权制度的法理分析.pdf
1056,行政检察的监督范畴与体系构建,解志勇[1],"中国政法大学比较法学研究院,北京100088",2024,9,42,53,传统上复议、诉讼等对行政权的监督，过于强调个案和局部，而在系统性、全局性维护行政法律秩序方面有所忽视，亟需行政检察进行补位。行政检察制度虽进展明显，但其理论体系和制度设计尚存在薄弱环节。其监督范畴涵盖全部行政活动和行政诉讼。依申请而启动的监督救济，须遵循补充性原则；依职权而启动的检察监督，须遵循谦抑性原则；两类监督原则上不受期限限制。其基础功能是，通过对行政法律实施活动进行检察调查、抗诉、建议等，构建、维护和恢复良好法律秩序，以及对当事人进行权利救济等。,行政检察;法律监督;检察权;行政检察法;中国式法治现代化,C,,,法学三大刊论文/中国社会科学/行政检察的监督范畴与体系构建.pdf
1057,行政法治视阈下的民生立法,张淑芳,上海财经大学法学院,2016,8,117,138,民生问题涉及的领域广泛而复杂，如教育、就业、收入分配、社会保障等等，这些都与行政法治的时代精神和政府职能转变有着密不可分的关系，是行政法无法回避的问题。我国民生问题立法从传统上讲，具有行政高权主导的特性，这种以行政系统为主体和主导的模式有自身的优势，但同时也存在明显不足，这制约了民生问题立法的法治化。如何挖掘行政法中的民生问题立法资源，如何通过行政法拓展民生问题立法的内容、范畴和技术等，需要给出立法回答。总体上讲，应当沿着这样的思路展开，一是从理论上有一个认知，必须意识到我国目前的民生问题立法没有很好地从行政法吸取相关的资源和养分。二是形成一个方案，通过行政法的相关原理、相关制度、相关技术，拓展民生问题立法。三是确定相应的义务主体，由该义务主体综合考量民生问题立法吸收行政法资源的问题。通过对我国民生问题立法及其技术进行深层次的调整，将现今民生问题立法体系整合的零散性、部类分布的非均衡性、典则构型的不完整性以及覆盖事域的模糊性一揽子予以解决。,行政法治;民生立法;行政法资源;资源挖掘,D901,48,,法学三大刊论文/中国社会科学/行政法治视阈下的民生立法.pdf
1058,行政法视域下权力清单制度的重构,朱新力;余军,"浙江大学光华法学院,杭州310008",2018,4,109,131,"现有权力清单制度存在着目标定位上＂法治＂与＂治理＂之间的紧张关系、实施路径上的手段与目标不匹配以及核心范畴上的权力与责任分离等问题,导致了以＂治理＂为价值目标的改革功能极大弱化。为了应对这些问题,在现代行政法＂合法性＂与＂最佳性＂二维结构中提出三阶段依次推进的权力清单制度全新逻辑结构：首先,确立＂完善产权制度＂权力设置的正当性标准,实现对既有政府权力架构的较为彻底的反思与重构,使改革真正转向＂重塑政府与市场关系＂、＂提升治理能力＂这一核心目标;其次,以行政效能原则为导向为政府管制权责实现＂事务管辖权＂和＂层级管辖权＂的合理配置提供基准;最后,以公法上的比例原则为框架,就最佳管制工具的遴选问题提供一个兼顾行政效能与权利保障的操作方案。",权力清单;政府管制;产权制度,D909.1,0,,法学三大刊论文/中国社会科学/行政法视域下权力清单制度的重构.pdf
1059,行政组织法功能的行为法机制,"叶必丰[1,2]","上海社会科学院法学研究所,上海200020 上海交通大学法学院,上海200020",2017,7,109,130,行政组织法的内容包括行政机关之间的横向关系规则，但我国行政组织法并未作出规定。这是各国普遍存在的必然现象，解决的路径是创设在实现规制目标的同时承担起相应组织法功能的行为法机制，可以由宪法加普通法、分散的实体法或者统一行政程序法加以创设。我国当前的行为法机制是由分散单行法规定的，在形式上表现为公文处理制度，在内容上表现为各种具体制度。其中，分别审批和审批要件机制加重了公民负担，联席会议、行政协议和“协商条款”等未加重公民负担且具有分权民主和平等协商的意义。行政组织法功能的行为法机制之所以存在，有职责-手段说、分权合作-民主自治说、信任-授权说以及制度-社会说。我国早期的行为法机制与计划经济具有密切关系，多适用于部际关系；基于简政放权改革后的行为法机制从部际关系拓展到区际关系。我国包括行为法机制在内的行政审批已泛滥成灾，必须改革。大部制改革应进一步深化，行政权应退出市场资源配置，明确地方主体、赋予地方终局性处理权、按治理需要配置地方事权，减少和优化行政机关间的横向关系，通过统一的行政程序立法整合行为法机制。,组织法;行为法;行政审批;地方自主权,D922.1,69,,法学三大刊论文/中国社会科学/行政组织法功能的行为法机制.pdf
1060,行政规章与合同效力的关系,梁上上[1],"清华大学法学院,北京100084",2025,3,79,96,排除行政规章对合同效力的适用是我国长期坚持的合同效力认定标准。但是，将行政规章的强制性规定也作为认定合同效力的法律依据才是正确的选择，这是民法典与其他法源协同治理复杂社会的必然。我国关于合同效力认定法律依据的规定存在冲突。允许适用作为非正式法源的习惯却排除适用作为正式法源的行政规章，违反了法源体系的位阶原则。允许适用公序良俗一般条款却排除适用行政规章具体条款，违反了“不得向一般条款逃逸”的法律适用基本原则。较为稳妥的方案是，不但将行政规章作为合同效力认定依据，而且将认定合同效力依据的“法律”范围扩大到《立法法》圈定的法律范围。,合同效力;行政规章;善良风俗;法源位阶;法律适用,C,,,法学三大刊论文/中国社会科学/行政规章与合同效力的关系.pdf
1061,行政许可的民法意义,"王轶[1,2]",中国人民大学民商事法律科学研究中心,2020,5,86,107,"行政许可与民事法律行为的效力判断联系密切。从民法学的视角观察,行政机关基于行政许可准予公民、法人或者其他组织从事特定活动,有的属于准予实施事实行为;有的属于准予实施民事法律行为;有的则需要区分情形,有时属于准予实施事实行为,有时属于准予实施民事法律行为。与此对应,法律或者行政法规确立行政许可的规定,有的属于简单规范中的强制性规定;有的属于复杂规范中的强制性规定;有的则需要区分情形,有时属于简单规范中的强制性规定,有时属于复杂规范中的强制性规定。当事人借助民事法律行为意图约定排除这些强制性规定法律适用的,得援引《中华人民共和国民法典》草案(总则编)第153条第2款认定该约定绝对无效。当事人实施的民事法律行为违反复杂规范中强制性规定的,得援引《中华人民共和国民法典》草案(总则编)第153条第1款区分情形进行效力判断。",行政许可;事实行为;民事法律行为;简单规范;复杂规范;强制性规定,D92,0,,法学三大刊论文/中国社会科学/行政许可的民法意义.pdf
1062,行政转型与行政法学的回应型变迁,江国华,"武汉大学法学院,武汉430072",2016,11,129,142,在逻辑意义上，行政转型与行政法学变革是一种函变关系。其中，行政实践为自变量，行政法学为因变量。作为因变量的行政法学必然随着行政实践的发展而发展；易言之，行政实践的发展与变革必将促使行政法学的发展，行政转型必然引发行政法学的变革。其法理有三：一是行政法学研究决定于行政法治实践，,行政法学;转型;回应型;变迁;行政实践;逻辑意义;法治实践;法学研究,D912.1,72,,法学三大刊论文/中国社会科学/行政转型与行政法学的回应型变迁.pdf
1063,论“以国际法为基础的国际秩序”,蔡从燕[1],,2023,1,24,43,近年来，一些国家主张“以规则为基础的国际秩序”。但是，这些国家并未明确“以规则为基础的国际秩序”所指“规则”系指“国际法”并据此阐述其关于国际秩序的规则观。事实上，这些国家实施的一系列法律实践表明，其很大程度上追求的是国内法凌驾于国际法，区域国际法凌驾于普遍国际法以及将国际法泛政治化的规则观。这种规则观损害了国际法在国际秩序中的作用，违背了完善全球治理和推动建立更加公正合理的国际秩序的时代要求。为纠正这些国家经由主张“以规则为基础的国际秩序”追求的规则观，中国主张“以国际法为基础的国际秩序”。“以国际法为基础的国际秩序”体现的规则观是，确认以《联合国宪章》为基础和核心的国际法是调整国际关系的权威规则体系，同时不排除不违反国际法的其他规则在国际秩序中的作用。,以国际法为基础的国际秩序;以规则为基础的国际秩序;国内法;区域国际法;国际法泛政治化,C,,,法学三大刊论文/中国社会科学/论“以国际法为基础的国际秩序”.pdf
1064,论《民法典》实施中的思维转化——从单行法思维到法典化思维,王利明[1],"中国人民大学法学院,北京100872",2022,3,4,22,"随着《民法典》的颁布,我国立法由单行法时代进入法典化时代.为准确理解和实施好《民法典》,必须从单行法思维向法典化思维转化,具体包括从多中心思维转向基础性法律思维,从碎片化思维转向体系性思维,从分散思维转向统一思维,从并立思维转向融贯思维.法典化思维需要树立以《民法典》作为民商事法律部门中基础性法律的理念,准确把握《民法典》各项制度的价值取向和规范意旨.从体系化的视角观察《民法典》,还需要协调好《民法典》内部的关系以及《民法典》与单行法之间的关系,并将《民法典》的价值体系融贯于各项民事法律制度之中.",《民法典》;法律思维;法典化思维;融贯思维,C,0,,法学三大刊论文/中国社会科学/论《民法典》实施中的思维转化——从单行法思维到法典化思维.pdf
1065,论中国法治评估的转型,钱弘道[1];王朝霞[2],"浙江大学光华法学院,杭州310008",2015,5,84,105,近十年来，全国许多地方出现了各种探索法治评估的实践。总结法治评估实践经验，分析法治评估实践存在问题，判断全国法治评估走向，提出建设性思路，具有重要意义。《中共中央关于全面深化改革若干重大问题的决定》和《中共中央关于全面推进依法治国若干重大问题的决定》出台后，法治评估在实践和理论两个方面面临转型。法治评估转型的重点在于法治评估的正确定位、法治评估机制的创新、法治量化难题的破解和法治评估经验总结和理论升华的实现。科学的法治评估机制是评估工作得以有效开展的前提，破解法治量化难题是科学评估的要害，法治评估经验总结和理论升华是评估实践提出的必然要求。法治评估机制创新重点在实施第三方评估模式，法治量化可从专项评估入手。,法治评估;法治评估转型;指标体系;考核标准;国家治理,D621,41,,法学三大刊论文/中国社会科学/论中国法治评估的转型.pdf
1066,论人权普遍性的相对性,毛俊响[1],"中南大学人权研究中心,长沙410083",2025,1,126,146,人权普遍性是一个富有争议的理论问题。通过从道德权利、法律权利、政治权力三个维度来梳理人权普遍化运动的发展演变和人权普遍性诉求的时空流变，可以阐明人权普遍性命题所赖以成立的历史与现实语境，揭示根植于人权普遍性的相对性因素。人权是人类社会的共同追求，人权价值具有普遍性。绝对的、呈现在各个层次的人权普遍性是站不住脚的，人权普遍性是相对的。人权观念、主体、体系、标准、制度、模式虽然都普遍蕴含人权价值，但是都存在相对性。人权相对性是普遍的，是一种体现在各个区域、国家或社会中的人权多样性。在普遍人权价值的指引下，各国的人权观念、主体、体系、标准、制度、实践不断趋同，共同凝结了人权普遍性原则。人权普遍性是价值普遍性与文化多样性的统一。,人权;人权普遍性;人权普遍性原则;文化相对主义;人权异化,D815.7,,,法学三大刊论文/中国社会科学/论人权普遍性的相对性.pdf
1067,论人类命运共同体构建中的和平搁置争端,黄瑶[1],"中山大学法学院,广州510275",2019,2,113,136,"研究人类命运共同体理念在国际法上的科学内涵和指导意义是一个重要课题,将人类命运共同体理念蕴含的丰富思想融入国际争端的处理理论是非常具有实践价值的切入点。目前国际争端解决实践遇到诸多困境,需要探索创新国际争端处理的新模式和新思路。而和平搁置争端是对现有国际争端解决方式的重要补充。从法律视角对和平搁置争端实践进行概括和理论化,将人类命运共同体理念作为支撑和平搁置争端的理论资源,有助于丰富并指导其实践;同时,和平搁置争端在推动构建人类命运共同体进程中可发挥积极作用。",人类命运共同体;国际争端;和平搁置争端;不解决;国际合作,D812,0,,法学三大刊论文/中国社会科学/论人类命运共同体构建中的和平搁置争端.pdf
1068,论作为新型财产权的数据财产权,张新宝[1],,2023,4,144,163,财产权发达史表明，财产权客体的扩充是由生产力发展、生产生活资源形态的扩张所决定的，财产权的效力与保护方法是由财产权客体的性质所决定的。随着信息时代的到来和数字经济的兴起，我国在国家政策层面、立法层面和司法层面均存在数据确权的需求。在理论上，应当将数据财产权确立为与物权、知识产权相并列的第三类具有对世性的财产权利，而不应采取非确权保护模式、个人信息权保护模式或者将数据财产权确立为既有财产权的用益权新形式。构筑数据财产权制度是保护数据处理者合法劳动成果的必要举措，中央关于数据资源分类和数据权利分置的意见为数据确权指明了方向，劳动价值论的原理为数据确权奠定了理论基础，而“人财两分”理论则为解决确权的难点问题提供了制度安排思路。数据财产权作为民事主体基于数据享有的权利，具有财产性、对世性、有限支配和有限排他的基本属性。权利人享有包括利用、收益、占有和处分在内的各项权能。,数据财产权;数据;数字经济;个人信息权益;“人财两分”,C,,,法学三大刊论文/中国社会科学/论作为新型财产权的数据财产权.pdf
1069,论公安侦查权与行政权的衔接,张泽涛[1],"广州大学法学院,广州510006",2019,10,160,183,"我国公安机关肩负刑事侦查权与行政权的双重权能。在公安司法实践中,一定程度上存在公安侦查权与行政权交错适用的现象,既有公安行政权替代侦查权的现象,也有刑事侦查权替代公安行政权的现象。这种现象不仅在我国存在,也在其他国家存在。违法和犯罪二元一体的追究模式,治安案件与刑事案件的划分方式,行政程序与刑事诉讼程序宽松严苛的差异,导致了公安侦查权与行政权的交错。区分公安侦查权与行政权是二者衔接的前提,既是打击犯罪、保障人权的需要,也是完善公安机关执法权力运行机制和管理监督制约体系的需要。区分公安侦查权与行政权的法理是,完善公安机关执法权力运行机制和管理监督制约体系,将打击犯罪同保障人权、追求效益同实现公正、执法目的同执法形式有机统一起来。在制度层面,区分公安机关侦查行为与行政行为宜采取综合权衡标准,确立比例原则,规范行政证据转换为刑事证据的程序与实体制约规则,完善《行政诉讼法》和《国家赔偿法》相关规定,适当调整违法和犯罪的二元一体模式。",侦查权;行政权;刑事侦查;公安机关;执法司法衔接,D92,0,,法学三大刊论文/中国社会科学/论公安侦查权与行政权的衔接.pdf
1070,论刑事庭审实质化,汪海燕[1],"中国政法大学刑事司法学院,北京100088",2015,2,103,122,刑事庭审实质化是“以审判为中心的诉讼制度改革”的基本要求，其内核是被告人的刑事责任在审判阶段通过庭审方式解决。在一些地方的司法实践中，逮捕“绑架”审判，审理方式以审查案卷笔录为主，庭前会议实体化，以及法庭审理仅以定罪为中心，均在一定程度上虚置刑事审判程序，使其流于形式。在构建庭审中心裁判机制以及落实“权责一致”办案责任制的背景下，有必要消除庭审虚化的成因，建构审判中心主义的诉讼结构，实现直接言词原则的庭审方式，合理定位庭前会议功能，调整定罪与量刑并重的庭审内容，在诉讼制度层面实现我国刑事审判程序的实质化。,庭审实质化;逮捕中心主义;审判中心主义;言词审理;庭前会议,D925.2,30,,法学三大刊论文/中国社会科学/论刑事庭审实质化.pdf
1071,论司法决策的适度“再情感化”,杜宴林[1],"吉林大学理论法学研究中心,长春130012",2025,6,166,184,努力让人民群众在每一个司法案件中都能感受到公平正义，是习近平总书记给新时代司法决策部署的一项重大政治任务，这要求司法决策者带着情感为人民群众司法。从具体实现路径方向分析，需要司法决策实现从“去情感化”到“再情感化”叙事的转向。但“再情感化”必须澄清和释明其与公正司法间的正相关关系。作为情感领域的典型范畴，“移情”无疑是最值得考察和检视的重要议题。无论是其认知分支还是情感分支，均敏于个案公正所涉及的细微判断和道德慎思，均有利于“感受个案公正”的具象化。这对有着丰厚“忠恕”文化传统的中国而言，不仅为反思西方式法治的内在局限提供了新的思想资源，也为我们超越现代法律“情感/理性二分”的理论预设，并找到一条适合自身的中国式司法审判模式乃至法治现代化道路，提供了深刻的思想启示。,司法决策;移情;再情感化;个案正义;公平正义,C,,,法学三大刊论文/中国社会科学/论司法决策的适度“再情感化”.pdf
1072,论国家政策作为民法法源,张红,"中南财经政法大学法学院,武汉430073",2015,12,133,155,国家政策对我国民事司法影响颇深。《民法通则》第6条规定的国家政策作为民法法源，其介入民事司法的路径并不合理。法官在利用国家政策进行判决时，会出现缺少配套规范、依据混乱、说理困难等问题。其原因在于对国家政策的范围及其与法律的区别界定不明。依民事裁判规则，全国人大及其常委会制定的法律、法律解释、司法解释、行政法规、自治条例、单行条例为裁判规范，行政规章及其他规范性文件为说理规范。然而，以上文件均为国家政策的表现形式。国家政策作为民法法源，其介入民事司法需遵循不同载体各自的裁判规则。最高人民法院可发挥其公共政策创制功能，通过“隐性”及“显性”两种渠道引国家政策入民事裁判。坚持私法自治为基础，建立国家政策进入民事裁判的转介机制，将国家政策通过合法且合理的渠道引入民事司法，是实现国家调控民事生活、实现公私法融合的法治之道。,民法典;国家政策;法源;司法解释裁判规范,D921,140,,法学三大刊论文/中国社会科学/论国家政策作为民法法源.pdf
1073,论国家治理商数,江必新[1];邵长茂[2],"中南大学法学院教授,长沙410083",2015,1,102,118,国家兴亡，在一定程度上取决于国家治理商数的高低。国家治理商数简称“治商”，系以商数形式衡量国家治理水平的数量指标，其数值是国家治理体系、国家治理能力与国家治理成本的比值，其性质为量化治理、循“数”治国思想和技术的“合金”，其先进性在于内核为逻辑和运算所打造，其科学性为大数据和云计算等技术平台所保障。创制国家治理商数，是从经验式、试验式国家治理向量化科学治理转变的技术性支撑和基础性工程，其理论和实用价值在推进国家治理体系和治理能力现代化这一进程中尤为重要。国家治理商数可应用于以下领域：对国家治理现代化进程实现量化管理；作为判定我国在2020年是否实现国家治理现代化的“衡量标尺”和“核心标志”；编制各国治商报告以掌握治理领域国际话语权；编制国内各地治商报告以促推治理水平精进。,国家治理;国家治理体系;国家治理能力;国家治理成本;国家治理商数,F426.83,33,,法学三大刊论文/中国社会科学/论国家治理商数.pdf
1074,论大数据时代的个人数据权利,程啸[1],"清华大学法学院,北京100084",2018,3,102,122,"大数据时代的个人数据权利涉及自然人的民事权益保护与数据企业的数据活动自由关系的协调。个人数据可以成为民事权利的客体,并应当通过私权制度对其加以规范和保护。自然人对个人数据的权利旨在保护其对个人数据的自主决定利益,从而防御因个人数据被非法收集和利用而侵害既有的人格权与财产权。自然人对个人数据的权利并非物权等可以积极利用的绝对权,只有在该权利被侵害而导致其他民事权利被侵害时,才能得到侵权法的保护。数据企业对个人数据的权利来自于其合法收集、存储,并支付了对价这一事实行为。数据企业的数据权利是一种新型的财产权,不能仅仅通过反不正当竞争法给予保护,而应同时作为绝对权给予更系统的保护。",数据;大数据;个人数据;隐私权;数据企业,D923,0,,法学三大刊论文/中国社会科学/论大数据时代的个人数据权利.pdf
1075,论我国检察权的新发展,周新[1],"广东外语外贸大学法学院,广州510420",2020,8,64,86,"深入推进检察体制机制改革,首先需明晰检察权的性质及其发展规律。我国检察权性质渊源于马克思主义国家学说,受历史逻辑、政治体制以及现实国情等因素的综合作用,既有其普遍性的一面,更具中国特色。立足宪法规范,可以发掘我国检察权演进的一般规律,即检察权在始终保持法律监督权基本属性的前提下,适时地根据时代变迁而不断调整其权力外延和权力运行方式,实现检察权发展与国家治理的同频共振。近年来,我国检察权的发展呈现出新特点,积极回应时代需求,是社会主要矛盾变化、国家权力结构调整以及司法体制机制改革等共同作用的结果。构建中国特色社会主义检察体系,应当坚持检察权的法律监督性质,尊重检察权发展的一般规律,根据社会需求和司法实务,进一步拓展检察权的外延,创新和丰富检察权能的运行机制,实现检察权的适时动态调整。",检察权;法律监督;检察改革;检察规律,D92,0,,法学三大刊论文/中国社会科学/论我国检察权的新发展.pdf
1076,论指导性案例的内容构成,朱芒,"上海交通大学凯原法学院,上海200030",2017,4,109,127,指导性案例的内容是由最高人民法院以实际案例（“母本”裁判文书）为基础编写而成，内容中不同的逻辑框架会对此后的同类判决产生不同的规范作用。指导性案例的编写过程涉及纠纷解决与政策形成这两种不同的司法判断方式应该加以区分，指导案例如果进行立法目的的解释，在推导出成文法规范的时候，除了建立理所当然的结论之外，更为重要的是在考虑了什么因素，以什么样的逻辑框架进行推导立法目的或立法意图。提出案例编写应自主接受“母本”裁判文书中事实内容和裁判理由中主干逻辑框架的拘束，补强理由中的论证理由的规则。,指导性案例;判例分析;法律解释;判例功能,D920.5,17,,法学三大刊论文/中国社会科学/论指导性案例的内容构成.pdf
1077,论数字货币的法律属性,杨延超[1],"中国社会科学院法学研究所,北京100720",2020,1,84,106,"自提出比特币概念至今,数字货币已被广泛应用。数字货币是以区块链作为底层技术支持,具有去中心化、可编程性、以密码学原理实现安全验证等特征。关于数字货币的法律属性,总体上有非货币财产说和货币说,其中非货币财产说又有商品说、证券说、数据说等学说。具有代表性的商品说、证券说、数据说等均具有无法逾越的理论困局和现实障碍。回归货币的本质,其作为普遍认可的记账符号,国家或私人银行发行仅是构建货币信用的手段,而非必要条件。相比较传统货币,数字货币正是依赖区块链技术,完成了去中心化的货币信用构建。如此,在数字货币货币说的基础上产生了新货币说,一方面,它为建构数字货币的准货币属性提供法理依据;另一方面,也为渐进完善数字货币立法提供理论基础。可以先确定其为准货币的法律属性,在时机成熟时再确认其货币的法律地位。有必要在立法中确认数字货币作为准货币的法律地位,以此作为逻辑起点建构其作为准货币的系列法律制度。数字货币容易被用于犯罪或者逃避金融管制的工具,必须确定监管主体,构建监管规则。",数字货币;比特币;法律属性;监管制度;金融监管,F83,0,,法学三大刊论文/中国社会科学/论数字货币的法律属性.pdf
1078,论数据用益权,申卫星[1],"清华大学法学院,北京100084",2020,11,110,131,"数据权属及其分配规则不清,已成为数字经济发展的最大制度障碍。未来应根据数据要素市场对数据积极利用的巨大需求,借助自物权—他物权和著作权—邻接权的权利分割思想,容纳作为现代新兴权利客体的数据。根据不同主体对数据形成的贡献来源和程度的不同,应当设定数据原发者拥有数据所有权与数据处理者拥有数据用益权的二元权利结构,以实现数据财产权益分配的均衡。数据用益权既可以基于数据所有权人授权和数据采集、加工等事实行为取得,也可以通过共享、交易等方式继受取得。数据需要依托具有公信力的公共数据平台、数据中间商进行交易与共享。数据用益权包括控制、开发、许可、转让四项积极权能和相应的消极防御权能,在公平、合理、非歧视原则下行使各项权能可以平衡数据财产权保护与数据充分利用两种价值,推动数据要素市场快速健康发展。",数据用益权;数据所有权;数据财产权;权利分割;数字经济,D92,0,,法学三大刊论文/中国社会科学/论数据用益权.pdf
1079,论新型网络犯罪立法及其适用,皮勇,"武汉大学法学院,武汉470072",2018,10,126,150,新型网络犯罪是网络犯罪的新发展，遏制网络犯罪必须打击新型网络犯罪。但由于其不同于传统犯罪，具有“积量构罪”特征，刑法相关规定的适用遇到困难，按照实质预备犯、帮助犯相关理论解释难以实现理论自洽。新型网络犯罪立法是回应网络犯罪新变化的正当性立法，利用信息网络实施的特殊犯罪方法和限定犯罪危害量的情节要件是其满足刑事违法性和刑罚可罚性条件的关键。新型网络犯罪行为本身的社会危害性相比较而言较低，情节要件弹性大，相关司法适用标准不明确，导致适用率低并出现犯罪圈的不当扩张，为了充分发挥新型网络犯罪立法的功效，必须根据其特殊的罪行构造，制定合理的司法规则，对其构成要件要素进行合理缩限，并对情节要件进行类型化、限定化解释。,新型网络犯罪;积量构罪;实质预备犯;帮助行为正犯化;中立帮助;行为,D997.9,0,,法学三大刊论文/中国社会科学/论新型网络犯罪立法及其适用.pdf
1080,论民事司法成本的分担,王福华,"上海财经大学法学院,上海200433",2016,2,93,113,司法成本既体现着正义分配的一般性原则，也展示着国家、当事人和市场间的合作与博弈。在整体上对民事司法成本解构，而非将其限缩为诉讼费用进行局部的观察分析，能够为审判成本和诉讼成本的分担找到正当化根据，并厘清公共成本与私人成本的界限。以此为基础的司法成本第一层次分担规则，致力于在国家司法公共资源投入和当事人诉讼负担之间建立平衡关系。以诉讼成本在当事人之间的分配为核心的第二层次成本分担规则，则既要为诉讼费用的分担设定公平正义目标，也要兼顾成本机制对诉讼制度的调节功能，在整体上促进司法制度的完善。司法成本第三层次的分担规则，则应注重发挥法律服务市场及社会组织在诉讼成本分担上的作用，其成效取决于职业伦理建设及法律规制。,审判成本;诉讼成本;权利保护;司法改革,D925.2,36,,法学三大刊论文/中国社会科学/论民事司法成本的分担.pdf
1081,论法律学说的司法运用,彭中礼[1],"中南大学法学院,长沙410083",2020,4,90,113,"在一定意义上,法律学说是运行中的法律。法官对法条的援引本质上就是对法律学说的运用,而这一运用又促进了法律学说的推陈出新。从理论层面看,在司法中运用法律学说,可以为裁判说理提供理由来源,为司法论证提供权威资源,为规范适用提供理论渊源。从实践层面看,实证研究发现,我国存在较多运用法律学说的案例,其功能是进行法律解释、补充法律漏洞、创制法律规则以及创新法律学说;但法律学说运用中问题较多,如法律地位较低、运用条件模糊、运用程序缺位,以及运用方法欠缺等。要通过立法构造法律学说的司法运用制度,确定立法原则,明确法律学说的界定标准,规范前提条件,遵循正当程序,讲究方法运用。理论研究与实践探究表明,法律学说司法运用制度是当前我国司法改革背景下强化裁判说理、实现司法裁判具有可接受性的一项十分有价值的制度,也是法律理论演化的动力机制。",法律学说;司法裁判;司法运用;理论演化规律,D92,0,,法学三大刊论文/中国社会科学/论法律学说的司法运用.pdf
1082,论法律意识形态,季卫东,"上海交通大学法学院,上海200030",2015,11,128,145,在强调市场在资源配置中发挥决定性作用、保障社会自治和个人权利的时代背景下，对当代中国既有的法律意识形态进行创新成为历史必然。通过梳理国家治理体系现代化过程中出现的主要价值观和思考方式，从中提炼出关于秩序正统性的若干种最基本的理论主张：自然法和社会契约、文化传统或民族精神、社群主义性质的公共哲学以及科学的历史唯物论，并从不同的视角进行解读，现代法治精神存在内在矛盾。某种具有政府、市场、社会三元结构的国家观应该成为未来中国的法律意识形态，公正程序则构成整合的制度基础。,法律意识形态;解释性转换;价值三分法;公正程序,D920.0,56,,法学三大刊论文/中国社会科学/论法律意识形态.pdf
1083,论法治体系概念,侯学宾[1],"吉林大学法学院,长春130012",2024,9,20,30,“法治体系”是一个描述中国特色社会主义法治运行实践“系统集成”的统合性概念，体现了政治性与法律性、系统性与规范性、民族性与人类性、实践性与理论性、现实性与理想性、法律规范主导性与其他社会规范补充性的有机统一。“法治体系”概念呈现了中国法治实践的系统性品质，是建构中国自主法学知识体系的基础概念，具有强大的方法论意义。,法治体系;法治体系内涵;法治体系构成;法治体系意义,C,,,法学三大刊论文/中国社会科学/论法治体系概念.pdf
1084,论法治思维的规则,陈金钊[1];李德进[2],"华东政法大学法律方法研究院,上海201620",2025,5,111,127,在制度、体制完备的情况下，法治实现也是个方法问题。法治思维能将法治理念转化为可操作的方法。形式法治和实质法治的区分衍生出两种思维规则。实现形式法治的思维规则包括接受制定法的约束，将逻辑规则作为思维的指南，做到顺从语义、正确使用体系思维、寻求立法者的意图等。而在形式法治难以企及之处，则需要实质法治思维规则的介入，包括带有目的的观察，区分解释、衡量和续造等。如果能用形式法治思维解决纠纷，就不使用衡量、续造方法。法治思维的终极目标是对正义的追求。,法治思维;形式法治思维;实质法治思维;利益衡量;法律续造,C,,,法学三大刊论文/中国社会科学/论法治思维的规则.pdf
1085,论法治评估的类型化,朱景文[1],"中国人民大学法学院,北京100872",2015,7,108,124,法治评估不是简单地对法治发展的各个方面进行量化处理，首先要解决的是对有着不同社会结构、处在不同社会发展水平的国家或地区按照统一标准进行法治评估的可能性问题。法治包含规则之治、平等实施和良法之治几种不同的含义，但每种含义都受制于一定的社会条件，需要类型化处理。“规则之治”有赖于社会的稳定程度，对迅速变化的社会没有实质意义。平等实施有赖于法律资源的充分性，在缺乏人力、物力、财力保证的情况下很难做到平等实施，而需要寻找成本低、替代性的措施和适合本地特点的方式。良法之治有赖于对什么是良法达成共识，不能以一种模式为基础来评估其他模式法治发展程度。法治评估必须注意各国治理结构的差别，一个国家用法律解决的问题，另一个国家可能用非法律的方法解决。,法治评估;类型化;规则之治;平等实施;良法之治,D033,42,,法学三大刊论文/中国社会科学/论法治评估的类型化.pdf
1086,论算法的法律规制,"丁晓东[1,2]",中国人民大学法学院,2020,12,138,159,"算法崛起对法律规制提出了挑战,它可能挑战人类的知情权、个体的隐私与自由以及平等保护。作为人机交互的算法决策机制,算法并非价值中立,具备可规制性。算法公开、个人数据赋权、反算法歧视是传统的算法规制方式,但机械适用这些方式面临可行性与可欲性难题。算法公开面临技术不可行、公开无意义、用户算计与侵犯知识产权等难题,个人数据赋权面临个体难以行使数据权利、过度个人数据赋权导致大数据与算法难以有效运转等难题,反算法歧视面临非机器算法歧视、身份不可能完全中立、社会平等难以实现等难题。传统算法规制路径面临困境的根本原因在于忽视算法的场景性,算法可能因为运用算法主体的不同、针对对象的不同以及涉及问题的不同而具有不同的性质。因此,算法规制应采取场景化的规制路径,根据不同场景类型对算法采取不同的规制方式,以实现负责任的算法为目标。在算法场景化规制原则的指引下,可以构建算法公开、数据赋权与反算法歧视等算法规制的具体制度。",人工智能;算法;算法公开;数据权利;算法歧视;场景化规制,D92,0,,法学三大刊论文/中国社会科学/论算法的法律规制.pdf
1087,论结果导向的信息披露,应飞虎[1],"广州大学法学院,广州510006",2019,5,121,143,"我国消费者法中的经营者信息披露制度,以交易前的商品或服务信息为披露内容。这种相对静态的信息披露对消费者作出正确的消费选择是必须的,但在免费、低价等交易情形下,消费者必须先作出消费决策,才能在后续时间内接受服务或获取商品,这一时间差极易使消费者的认知偏差和心理弱点被经营者利用,消费者利益可能被损害于无形之中。针对这种行为的市场失灵,需要在我国的消费者法中建立一种结果导向的信息披露制度。在此制度下,结果导向的信息由经营者在交易前向消费者披露,被披露的信息应当跨越一个完整的交易过程,真实、全面地反映交易的成本或收益,从而使消费者更好地作出知情选择。在认识交易公平、市场失灵以及探究合适、有效的公权规制方面,行为经济学的知识和视野不可或缺。",结果导向;信息披露;认知偏差;消费者保护;行为经济学,F832.5,0,,法学三大刊论文/中国社会科学/论结果导向的信息披露.pdf
1088,论统一民事责任制度的建构——基于责任融合的“后果模式”,张家勇[1],"四川大学法学院,成都610207",2015,8,84,103,民事责任制度的法律构造存在“原因模式”与“后果模式”的差异。在责任形式多元化的情况下，“后果模式”与后果引导的法律救济思维特征更相契合。“后果模式”以功能性的责任形式为基础，不同功能性责任具有不同的构造逻辑和一般要件。根据“救济与权利一致”原则，不同责任基础具有相同或相似的结构形式，这为一般责任规范的提出奠定了基础，不同责任基础表现为一般责任规范的具体实现形式。一般责任规范与具体责任基础这种关系的厘清，有助于恢复被异化的责任基础的功能设置，实现不同责任基础的效果融合或责任统一。责任融合降低了现行法所贯彻的请求权竞合模式的正当性，为共同责任规范的立法抽象提供了可能性。对于中国民法典民事责任制度的建构而言，依“后果模式”配置责任制度是开发《民法通则》“民事责任”编制积极价值的可行之道。,民事责任;责任融合;原因模式;后果模式;民法典,D922.287,65,,法学三大刊论文/中国社会科学/论统一民事责任制度的建构——基于责任融合的“后果模式”.pdf
1089,论统筹推进国内法治和涉外法治,黄进[1],,2022,12,84,95,统筹推进国内法治和涉外法治是习近平法治思想的核心要义之一，其深刻意涵主要体现为国内法治和涉外法治的辩证关系，以及统筹推进的根本要求和基本遵循。该命题以中国特色社会主义法治理论、中国特色大国外交理论、现代先进国际法理念和中华优秀传统文化为思想渊源，与当前时代背景相呼应，与统筹国内国际两个大局相统一，展现通过法治推动构建人类命运共同体之道，并保障国家重要战略意图的实现，具有重大的时代意义、全局意义、国际意义和战略意义。当前应以推进涉外法治为重点，遵循正确处理两个“法治对子”的关系、加强涉外法治工作战略布局、加强涉外法治体系建设、加强国际法的研究和运用、加强涉外法治人才队伍建设等路径，统筹推进国内法治和涉外法治。,全面依法治国;国内法治;涉外法治;国际法治;习近平法治思想,C,,,法学三大刊论文/中国社会科学/论统筹推进国内法治和涉外法治.pdf
1090,论诉权的人权属性——以历史演进为视角,吴英姿[1],"南京大学法学院,南京210093",2015,6,112,130,诉权被认为来自罗马法上的“Actio”，但罗马法上的诉权其实是类型化了的诉讼程序，是特定主体在特定条件下被许可运用的特权。不同的诉权是实现不同诉求的程式（仪式）。私法诉权说完成了诉权的权利化改造；公法诉权说将诉权从私人之间的关系上升为公民与国家之间的关系，实现了诉权观念的革命。二战后，新自然法学与人权理论的繁荣为诉权人权论的浮现提供了理论基础。程序正义理论，特别是法律程序主义让诉权人权论走向成熟。以诉权人权论为基础构建的司法结构，是一个要求充分尊重诉权的主体地位、包含诉权与审判权商谈机制的结构。诉权的人权性质使得诉权具有绝对性，不得为诉权的实现附加条件。诉权不可放弃，放弃诉权的契约没有诉讼法上的效力。诉权不可否定，只能经行使而消耗。在诉权人权论下，民事诉讼目的当确定为“公正解决纠纷”。,诉权;人权;程序;公正,D923.4,58,,法学三大刊论文/中国社会科学/论诉权的人权属性——以历史演进为视角.pdf
1091,论预测性司法,王禄生[1],,2024,6,80,99,预测性司法是以系统论与运筹学为底色，以风险防控为导向的算法预测实践，遵循数据驱动的经验主义认识论。在安全治理需要、国家顶层推动以及政法科技创新的交叠影响下，我国预测性司法迅速发展，在引发刑事司法联结社会、治理社会、组织业务、决策理性等运行逻辑结构嬗变的同时，也与刑事司法价值形成内生冲突。基于良法善治的要求，应以“规制—认知—规范”总体合法性为切入点，基于比例原则确保预测性司法的合规部署和严格适用；按照司法价值敏感设计推动算法与数据二元治理，破除透明度与准确性悖论；围绕数字资本的均衡分布，以轻推为限度确保司法人员决策自主性、以关系伦理学强化诉讼参与人的有效参与。,司法;算法;预测性司法;自动化司法;精算司法,C,,,法学三大刊论文/中国社会科学/论预测性司法.pdf
1092,证券中介机构法律责任配置,邢会强[1],,2022,5,83,102,"随着我国股票发行体制改革的深入,我国引入了美国学者提出的看门人理论,并以此作为不断加重中介机构责任的理论依据,试图通过严厉的法律责任促进资本市场中介机构""看门"" 职能的实现.但责任轻重亦有限度,如果责任过重,有违""过责相当""原则,将不利于资本市场生态平衡.中介机构法律责任的配置,应考虑分配正义、激励相容、商业逻辑和国家竞争等诸多因素,以实现各方利益均衡.看门人理论与制度存在根本缺陷,应以""追首恶""理论与制度取代之,以合理分配风险,科学配置法律责任,强化""追首恶""与精准打击;在区分故意与过失的基础上,限缩连带责任之适用;在区分公开发行市场责任与公开交易市场责任的基础上,分别设置不同的责任限额,以促进资本市场健康、理性、协调发展.",市场看门人;追首恶;独立专家顾问;连带责任,C,,,法学三大刊论文/中国社会科学/证券中介机构法律责任配置.pdf
1093,财产权宪法化与近代中国社会本位立法,聂鑫,"清华大学法学院副教授,北京100084",2016,6,133,150,财产权保障是私法的核心内容之一，“私有财产神圣不可侵犯”也被写入近代宪法。但随着20世纪以来法律社会化的潮流，私权不再“绝对”而受到公法的规制，财产权社会属性也为现代宪法所确认，其标志是1919年德国魏玛宪法的颁布。传统的民生思想与现代的社会本位理念相结合，使得近代中国宪法财产权的规定在内容及体系安排上，与其他宪法基本权利条款相较有所不同。在近代中国移植西方法律的过程中，保护财产权的民法典与限制财产权的社会本位立法同时引入中国。当代不少入拘泥于所谓宪法财产权的“形式主义陷阱”，将宪法财产权条款与市场经济、法治联系在一起，片面强调没有宪法的保障就没有财产安全也就没有自由、繁荣的市场。这是对财产权历史与现实的双重误解。,宪法财产权;社会性权利;生存权;社会本位,D925.2,62,,法学三大刊论文/中国社会科学/财产权宪法化与近代中国社会本位立法.pdf
1094,财税法一体化的理论逻辑与实践转向,蒋悟真[1],,2024,2,65,83,现代国家财税治理的权利本位观念、体系规范理路和整体主义进路，共同证成和揭示了财税法一体化的理论与实践逻辑。财税法一体化以形成统一多元的法律价值、融贯协调的法律体系和整体协同的法律治理为具体内涵，旨在构建财税法的整体法学形象与整体法治秩序。应在权利保障法的语境之下，确立层次清晰、内容分明的财税法律价值体系；在新兴领域法的定位之下，建构整体与部分统筹融合的财税法律规范体系；在现代治理法的范式之下，促成政府、市场与社会关系协调的财税法律治理格局。,财税法;一体化;法典化;法律体系;整体性治理,C,,,法学三大刊论文/中国社会科学/财税法一体化的理论逻辑与实践转向.pdf
1095,赌博的法律规制,许德风,"北京大学法学院,北京100871",2016,3,147,168,从法律的视角看，赌博是当事人以客观不确定事件的发生作为财产转移唯一依据的约定。与保险转移或分散风险不同，赌博制造额外的风险。从社会经济效果看，自然人赌博会降低以边际效用为量度的社会福利；法人赌博，则可能会损害债权人利益，增大系统风险，产生巨大的经济崩溃或危机成本。规制赌博，应依据其类型采取不同策略。对于伴生赌博的市场交易，如证券、期货、金融衍生品等，虽应容忍其中的赌博因素，但对可能存在的赌博之负面影响应严加防范。对于与市场交易无关的赌博，如彩票、赌场和各类个人之间的赌博，法律原则上应予禁止，即便例外地允许，也应配套以有效限制赌博负面影响的制度。赌博的因素广泛存在于商事交易之中，揉入保险思考的“赌博-保险”框架可为统一解释现行法诸多制度提供新视角。,赌博;风险防范;保险利益;长期合同,D922.29,0,,法学三大刊论文/中国社会科学/赌博的法律规制.pdf
1096,转型时期刑法立法的思路与方法,周光权,"清华大学法学院,北京100084",2016,3,123,146,处于社会转型期的中国刑法立法需要及时转变法益观念，增强新的调控手段，赋予刑法新的机能，积极参与社会治理。活跃的立法与传统刑法观之间拉开了一定距离，从而面临许多新的难题，但并不会带来刑法过度干预的系统风险；犯罪化与刑法谦抑性没有矛盾，不能认为处罚范围越小越好。从总体思路上看，未来应当建立能动、理性、多元的立法机制。从具体方法上看，立法必须保持积极干预社会生活的姿态，改变目前的集中立法模式，但分散立法未必要采用刑法典、单行刑法和附属刑法三足鼎立的方式，而应建构以刑法典为核心，以轻犯罪法为辅助，刑罚和保安处分措施并行的成文刑法体系，形成治安管理处罚法、轻犯罪法、刑法的递进式无缝衔接制裁机制，严密法网但处罚轻缓。,社会转型;刑法立法;刑法典;轻犯罪法;罪刑法定,D924,0,,法学三大刊论文/中国社会科学/转型时期刑法立法的思路与方法.pdf
1097,违约金酌减预测研究,屈茂辉[1],"湖南大学法学院,长沙410082",2020,5,108,134,"违约金酌减已有诸多规范研究,但运用计量分析模型进行结果预测的研究尚属空白。现行法上的违约金过高判断依据单一,司法实践中无统一的裁判标准,预测研究可解决这些难题。通过对部分法官的结构性访谈,在预测研究之前可以厘清样本抽取和变量设置的规则。以中国裁判文书网相关判决书为样本,量化分析研究发现:判断违约金过高以高于实际损失的30%为标准确为合理,但还应当增加合同标的额的20%、合同履行程度两项标准;在违约金是否酌减和是否全减方面,违约方主观恶意越严重,或者越考虑到行业交易习惯、客观情节,违约金减少的可能性越小,越考虑到实际损失违约金全部减去的可能性也越小;在考量因素中,约定违约金占合同总价的比例以及预期利益对违约金酌减成数有显著影响;不同性质、不同合同类型的违约金,对酌减结果有显著影响的考量因素各异。以计量分析为主导方法的预测研究与法教义学研究并不冲突,后者为前者奠定基础,前者为后者提供论据和思路。",违约责任;违约金酌减;预测;实证研究;计量分析,D92,0,,法学三大刊论文/中国社会科学/违约金酌减预测研究.pdf
1098,"重构""法的渊源""范畴",雷磊[1],中国政法大学法学院北京100088,2021,6,147,167,"长久以来,关于""法的渊源""范畴的讨论纷繁复杂,与相近范畴纠缠不清.在法理论层面,法的渊源理论以法的适用为视角,致力于寻找和证成对司法裁判具有法律拘束力的规范基础.相应地,法的渊源就是司法裁判过程中裁判依据的来源,在法律论证中发挥着权威理由的功能.它包括效力渊源和认知渊源两种类型.效力渊源在司法裁判活动中具有主导地位,认知渊源须获得效力渊源的认可并与之相结合才能起作用.如此定义,既能有效区分法的渊源与其他规范材料(裁判理由),又能恰当界定""法的渊源""与""法""及""法的(表现)形式""这两个范畴之间的关系.在此基础上,可以对当代中国法的诸""渊源""的地位进行准确分析.",法的渊源;法理论;裁判依据;效力渊源;认知渊源,D90,0,,法学三大刊论文/中国社会科学/重构“法的渊源“范畴.pdf
1099,重构罪刑法定原则,高巍[1],"云南大学法学院,昆明650091",2020,3,123,145,"罪刑法定原则,作为科学主义和理性主义的产物,受制于时代变迁和理论预设,在实践中并未充分发挥自由保障价值,在惩罚犯罪的确定性方面也不断动摇。即使不断面临冲击,作为现代法治体系的重要原则,罪刑法定原则也应当得到坚持和维新。首先,实定法原则受到实质法论的冲击,不具法律形式的其他渊源成为事实上的罪刑依据。基于此,有必要重申实定法的法源专属性。其次,刑法文本的可能文义边界无法从经验上清晰划定,但不能因此否定文义边界,而应当放弃经验事实的客观边界设定,进行规范性边界的划定与证成。最后,应当承认和接纳司法的明确性责任,作为立法明确性的补充,并构建立法明确和司法明确的双层明确性体系。其中,刑事立法的明确性,应当从行为指引和司法限制两个角度构建标准。刑事司法的明确性,则要从立法文本出发,通过建立立法文本的次级一般性规则,对立法文本进行具体化,使立法文本得以不断接近具体特定的案件事实,最终建立立法文本和案件事实的涵摄关系。",罪刑法定原则;实定法;文义边界;明确性,D92,0,,法学三大刊论文/中国社会科学/重构罪刑法定原则.pdf
1100,非法证据排除规则的中国范式——基于1459个刑事案例的分析,易延友,"清华大学法学院,北京100084",2016,1,140,162,中国非法证据排除规则已经从法律文本走向司法实践，并且在保障人权方面发挥了重要作用。在司法实践中，绝大多数非法证据排除申请都能启动对证据合法性的审查，其中约有一成左右的申请得到支持，从而将非法证据排除。在非法证据被排除的案件中，有些被告人被宣告无罪，有些案件被发回重审，有的案件检察院撤回起诉；有些被告人虽被定罪，但其被指控的部分犯罪事实未被认定。有关非法证据排除的司法实践反映出一些问题，例如毒树之果原理的缺失导致犯罪嫌疑人、被告人的权利不能得到更好保护，部分案件在证据合法性证明问题上出现转嫁举证责任的现象，有些案件法院从内容真实推论程序合法，有些案件因规则模糊导致权利保护不到位。应对的举措是确立“毒树之果”规则，杜绝举证责任倒置，逐步实现从证据分类型规则向权利分类型规则的转变。,非法证据;非法证据排除;毒树之果;证明责任;人权保障,D925.2,7,,法学三大刊论文/中国社会科学/非法证据排除规则的中国范式——基于1459个刑事案例的分析.pdf
1101,面向“三维世界”的数字法学,马长山[1],"华东政法大学,上海200042",2024,11,145,163,数字法学立足于“三维世界”的系统创生，在其中展开自身的核心范畴。它呈现着“数字人类”的主体性再造、人类生活的数字逻辑和数字契约的共享赋权，因而生成了流动性、场景性、穿透性、交互性的数字权利；基于契约论向“三方论”的转型，构筑了传统数字化权力、新生数字权力和技术性数字权力的复杂权力结构；从“二维世界”迈进“三维世界”，使得数字正义摆脱了道德推理的分配策略，它在属性上是计算正义，在过程上基于认知计算，在方式上是可视正义，因而是一种计算分析的匹配正义。由此可见，数字法学负有重要的时代使命与担当，应致力于提炼“中国式现代化”中的法学命题，创新自主的数字法学理论，从而塑造新时代的自主法学知识体系。,数字法学;数字权利;数字权力;数字正义;数字法治,C,,,法学三大刊论文/中国社会科学/面向“三维世界”的数字法学.pdf
1102,风险控制的部门法思路及其超越,宋亚辉,"南京大学法学院,南京210093",2017,10,136,158,现代工业化引发的环境、健康、安全等公共风险极为特殊，风险控制已不再是纯粹的私法自治议题。作为回应，不断发展中的民法、刑法和行政法均将公共风险纳入其调整范围。但由于部门法壁垒的存在，中国“三足鼎立”的风险立法在运行层面呈现出“各自为政”的局面。这无助于风险控制工具之间的协调与合作。借助法经济学的体系化解释技术，散乱分布于各部门法的风险控制工具可被纳入统一的分析框架。这不仅有助于打破部门法壁垒，而且能将各部门法上的风险控制工具体系化整合为“三位一体”的结构。构建这一法律结构首先要打造开放的部门法体系，其次要在部门法体系之外，借助行业单行立法搭建部门法之间的合作桥梁，风险立法由此呈现出部门法“分”与“合”的双重变奏。,公共风险 风险立法 部门法分立格局 法律结构,D922.1,0,,法学三大刊论文/中国社会科学/风险控制的部门法思路及其超越.pdf
1103,马克思的法律发展思想及其当代意义,公丕祥,"南京师范大学法学院,南京210023",2017,10,112,135,马克思把握历史唯物主义法哲学分析原则，把法律发展现象置于社会变迁特别是历史向世界历史转变进程中加以观照，着力探讨法律发展的类型转换、内在机理、运动样式、价值取向等基本问题，确立了研究法律发展现象的理论分析工具，展示了其法律发展思想的理论逻辑力量，实现了法律发展理论史上的革命性变革。在全面推进法治中国建设、实现中国法治现代化的新的时代条件下，深入研究马克思的法律发展思想，对于揭示中国法治现代化进程的社会机理，推进国家法治与区域法治的协调发展，恪守以人民为中心的法治发展准则，把握新全球化进程中的中国法治的历史方位，进而探寻文明社会法治现代化的“中国方案”，具有极为重要的理论价值与实践意义。,马克思 法律发展 理论工具 当代意义,D90,0,,法学三大刊论文/中国社会科学/马克思的法律发展思想及其当代意义.pdf
