rank,pid,source,ccb_score,title
1,1865,E1+E2,94.32,股权转让中的出资义务承担——以组织法与行为法融贯为视角
2,1853,E1+E2,93.76,非典型电子证券转让的一般规则——以应收账款电子凭证为例
3,901,E1+E2,93.35,重构“禁止抽逃出资”规则的公司法理基础
4,1238,E1+E2,93.24,债权人代位权的类型化构造
5,319,E1+E2,93.21,基本权利私人间效力法理基础的澄清与重构
6,1023,E1+E2,93.18,法益修复与功能违法论
7,1493,E1+E2,93.12,抽逃出资规则及公司分配制度的系统性改造
8,1824,E1+E2,92.88,集体商标和证明商标保护体系的重构
9,1915,E1+E2,92.82,论规范归咎刑事责任范型
10,1168,E1+E2,92.56,为被告人利益抗诉与上诉不加刑原则之适用———以上诉理由之限制为中心
11,619,E1+E2,92.53,符合法律的宪法解释与宪法发展
12,1428,E1+E2,92.47,实体性查封优先权的理论证成及体系展开
13,1553,E1+E2,92.41,正当防卫中的退避义务
14,1260,E1+E2,92.21,公司决议瑕疵立法的范式转换与体系重构
15,1510,E1+E2,92.18,数字私力救济——基于远程控制网联物的权利实现
16,1501,E1+E2,92.12,改革型地方立法变通机制的反思与重构
17,1337,E1+E2,92.03,受贿犯罪的保护法益
18,409,E1+E2,91.94,执行价款分配模式转型之辨
19,1764,E1+E2,91.94,论选择性要素的认识错误
20,1194,E1+E2,91.88,从基本权理论看法律行为之阻却生效要件
21,1571,E1+E2,91.88,民法典中的动产和权利担保体系
22,1606,E1+E2,91.82,法条竞合与想象竞合的区分
23,1519,E1+E2,91.65,整体法秩序视野下被害人自陷风险的理论重塑
24,1779,E1+E2,91.65,财产犯罪中财产性利益的事实占有：以存款债权为中心
25,1854,E1,91.6,个人信息作为对待给付
26,1481,E1+E2,91.56,我国证券虚假陈述侵权责任规范模式之重构
27,1200,E1+E2,91.53,代理公开的例外类型和效果
28,1307,E1+E2,91.41,刑民交叉实体问题的解决路径——“法律效果论”之展开
29,1710,E1+E2,91.41,董事间披露义务的法律构造
30,1574,E1+E2,91.38,民法典所有权保留之担保权构成
31,1885,E1,91.31,论程序法上的犯罪事实
32,1711,E1+E2,91.29,虚假陈述比例连带责任的认定模式与体系展开
33,1864,E1+E2,91.26,生态环境法典的复合结构及其体系化适用
34,1909,E1+E2,91.0,论股东协议的组织法效力
35,1615,E1+E2,90.94,注意义务的规范本质与判断标准
36,861,E1+E2,90.88,诈骗罪重构:交易信息操纵理论之提倡
37,956,E1,90.81,公序良俗原则与诚实信用原则的区分
38,101,E1+E2,90.76,中国特色反腐败制度框架下贿赂犯罪法益的确定
39,946,E1+E2,90.65,"从""权能分离""到""权利行使"""
40,1602,E1,90.65,法律解释与法律续造的区分标准
41,1781,E1+E2,90.65,货币返还请求权规则的重构
42,1125,E1+E2,90.62,不真正不作为犯的边界
43,1763,E1+E2,90.62,论行政行为“明显不当”
44,1390,E1+E2,90.59,基于决定关系的证据客观性:概念、功能与理论定位
45,1266,E1+E2,90.56,公司法上社会责任条款司法化的逻辑与再塑
46,1218,E1+E2,90.5,侵害人视角下的正当防卫论
47,1575,E1+E2,90.41,民法典的精神损害赔偿体系——以功能主义为视角
48,1919,E1+E2,90.41,论合同失效——制度供给与自主知识体系
49,820,E1,90.35,论法律解释目标的逐案决定
50,21,E1+E2,90.32,“审执分离”本质与路径的再认识
51,882,E1+E2,90.29,过失犯远因溯责的规制路径：以渎职犯罪为中心
52,1277,E1+E2,90.29,具体的打击错误：从故意认定到故意归责
53,407,E1+E2,90.26,我国飞跃上诉的制度构建:兼论有限三审制的改革路径
54,1402,E1+E2,90.24,基本权利的国家保护:从客观价值到主观权利
55,634,E1+E2,90.15,组织法的诉讼构造:公司决议纠纷诉讼规则重构
56,317,E1+E2,90.12,基本原则与概括条款的区分:我国诚实信用与公序良俗的解释论构造
57,413,E1+E2,90.0,抢劫罪与敲诈勒索罪之界分：基于被害人的处分自由
58,1208,E1,90.0,优先股与普通股的利益分配
59,1450,E1+E2,89.97,已公开个人信息的刑法保护
60,1106,E1+E2,89.94,"""债权物权化""之范畴厘定"
61,1577,E1+E2,89.88,民法典编纂视野下合同法第402条、第403条的存废
62,1818,E1+E2,89.88,金钱 “占有即所有”原理批判及权利流转规则之重塑
63,1738,E1+E2,89.74,规制大众传播媒介的回应权：功能延续与制度发展
64,1821,E1+E2,89.74,防卫限度判断中的利益衡量
65,1546,E1,89.69,构成要件错误的本质:故意行为危险的偏离
66,772,E1,89.59,论基本权利私人间效力的范式转型
67,500,E1+E2,89.5,民事非法证据排除的规范解释与实务观察
68,357,E1+E2,89.47,平台用工的“劳动三分法”治理模式
69,1772,E1,89.47,诈骗罪中的处分意识:必要性及判别
70,1317,E1+E2,89.44,利他型人寿保险中投保人与受益人的对价关系
71,339,E1+E2,89.38,实行犯的对象错误与教唆犯的归责问题
72,683,E1,89.38,行政法上的不确定法律概念
73,1786,E1+E2,89.26,超越所有权保留的名实之争——选择性救济路径之证成
74,1098,E1+E2,89.24,"重构""法的渊源""范畴"
75,1223,E1+E2,89.24,保底信托效力认定的类型化
76,1556,E1+E2,89.24,死刑适用标准的体系化构造
77,1708,E1+E2,89.24,著作权法限制音乐专有许可的正当性
78,29,E1+E2,89.18,“枫桥经验”与当代中国纠纷解决机制结构变迁
79,1848,E1+E2,89.18,宪法秩序下如何安放法典——从“基础性法律”的适用切入
80,1842,E1+E2,89.15,电子游戏著作权保护中思想与表达的界分方法
81,1614,E1+E2,89.12,"注册商标使用中的""未改变显著特征"""
82,525,E1,89.09,法人功能性分类与结构性分类的兼容解释
83,1820,E1+E2,89.09,防卫过当的阶层式判断规则
84,1620,E1+E2,89.06,涉外知识产权归属的法律适用
85,1387,E1+E2,89.03,域外管辖的体系构造:立法管辖与司法管辖之界分
86,1321,E1+E2,89.0,动产担保物权的默示延伸
87,1373,E1+E2,89.0,国有自然资源资产产权行使机制的完善
88,1618,E1,88.99,涉外代理关系准据法的确定
89,1329,E1+E2,88.97,原情与抑情：从“崔三过失杀父案”看清代中期的礼教与司法
90,1676,E1,88.93,积极抗辩事由的证明责任：误解与澄清
91,1322,E1+E2,88.91,劳动关系认定的理论澄清与规范建构
92,1347,E1+E2,88.91,合同形式主义的演进及其影响———消费者保护的视角
93,1857,E1,88.91,论包括一罪的构造——以涉及同一罪名的情形为检验素材
94,1767,E1+E2,88.88,论驳回公诉制度及其在我国刑事诉讼中的引入
95,1330,E1+E2,88.82,反不正当竞争法一般条款的保护限度——以市场区分为视角
96,805,E1,88.74,论无权代理人赔偿责任的双层结构
97,1914,E1,88.74,财产犯罪中利益转移的要件重构：从物的占有到债的实现
98,1303,E1,88.72,刑事诉讼法时间效力规则研究
99,1727,E1+E2,88.71,行贿罪之“谋取不正当利益”的法理内涵
100,1658,E1,88.69,知情与行为相分离情形下法人知情归责的认定
101,1860,E1,88.69,诉权处分合同的程序法效果及其司法审查
102,1601,E1,88.65,法律规范合宪性解释的方法论构造
103,1841,E1+E2,88.62,前占有人原物返还请求权的理论与规范
104,295,E1,88.57,国际民事诉讼管辖权的基础构造
105,1765,E1,88.57,论防卫人的救助义务——自由分配视角下的正当防卫与先前行为
106,1448,E1+E2,88.56,履行行政职责的作为可能性
107,1689,E1,88.53,网络空间中犯罪帮助行为的类型化——来自司法判决的启发
108,489,E1,88.46,比例原则的普遍化与基本权利的性质
109,1145,E1,88.46,中国宪法上基本权利限制的形式要件
110,1858,E1,88.44,共同关系与共有类型
111,1296,E1,88.43,刑事证据标准与证明标准之异同
112,1412,E1,88.41,夫妻债务的清偿顺序
113,1586,E1,88.41,法人依瑕疵决议所为行为之效力
114,51,E1,88.34,三权分置下农地流转权利体系重构研究
115,1234,E1,88.32,受贿犯罪的保护法益
116,1427,E1,88.32,实体导向的必要共同诉讼：模式转换与制度重塑
117,1445,E1,88.32,对待给付风险负担的基本原则及其突破
118,1775,E1,88.28,"诚信原则修正功能的个案运用———以最高人民法院""华诚案""判决为分析对象"
119,1127,E1,88.26,业务侵占:贪污罪的解释方向
120,1285,E1,88.24,农民集体与农村集体经济组织关系之二元论
121,1685,E1+E2,88.24,缔约过程中说明义务的动态体系论
122,124,E1,88.21,事实因果与刑法中的结果归责
123,1012,E1+E2,88.18,标表型人格权的构造与人格权商品化批判
124,1401,E1,88.18,基本权利的功能体系与行政法治的进路
125,1572,E1,88.1,民法典体系下动产抵押权善意取得的规范续造
126,316,E1,88.09,基于领域性支配的保证人义务：反思与重塑
127,1258,E1,88.07,公司代表越权担保的制度逻辑解析以公司法第16条第1款为中心
128,1219,E1+E2,88.06,侵权责任与隐私权——责任人和行为人分离情形下的考量
129,1221,E1,88.03,侵犯公民个人信息罪“情节严重”的法理重述
130,1783,E1,88.03,贿赂犯罪治理策略的定量研究
131,565,E1+E2,88.0,犯罪圈与刑法修正的结构控制
132,1331,E1+E2,87.97,反不正当竞争法一般条款的司法适用模式
133,1844,E1,87.97,财产损害与盗窃罪认定
134,1729,E1,87.96,被动管理型信托的效力澄清
135,682,E1,87.94,行政法上权利观念的对立及其消解
136,442,E1,87.91,数据爬取的正当性及其边界
137,815,E1,87.91,论民法典后司法解释之命运
138,1769,E1,87.88,证据属性层次论——基于证据规则结构体系的理论反思
139,1486,E1,87.87,扩用无因管理相反请求权研究
140,830,E1,87.84,论破产程序中企业数据财产的处理
141,1852,E1+E2,87.79,司法人工智能的理由模式及其功能限度
142,1400,E1,87.78,基本权利功能视野下平台经济不正当竞争认定范式重塑
143,1897,E1,87.76,区分自然犯与法定犯的新标准：主体性法益/主体间性法益
144,1695,E1,87.72,股东出资加速到期的理论证成
145,1645,E1,87.71,申请保全错误损害赔偿责任：规范、定性及诉讼实现
146,951,E1+E2,87.68,以“生态恢复论”重构环境侵权救济体系
147,1730,E1,87.68,被害人因受骗而同意的法律效果
148,347,E1,87.66,宽容原则之上：法律解释与存疑有利于被告
149,1562,E1,87.65,民事诉讼中具体化责任的转移:法理、条件与程度
150,1739,E1,87.65,规制抽象危险犯的新路径:双层法益与比例原则的融合
151,418,E1,87.62,控制性详细规划的法律定位及控制
152,1120,E1+E2,87.62,一致性解释原则在国际贸易行政案件中的适用
153,1551,E1,87.6,欺诈市场理论反思
154,338,E1+E2,87.59,实体与程序互动视野下的刑事合规立法
155,1829,E1,87.59,非法人组织与其他组织的关系困局及其破解
156,1195,E1,87.56,从数据生产到数据流通：数据财产权益的双层配置方案
157,1439,E1,87.56,宪法通信权双重保护论
158,1867,E1+E2,87.56,公法属地原则与域外适用的博弈共存
159,1143,E1,87.5,中国合同法上的产权平等保护
160,950,E1,87.49,从身份到行为：劳动法规范构造的转型
161,1741,E1,87.49,警察行政介入民事领域的正当性及类型化调控
162,1774,E1,87.49,诉讼标的理论的新范式——“相对化”与我国民事审判实务
163,1224,E1,87.47,保理法的再体系化
164,1894,E1,87.47,电子商务平台守门人责任研究
165,235,E1,87.46,刑民界分视野下诈骗罪成立范围的实质认定
166,1898,E1,87.46,论基本权利干预中的法律保留与宪法保留
167,1141,E1,87.44,中国刑事司法证明“唯客观化”批判
168,1593,E1,87.41,法律保留的中国方案：“本质重要性”标准的引入及应用
169,486,E1,87.38,死刑案件量刑阶段的轻刑推定原则
170,1683,E1,87.38,组织体刑事责任论及其应用
171,1264,E1,87.34,公司机会规则的反思与体系建构
172,1273,E1,87.32,共犯人关系的再思考
173,1360,E1,87.32,嗣后财产灭失、相反行为与遗嘱效力
174,1474,E1,87.32,我国民事自认的非约束性及其修正
175,1492,E1,87.31,抵销预期的发现及其价值———以保证金的破产抵销为线索
176,1363,E1,87.28,因果关系错误问题及其应对——以行为危险现实化说的再阐释为中心
177,1516,E1,87.28,数据的私法定位与保护
178,1869,E1,87.26,人工智能法学之类比方法及其省思：以AIGC著作权保护问题为例
179,209,E1,87.25,再论行政应急性原则:内涵、证立与展开
180,1752,E1,87.25,论刑法教义学与实证研究
181,1458,E1+E2,87.24,建设用地国有制的逻辑、挑战及变革
182,1862,E1,87.24,信息能力对法律规范形态的塑造
183,657,E1,87.22,股东会与董事会分权制度研究
184,866,E1,87.22,财产损失要件在诈骗认定中的功能及其判断
185,1878,E1,87.21,“正当信赖”的衡平检验
186,715,E1,87.18,论《民法典》的溯及力
187,1634,E1,87.18,特别条款优先效力的理论困境及其解决路径——以特别关系的类型区分为视角
188,593,E1,87.16,知识产权法与反不正当竞争法关系重探
189,718,E1,87.16,论中国刑法上的“二阶刑事违法”
190,1713,E1,87.16,行政协议诉讼的制度构建
191,1111,E1+E2,87.12,“直诉”源流通说辨正
192,1582,E1,87.09,民法总则中非法人组织权利能力之证成
193,1640,E1,87.07,环境行政处罚规制功能之补强
194,1875,E1,87.07,民法典约定解除权制度的构造与适用
195,1109,E1,87.06,“对赌协议”的裁判路径及政策选择——基于PE/VC与公司对赌场景的分析
196,1613,E1+E2,87.06,注册制度改革背景下基于商标不使用的实体法抗辩
197,1803,E1,87.03,连带债务发生明定主义之反思
198,1274,E1+E2,87.0,关联交易规制的世行范式评析与中国范式重构
199,1530,E1,86.99,无益费用的赔偿限制原理
200,137,E1,86.97,人格标识的“他为性”及其规范影响
201,748,E1,86.96,论冒名处分不动产的私法效果
202,1171,E1,86.94,义务范围理论下证券服务机构过失虚假陈述赔偿责任
203,1102,E1,86.93,风险控制的部门法思路及其超越
204,1301,E1,86.91,刑事诉讼时间规范的理论逻辑与制度改良
205,1233,E1,86.85,信用惩戒适用行为人责任的法理及其限度
206,1399,E1,86.84,基本权利冲突及其解决思路
207,1263,E1,86.82,公司挤出合并下异议股东回购请求权的功能定位
208,812,E1,86.81,论民事诉讼中的法官调查取证权
209,1456,E1,86.81,广播组织权的客体——兼析“以信号为基础的方法”
210,635,E1,86.79,组织法视阈中的公司决议及其法律适用
211,1198,E1,86.79,从预约到前合同协议——合意多样性视角下的类型化
212,1356,E1,86.79,"商标""显著特征""之内涵重释"
213,1271,E1,86.76,公私法协动视野下生态环境损害赔偿的理论构成
214,1777,E1,86.75,调整个性化定价的公私法协动体系构造
215,1261,E1,86.74,公司分配视角下的股东身份从属债权劣后受偿
216,184,E1,86.72,全国人大常委会授权的宪法定位及合宪性展开
217,604,E1,86.72,禁止重复起诉规则之重构:以合同效力的职权审查为背景
218,1342,E1,86.72,司法解散公司事由的实证研究
219,1917,E1,86.72,无独立请求权第三人制度的功能异化与规则再造
220,1840,E1,86.66,生命体尊严：生命尊严的法律内涵解释
221,1515,E1,86.59,数据公平利用的法理反思与制度重构
222,570,E1,86.57,环境权的规范效力：可诉性和具体化
223,1636,E1,86.56,"犯罪故意概念中的""危害社会"":规范判断与归责机能"
224,1742,E1,86.56,计算机信息系统作为财产的私法保护
225,1748,E1,86.56,许可权抑或禁止权：广播组织权的权能研究
226,245,E1,86.54,劳动者个人信息处理中同意的适用与限制
227,236,E1,86.53,刑法中行为论的新展开
228,211,E1,86.51,农村土地流转的合宪性分析
229,531,E1,86.51,法定物权的自由展开：经济分析与法律教义
230,1554,E1,86.5,正当防卫法律规则司法重构的经验研究
231,1828,E1+E2,86.47,雾霾应急的中国实践与环境法理
232,493,E1,86.46,民事救济规范竞争关系的协调
233,205,E1+E2,86.44,共同市场支配地位的理论基础与规则构造
234,1022,E1,86.44,法益保护与比例原则
235,1642,E1,86.41,现代监护理念下监护与行为能力关系的重构
236,654,E1,86.4,职务发明奖酬管制的理论困境与现实出路
237,1435,E1,86.38,宪法中的禁止保护不足原则——兼与比例原则对比论证
238,1459,E1,86.38,归责视野下共同犯罪的区分制与单一制
239,1364,E1,86.34,因果力比较规则的刑法理论构造
240,1709,E1,86.32,董事合规义务：责任限缩与助推型公司法规则的构建
241,900,E1,86.31,重新发现“同案”:构建案件相似性的判断标准
242,1379,E1,86.31,地方各级人民法院宪法地位的规范分析
243,1130,E1,86.29,个人信息国家保护义务理论的反思与重塑
244,1799,E1,86.26,违约获益交出责任的正当性与独立性
245,180,E1+E2,86.24,党内法规的概念分析
246,1621,E1,86.22,涉诉信访治理的正当性与法治化——1978
247,1651,E1,86.22,界定行政处罚行为的功能性考量路径
248,1686,E1,86.22,缺省性公司法规则的构造——基于减少交易成本和代理成本的分析
249,610,E1,86.21,程序性犯罪构成要素的性质
250,1594,E1,86.19,法律关系范式之反思——以民事诉讼法为中心
251,1237,E1,86.18,债务清理上破产法与执行法的关系
252,1801,E1,86.18,违约金的类型构造
253,1901,E1,86.18,新实体不服说下上诉利益判断规则研究
254,1202,E1,86.16,以审判为中心的刑事诉讼制度改革
255,1335,E1,86.16,受贿犯罪保护法益与刑法第388条的解释
256,1447,E1,86.16,将有财产担保效力的破产阻断
257,1802,E1,86.16,违规合同的效力评价：路径与方法
258,1706,E1,86.13,著作权法中传播权的体系
259,482,E1,86.12,"正当防卫中的""误判特权""及其边界"
260,563,E1,86.12,物上担保权益的分层构造及实现保障
261,1622,E1,86.12,混合共同担保人相互间无追偿权论
262,1521,E1,86.1,文体活动自甘冒险的风险分配与范围划定
263,1750,E1,86.1,论刑事综合型证明模式及其对印证模式的超越
264,803,E1,86.09,论数据信息损害的承认与救济
265,1918,E1,86.03,社会治理视角下刑法归责模式的现代转型
266,1598,E1,86.01,法律行为内容评判的个案审查比对方法——兼谈民法典格式条款效力规范的解释
267,676,E1,85.99,行政协议的识别与边界
268,1548,E1,85.99,案外人对执行标的主张实体权利的程序救济
269,1697,E1,85.99,自然人民事权利能力差等论的批判与反思
270,1814,E1,85.99,量刑指导意见的司法实践与重构——以盗窃罪为切入点
271,675,E1,85.97,行政协议变更、解除制度的整合与完善
272,1397,E1,85.97,基本权利保护义务关系结构的型变
273,152,E1+E2,85.94,企业合规不起诉改革的实体法障碍及其消除
274,534,E1,85.91,法律位阶判断标准的反思与运用
275,1357,E1,85.91,商标保护与市场竞争关系之反思与修正
276,981,E1,85.9,国家保护视野中的个人信息权利束
277,979,E1,85.87,商法漏洞的特别法属性及其填补规则
278,1183,E1,85.87,二元规范论视角下刑法第13条但书规定的解释论展开
279,1637,E1,85.87,环境侵权因果关系类型化视角下的举证责任
280,37,E1,85.84,“蛋壳脑袋”规则之反思与解构
281,837,E1,85.84,论缓和的结果归属
282,1731,E1,85.81,被误解和被高估的动态体系论
283,314,E1,85.79,基于信任的自动化决策:算法解释权的原理反思与制度重构
284,438,E1,85.79,数字经济时代我国数据犯罪刑法规制的挑战与应对
285,1212,E1,85.78,作为规范的技术标准及其与法律的关系
286,1449,E1,85.78,工伤认定一般条款的建构路径
287,1675,E1,85.78,积极悔罪制度的体系化：平等适用刑法原则消极面向的展开
288,858,E1,85.76,证据属性的中国法律之道
289,1661,E1,85.76,知识产权法与反不正当竞争法一般条款的关系
290,393,E1,85.75,我国立法权的内在构成及其配置原理的完善
291,625,E1,85.75,精神文明的宪法叙事：规范内涵与宪制结构
292,696,E1,85.75,行政违法性认识错误的性质与处理规则
293,753,E1,85.75,论刑事案件不法原因给付财产的没收
294,1311,E1,85.75,刑法体系的合宪性调控——以“李斯特鸿沟”为视角
295,809,E1,85.74,论民事判决的遮断效力
296,1715,E1,85.72,行政处罚的预防目的及其规范建构
297,1152,E1,85.65,中国民事诉讼率变迁的影响机制——对曲线理论的检验和修正
298,1170,E1,85.62,主观权利概念之理论检讨——以胎儿的民事权利能力问题为中心
299,1232,E1,85.6,信托受托人忠实义务的功能诠释与规范重塑
300,1644,E1,85.59,用户价值与数字税立法的逻辑
301,1813,E1,85.59,重思个人信息权利束的保障机制：行政监管还是民事诉讼
302,444,E1,85.56,数据财产的权利架构与规则展开
303,1392,E1,85.56,基于数据主权的国家刑事取证管辖模式
304,1324,E1,85.53,劳动基准法的范畴、规范结构与私法效力
305,1520,E1,85.49,文书真伪认定的中国路径
306,1832,E1,85.44,预约合同效力和违约救济的实证考察与应然路径
307,1144,E1,85.43,中国宪法上国家所有的规范含义
308,1503,E1,85.4,故意杀人罪死刑裁量机制的实证研究
309,852,E1,85.38,论醉驾案件的程序出罪
310,1239,E1,85.38,债权多重让与的体系解释
311,1815,E1,85.37,量刑自由裁量权的边界:集体经验、个体决策与偏差识别
312,591,E1,85.35,监控者与管理者可否合一：行政法学体系转型的基础问题
313,744,E1,85.29,论公司机关决策权力的配置
314,1668,E1,85.29,离婚协议中的“赠与子女财产”条款研究
315,671,E1,85.28,行政举报案件中原告资格认定的构造
316,1557,E1,85.26,比例原则位阶秩序的司法适用
317,490,E1,85.25,比例原则的法理属性及其私法适用
318,1,E1,85.24,AIGC版权判定的认知经济性分析
319,488,E1,85.22,比例原则在民法上的适用及展开
320,499,E1,85.21,民事诉讼证据失权制度的衰落与重建
321,756,E1,85.19,论刑法的网络空间效力
322,1055,E1,85.16,行政改革试验授权制度的法理分析
323,1893,E1,85.16,论数字行政正当程序构造
324,916,E1+E2,85.15,中华法的政治机理——基于秦汉与古罗马时期的比较视角
325,1229,E1,85.1,保障房租赁与买卖法律关系的性质
326,1782,E1,85.06,货运代理转委托行为的类型区分及法律效力
327,274,E1,85.03,"合宪性审查中""相抵触""标准之建构"
328,1308,E1,85.03,刑民交叉案件中的事实认定与证据使用
329,1350,E1,85.03,合宪性解释在我国法院的实践
330,441,E1,85.01,数据产权登记的基本问题研究
331,1599,E1,85.01,法律行为效力瑕疵情形的返还清算
332,1228,E1,85.0,保险法安全维护义务的体系定位与规则重塑
333,1663,E1,84.99,破产程序中的抵销预期保护
334,198,E1,84.94,公平公正待遇条款的法方法困境及出路
335,148,E1,84.93,以危险方法危害公共安全罪认定规则研究
336,1418,E1,84.93,存款货币的权利归属与返还请求权——反思民法上货币“占有即所有”法则的司法运用
337,1737,E1,84.9,规划许可诉讼中邻人保护的权利基础与审查构造
338,1384,E1,84.87,城市空间利益的正当分配——从规划行政许可侵犯相邻权益案切入
339,1910,E1,84.87,数据财产权排他性研究
340,738,E1,84.84,论依规范目的认定合同无效：以《合同编通则解释》第16条为中心
341,1773,E1,84.84,诉讼外鉴定的类型化及其司法审查
342,609,E1,84.75,程序性救济的制度模式及改造
343,636,E1,84.69,经理雇佣合同与委任合同之分辨
344,1698,E1,84.68,自然资源分出物的自由原始取得
345,1883,E1,84.68,但书出罪的规范基础与实践展开
346,523,E1,84.66,民间借贷诉讼中的证明责任问题
347,590,E1,84.62,登记对抗主义的反思与改造：《物权法》第24条解析
348,131,E1,84.59,交易性贬值损失之赔偿
349,1787,E1,84.59,跨法域合同纠纷中强制性规范的类型及认定规则
350,655,E1,84.57,职场智能监控下的劳动者个人信息保护——以目的原则为中心
351,1809,E1,84.57,避税行为可罚性之探究
352,1133,E1,84.56,个人信息的侵权法保护
353,765,E1,84.54,论国家所有权与行政权的关系
354,1409,E1,84.53,多数人之债的类型建构
355,1855,E1,84.53,人工智能侵权的过错责任
356,541,E1,84.51,法律行为解消清算规则之体系统合
357,1635,E1,84.49,犯罪参与体系中区分制与单一制的融合
358,469,E1,84.44,未成年人违警行为的提出与立法辨证
359,1231,E1,84.44,信息网络传播行为的认定
360,269,E1,84.41,司法解释中的出罪规范:类型、依据与完善方向
361,1061,E1,84.41,行政许可的民法意义
362,280,E1,84.4,商主体资格形成机制的革新
363,1542,E1,84.4,期待权之检讨
364,1576,E1,84.4,民法典编纂的宪法学透析
365,1776,E1,84.4,诱惑侦查的程序控制
366,529,E1,84.38,法域协调视角下规范保护目的理论之重构
367,620,E1,84.38,答复类行政解释的行政诉讼法定位及其司法审查
368,663,E1,84.37,自然资源之上权利的层次性
369,1755,E1,84.37,论我国诉讼证据审查要素及审查方法的调整改革
370,627,E1,84.35,系统论宪法学新思维的七个命题
371,1407,E1,84.35,外国版权客体在本国的保护
372,1538,E1,84.35,智能投资顾问模式中的主体识别和义务设定
373,1719,E1,84.32,行政撤诉之再诉禁止效力的构造与限度
374,492,E1,84.31,民事再审之诉“二阶化构造”的程序重塑
375,796,E1,84.31,论抽象危险犯个罪裁判规范的续造
376,1220,E1,84.31,侵权赔偿体现知识产权价值的民法原理
377,1696,E1,84.31,股东溢价出资的会计表达与法律属性
378,1745,E1,84.29,认罪认罚何以从宽：误区与正解——反思效率优先的改革主张
379,1494,E1,84.26,担保物权实现的程序标的：实践、识别与制度化
380,1124,E1,84.24,不动产定期承租人的预期违约责任——兼评“合同编通则解释”第61条
381,1349,E1,84.22,合宪性视角下的成片开发征收及其标准认定
382,902,E1,84.21,金融诈骗罪特别从宽于诈骗罪的再认识
383,1278,E1,84.21,养老机构人身损害赔偿责任之过错认定
384,1843,E1,84.15,构思决定论视野下生成式人工智能生成物的版权保护
385,1906,E1,84.13,论“平等主体”：以《民法典》第2条为中心
386,1319,E1,84.12,功能主义视域下的行政协议
387,582,E1,84.1,生态文明体制改革中自然资源资产分级行使制度研究
388,93,E1,84.07,中国比较宪法学的重新定位与方法论重构
389,366,E1,84.03,形式与实质之争：税法视域的检讨
390,922,E1,84.03,中国宪法上基本权利法律保留的生成与构造
391,147,E1,84.01,以买卖合同担保借贷的解释路径与法效果
392,749,E1,84.01,论农民进城落户后集体土地“三权”退出
393,906,E1,84.0,非法持有枪支罪的司法认定
394,1297,E1,84.0,刑事证明标准的规范偏移与校正——从“刑事诉讼法解释”第140条切入
395,1453,E1,83.99,平台扼杀式并购的反垄断悖论
396,1215,E1,83.97,依法治国与深化司法体制改革法官责任制度的三种模式
397,878,E1,83.94,"超越""依法裁判""的清代司法"
398,1728,E1,83.93,表见代理中的被代理人可归责性
399,272,E1,83.9,司法认知偏差与量化裁判中的锚定效应
400,880,E1,83.9,身份权的派生确权与参照保护
401,1667,E1,83.9,禁止财务资助规则的公司法建构
402,206,E1,83.87,共犯处罚根据论的反思与修正:新混合惹起说的提出
403,284,E1,83.85,商标权行使与姓名权保护的冲突与规制
404,1464,E1,83.85,惩罚性赔偿的行政法反思
405,674,E1,83.82,行政协议与单方行为的界分
406,1413,E1,83.82,夫妻共同财产的潜在共有
407,1631,E1,83.79,版权保护与创作、文化发展的关系
408,1405,E1,83.78,增值税中性原则与民事制度
409,1679,E1,83.75,算法透明层次论
410,453,E1,83.74,新就业形态法律关系认定规则
411,1254,E1,83.74,八二宪法土地条款：一个原旨主义的解释
412,1907,E1,83.74,交易习惯的功能分型和适用方法
413,1132,E1,83.72,个人信息权的分析与建构
414,1714,E1,83.68,行政处罚中择一重罚规则的体系化阐释
415,690,E1,83.66,行政许可条件设定模式及其反思
416,1423,E1,83.65,安全保障义务人侵权补充责任的理论反思
417,1569,E1,83.65,民法典不当得利返还责任体系之展开
418,334,E1,83.63,存款占有的归属与财产犯罪的界限
419,1578,E1,83.63,民法合宪性解释的事实条件
420,685,E1,83.62,行政活动法律保留的结构变迁
421,1088,E1,83.6,论统一民事责任制度的建构——基于责任融合的“后果模式”
422,928,E1,83.59,中国民众刑法偏好研究
423,1236,E1+E2,83.59,修正普及主义视域下跨境破产的本土选择
424,1761,E1,83.56,论清代刑案诸证一致的证据标准——以同治四年郑庆年案为例
425,1180,E1,83.54,乡村振兴背景下的宅基地权利制度重构
426,385,E1,83.53,我国民事庭审阶段化构造再认识
427,892,E1,83.53,逮捕社会危险性条件中犯罪嫌疑人逃跑风险评估研究
428,1018,E1,83.53,法律行为的内在正义与外在正义
429,1262,E1,83.51,公司属人法的确定：真实本座主义的未来
430,50,E1,83.47,《行政处罚法》主观过错条款适用展开
431,548,E1,83.47,法律责任概念的反思与重构
432,41,E1,83.44,“超期申请行政复议”的形成逻辑与体系化应对
433,215,E1,83.44,分层土地利用中的强制地役权研究
434,1490,E1,83.43,报偿赠与论
435,165,E1,83.41,保险人撤销权:保险法中的一个制度选择及其合理性追问
436,1181,E1,83.4,书面形式与合同的成立
437,1583,E1,83.38,民法总则法源条款的缺失与补充
438,733,E1,83.37,论人工智能立法的基本路径
439,1380,E1,83.37,地方性法规设定行政处罚的空间
440,476,E1,83.35,核定征收适用范围的延展及其反思
441,1455,E1,83.34,平台经济从业者社会保险法律制度的构建
442,1087,E1,83.32,论结果导向的信息披露
443,1206,E1,83.32,仲裁协议主观范围理论的重构
444,1320,E1,83.31,动产抵押的登记对抗原理
445,1287,E1,83.29,决议行为效力规则之构造
446,58,E1,83.28,不阻止他人犯罪的刑事责任
447,1341,E1,83.28,司法审查中的滥用职权标准——以最高人民法院公报案例为观察对象
448,561,E1,83.26,清代的轻罪治理及其当代启示
449,1419,E1,83.26,存疑有利于被告原则的刑法适用规则
450,367,E1,83.24,恶意串通法律规范的合理性
451,1136,E1,83.24,个人数据交易的双重法律构造
452,1587,E1,83.22,法典化背景下环境法基本制度的法理反思与体系建构
453,1811,E1,83.22,释明变更诉讼请求的标准
454,19,E1,83.21,“土地属于集体所有”的规范属性
455,1734,E1,83.21,被遗忘权：传统元素、新语境与利益衡量
456,230,E1,83.19,刑事诉讼事实形成机理探究
457,1169,E1,83.18,主体制度民商合一的中国路径
458,1007,E1,83.16,数据的法律属性及其民法定位
459,1354,E1,83.16,唐以前盗罪之变迁研究
460,329,E1,83.15,央地关系中的法律保留
461,1647,E1,83.15,电子数据的技术性鉴真
462,1908,E1,83.13,证券虚假陈述民事赔偿中重大性要件的适用
463,47,E1,83.12,《民法典》背景下劳动法与民法的关系
464,61,E1,83.1,个人信息国家保护义务及展开
465,1877,E1,83.1,论行政协议中的行政优益权
466,241,E1,83.09,制度角色与制度能力：论刑事证明标准的降格适用
467,399,E1,83.07,我国行政法法典编纂的程序主义进路选择
468,530,E1,83.06,法官如何说理：中国经验与普遍原理
469,808,E1,83.06,论比例原则对立法权的约束及其界限
470,1119,E1,83.06,一人一票原则在我国的适用
471,991,E1,83.03,基本法律概念的构建与诠释——以权利与权力的关系为重心
472,1441,E1,83.03,家庭关系民法适用和续造的顺序
473,495,E1,83.01,民事禁令程序构建原理
474,1700,E1,83.01,自然资源国家所有权的双重权能结构
475,412,E1,83.0,投资者保护基金先行赔付制度的反思与重构
476,1669,E1,83.0,私法中善意认定的规则体系
477,618,E1,82.99,符合强制性标准与侵权责任承担的关系
478,865,E1,82.99,财产事实支配的宪法定位及其在数据财产领域的运用
479,177,E1,82.97,先公司合同问题研究
480,692,E1,82.96,行政诉讼原告资格中“利害关系”的判断结构
481,416,E1,82.94,指导性案例法源地位再反思
482,1804,E1,82.94,追求裁判的社会效果：1983
483,374,E1,82.93,我国养老基金投资的审慎投资人规则
484,943,E1,82.93,人工智能法律治理的路径拓展
485,1104,E1,82.93,2016年后反倾销领域中国（非）市场经济地位问题
486,1410,E1,82.9,大数据有限排他权的基础理论
487,132,E1,82.88,人口老龄化背景下监护人承担侵权责任的体系解释
488,1632,E1,82.88,物业服务合同法律构造之中国模式
489,1332,E1,82.87,反不正当竞争法架构下的区别性原则
490,1204,E1,82.84,以罪名为讨论平台的反思与纠正
491,1687,E1,82.84,网络平台的公共性及其实现——以电商平台的法律规制为视角
492,700,E1,82.82,规范多元的法治协同:基于构成性视角的观察
493,327,E1,82.81,夫妻团体债务的认定及清偿
494,774,E1,82.81,论宣告死亡及其撤销在婚姻上的效力
495,212,E1,82.79,农民集体成员权、农民集体决议与乡村治理体系的健全
496,1434,E1,82.74,宪法上的尊严理论及其体系化
497,1684,E1,82.69,缔约过失与欺诈的制度竞合——以欺诈的“故意”要件为中心
498,639,E1,82.66,绿色原则与法经济学
499,850,E1,82.65,论规划许可变更前和谐相邻关系的行政法保护:以采光权的保护为例
500,1389,E1,82.65,基于价格影响的期货市场操纵规制理论:反思与重构
501,56,E1,82.63,不正当竞争行为认定中的实用主义批判
502,57,E1,82.63,不确定鉴定意见的证据属性及功能
503,376,E1,82.62,我国刑事缺席审判程序中的异议权
504,1812,E1,82.6,重复诉讼禁止及其在知识产权民事纠纷中的应用——基本概念解析、重塑与案例群形成
505,514,E1,82.59,民法典背景下合伙企业财产制度构造
506,1122,E1,82.59,上市公司实际控制人法律责任的反思与构建
507,1225,E1,82.59,保险人明确说明义务批判
508,1762,E1,82.57,论罪量的归属
509,1272,E1,82.53,公章抗辩的类型与处理
510,53,E1,82.51,上市公司虚假陈述行政处罚内部责任人认定逻辑之改进
511,292,E1,82.51,国有土地出让缔约关系的界定路径
512,853,E1,82.51,论量刑基准的回归
513,481,E1,82.5,正当程序原则司法适用的正当性:回归规范立场
514,1052,E1,82.5,营利概念与中国法人法的体系效应
515,1733,E1,82.5,被追诉人认罪认罚的撤回
516,599,E1,82.49,社会本位的中国基本权利功能体系构建
517,999,E1,82.49,我国劳动关系法律调整模式的转变
518,1866,E1,82.47,要素市场中企业数据的法益识别与刑法保护
519,1902,E1,82.47,生态环境损害预防性侵权责任的规范构造
520,144,E1,82.46,从相邻权到空间利益公平分配权：规划许可诉讼中“合法权益”的内涵扩张
521,1749,E1,82.46,"论""数字人权""不构成第四代人权"
522,735,E1,82.43,论人格权请求权与侵权损害赔偿请求权的分离
523,1429,E1,82.43,实用艺术作品在著作权法上之独立性
524,1746,E1,82.43,认罪认罚案件的证明标准
525,1014,E1,82.41,比例原则适用的范式转型
526,661,E1,82.4,股权转让行为的属性及其规范
527,1368,E1,82.37,国家所有权遁入私法：路径与实质
528,826,E1,82.35,论犯罪参与的共同性:以单一正犯体系为中心
529,1665,E1,82.35,确认之诉的限缩及其路径
530,607,E1,82.34,科研人员的刑法定位：从宪法教义学视域的思考
531,12,E1,82.32,“但书”出罪运行机制实证研究
532,126,E1,82.31,二审上诉问题重述:以认罪认罚案件为例
533,134,E1,82.31,人格权侵害民事责任认定条款适用论
534,1859,E1,82.31,公司法上个人责任归属的组织法逻辑
535,1442,E1,82.29,家庭双轴结构中的财产分配体系
536,312,E1,82.28,域外取得的刑事证据之可采性
537,1403,E1,82.28,基本权利私人效力的民法审视
538,213,E1,82.26,减税、减负与预算法变革
539,1015,E1,82.24,民事法律的正当溯及既往问题
540,1313,E1,82.24,刑法教义学研究的中国主体性
541,1058,E1,82.22,行政法视域下权力清单制度的重构
542,1275,E1,82.22,关联性要素与地理标志法的构造
543,1421,E1,82.21,宅基地使用权的制度困局与破解之维
544,1328,E1,82.19,单位犯罪废止论
545,1092,E1,82.18,证券中介机构法律责任配置
546,1099,E1,82.18,重构罪刑法定原则
547,164,E1,82.16,保护规范理论的误解澄清与本土适用
548,1391,E1,82.16,基于合意解除合同的规范构造
549,246,E1,82.13,区分制理论解释共同过失犯罪之弊端及应然选择
550,1091,E1,82.13,论预测性司法
551,483,E1,82.12,正当防卫限度判断的适用难题与改进方案
552,1475,E1,82.09,我国民法典法人基本类型模式选择
553,1207,E1,82.07,价格行为规制的法理逻辑——基于整体价格法秩序的视角
554,1705,E1,82.06,著作权法与专利法中“惩罚性赔偿”之非惩罚性
555,1291,E1,82.04,刑事印证证明新探
556,543,E1,82.03,法律规范事中合宪性审查的制度建构
557,229,E1,82.01,刑事诉讼主体理论的扬弃与超越
558,734,E1,82.01,论人机协同审判的信任构建
559,867,E1,82.01,财产罪占有之立场：缓和的事实性占有概念
560,1027,E1,82.01,环境法体系化中的我国保护地体系
561,874,E1,82.0,贿赂犯罪的保护法益与事后受财行为的定性
562,848,E1,81.97,论行政行为的违法性继承
563,975,E1,81.97,合理怀疑的本土类型与法理建构
564,1417,E1,81.96,婚姻缔结行为的效力瑕疵
565,1473,E1,81.96,我国民事执行回转理论基础与制度构造的革新
566,1912,E1,81.96,宪法和一般法律的关系构造
567,750,E1,81.9,论农民集体与农村集体经济组织的关系
568,1340,E1,81.9,司法判决中的词典释义
569,22,E1,81.88,“居住权”之定位与规则设计
570,840,E1,81.87,论网络服务提供者间接侵权责任的过错形态
571,1199,E1,81.87,他行为能力问题研究
572,1701,E1,81.87,自然资源资产国家所有权委托代理的法律性质
573,836,E1,81.85,论绿色原则的规范解释司法适用
574,532,E1,81.79,法律人思维与法律观点
575,1721,E1,81.79,行政行为无效的认定
576,1735,E1,81.79,裁判文书援引学说的基本原理与规则建构
577,1884,E1,81.79,证据链之内涵与功能重释
578,383,E1,81.76,我国权责清单制度质效研究
579,1846,E1,81.74,犯罪追诉数字化背景下嫌疑判断的演化与程序法规制的因应
580,371,E1,81.71,我国个人敏感信息界定之构想
581,859,E1,81.69,证据种类法定主义的反思与重构
582,279,E1,81.66,商业秘密保护中默示保密义务研究
583,1138,E1,81.65,中国债编体系构建中若干基础关系的协调——从法国重构债法体系的经验观察
584,631,E1,81.62,累犯从严量刑适用实证研究
585,1346,E1,81.62,合同内容的证明责任分配
586,162,E1,81.6,侵害企业数据权益的民事责任
587,977,E1,81.6,商业银行股东加重责任及其制度建构
588,1531,E1,81.6,既判力相对性原则：根据、例外与制度化
589,1502,E1,81.57,故意伤害案件中赔偿影响量刑的机制
590,1827,E1,81.57,集体经营性资产股份合作与农村集体经济组织之关系重构
591,1753,E1,81.56,论区块链证据
592,583,E1,81.54,生态环境修复责任的体系化构造
593,936,E1,81.53,中国著作权立法中的制度创新
594,1805,E1,81.51,适于法治的法律体系模式
595,624,E1,81.46,类似必要共同诉讼适用机制研究
596,649,E1,81.44,网络空间适用禁止使用武力原则的法律路径
597,1743,E1,81.44,认缴制后公司法资本规则的革新
598,752,E1,81.41,论刑事司法对鉴定的迷信与制度防范
599,1035,E1,81.38,社会主义核心价值观在民事裁判中的功能
600,679,E1,81.34,行政机关间的事务委托和职权委托
601,1694,E1,81.34,股东会决议无效的公司法解释
602,940,E1,81.32,事权划分法治化的中国路径
603,1135,E1,81.31,个人所得税法上年龄非中性的实现——以老年人生存权益的保障为核心
604,305,E1,81.29,地方立法行政许可设定权之法律解释：基于鲁潍案的分析
605,1000,E1,81.29,授权资本制的中国运行机理
606,1191,E1,81.29,人民法院改革取向的审视与思考
607,1498,E1,81.29,支持理论下民事诉讼当事人法律意识的实证研究
608,802,E1,81.26,论数据产权制度的层级性：“三三制”数据确权法
609,433,E1,81.25,数字时代隐私权的社会理论重构
610,28,E1,81.24,“最高国家权力机关”的权力边界
611,196,E1,81.22,公司资本制度改革的正当性：基于债权人保护功能的法经济学分析
612,328,E1,81.21,夫妻财产归属约定的法理明晰及规则适用
613,1638,E1,81.21,环境民事公益诉讼性质定位省思
614,969,E1,81.18,反垄断法分析模式的中国选择
615,1227,E1,81.18,保险法因果关系判定的规则体系
616,998,E1,81.15,家庭财产功能主义的法律范式
617,1167,E1,81.15,为作为证明方法的“印证”辩护
618,406,E1,81.09,我国金融机构股东加重责任的扩张与规范
619,709,E1,81.09,认罪认罚从宽适用常态化之实效检验
620,1484,E1,81.09,托底型回购合同的风险转嫁机理
621,578,E1,81.06,环境质量标准的侵权法适用研究
622,1090,E1,81.04,论诉权的人权属性——以历史演进为视角
623,1203,E1,81.04,以房抵债协议的法理分析——《最高人民法院公报》载“朱俊芳案”评释
624,133,E1,81.03,人工智能歧视的法律治理
625,1134,E1,81.03,个人信息私法保护的困境与出路
626,1283,E1,81.03,农村土地承包法修改后的承包地法权配置
627,1034,E1,81.01,知识产权的边界:以客体可控性为线索
628,1633,E1,81.01,牵连关系的类型——基于刑事立法、司法解释规定的分析
629,875,E1,81.0,资本市场信息披露双层规范体系的基本建构
630,1300,E1,81.0,刑事诉讼办案期限：功能变迁与诉讼化改造
631,424,E1,80.97,敏感个人信息保护制度的解释性重构
632,762,E1,80.96,论合同法和侵权法在固有利益保护上的分工与协作
633,821,E1,80.96,论法律认知的信任逻辑
634,1580,E1,80.94,民法基本原则：理论反思与法典表达
635,140,E1,80.93,人身损害赔偿请求权的分级与整合
636,786,E1,80.93,论我国刑法分则中的参加型犯罪
637,1039,E1,80.93,私法中的分配层次
638,1398,E1,80.93,基本权利保护范围的界定
639,494,E1,80.91,民事案件事实形成中的方法论命题
640,630,E1,80.9,紧急状态下的法治与社会正义
641,1718,E1,80.87,行政执法和解的模式及其运用
642,664,E1,80.84,自然资源国家所有的制度性保障功能
643,261,E1,80.82,司法审查图景中行政协议主体的适格
644,1596,E1,80.81,法律漏洞填补的司法论证
645,39,E1,80.79,"""认""与""缴""二分视角下公司催缴出资制度研究"
646,1299,E1,80.79,刑事诉讼中变更公诉的限度
647,917,E1,80.76,中国专利交易中的绝对权类型法定
648,1282,E1,80.76,农村土地“三权分置”的法理阐释与制度意蕴
649,480,E1,80.75,检察环境公益诉讼的理论优化与制度完善
650,1630,E1,80.74,滥用知情权的逻辑及展开
651,1726,E1,80.72,行政诉讼给付判决的构造与功能
652,1348,E1,80.69,合宪性审查制度的中国道路与功能展开
653,1518,E1,80.68,数据确权：理路、方法与经济意义
654,240,E1,80.66,制度型对外开放的支点:私法关系涉外性之界定及重构
655,770,E1,80.66,论地方政府事权的法理基础与宪法结构
656,465,E1,80.63,新科技时代的法学基本范畴：挑战与回应
657,487,E1,80.63,死刑适用的规范论标准
658,1899,E1,80.63,商业外观知识产权竞合问题研究
659,166,E1,80.62,保险损失补偿原则适用范围思考
660,426,E1,80.62,数字丝绸之路跨国法律秩序的建构与完善
661,1270,E1,80.62,公法上警察概念的变迁
662,1558,E1,80.62,比例原则的适用范围与限度
663,1691,E1,80.62,羁押必要性审查制度试点研究报告
664,1806,E1,80.62,逮捕制度再改革的法释义学解读
665,1096,E1,80.56,转型时期刑法立法的思路与方法
666,273,E1,80.54,合宪性、合法性、适当性审查的区别与联系
667,1513,E1,80.53,数据产权的法律表达
668,1568,E1,80.53,民法与商法二元格局的演变与形成
669,1740,E1,80.51,规范说与侵权责任法第79条的适用——与袁中华博士商榷．
670,1226,E1,80.5,保险法上如实告知义务之新检视
671,651,E1,80.49,网络谣言的刑法治理:从宪法的视角
672,942,E1,80.49,人合性在有限公司中的终结
673,1047,E1,80.49,网络时代言论自由的刑法边界
674,1732,E1,80.46,被追诉人的权利处分:基础规范与制度构建
675,924,E1,80.44,中国宪法社会权的体系解释
676,844,E1,80.41,论行政协议的司法审查
677,905,E1,80.41,非典型与典型案件：术语、成因及其关系
678,411,E1,80.4,承包地三权分置的法律表达
679,170,E1,80.38,债权转让中对债务人的延续性保护
680,557,E1,80.37,法益自决权与侵犯公民个人信息罪的司法边界
681,364,E1,80.35,强制预防接种补偿责任的性质与构成
682,1452,E1,80.35,平台形态演变视域下垄断行为的异化与因应
683,838,E1,80.34,论网络时代刑法解释的限度
684,822,E1,80.32,论法院对规范性文件的附带审查
685,1610,E1,80.31,法治评估模式辨异
686,420,E1,80.28,提高民事诉讼证明标准的理论反思
687,687,E1,80.26,行政罚款设定方式研究
688,1517,E1,80.18,数据确权的误区
689,1509,E1,80.16,数字时代的身份构建及其法律保障:以个人信息保护为中心的思考
690,226,E1,80.13,刑事证据审查的基本制度结构
691,968,E1,80.13,原则/例外关系的民法阐释
692,1754,E1,80.12,论我国宪法上的议行复合结构
693,571,E1,80.1,环境民事公益诉讼中停止侵害责任适用研究
694,1468,E1,80.1,我国刑事上诉制度多元化的建构路径——以认罪认罚案件为切入点
695,1446,E1,80.09,导致物权变动之法院判决类型
696,790,E1,80.07,论我国民事诉讼标的与诉讼请求的关系
697,851,E1,80.07,论证券监管介入上市公司治理的限度
698,862,E1,80.06,诊疗人工智能的医疗损害责任
699,1113,E1,80.06,“谁主张谁举证”规则的历史变迁与现代运用
700,1478,E1,80.06,我国知识产权法院的治理实效与制度逻辑
701,221,E1,80.04,刑事案件的差异化判决及其合理性
702,299,E1,80.04,"在""生活事实""与""法律要件""之间:证明责任分配对象的误识与回归"
703,1559,E1,80.04,民事实质诉讼法论
704,1704,E1,80.01,著作权合同中作者权益保护的规则取舍与续造
705,1612,E1,79.99,法秩序统一性原理之建构
706,208,E1,79.97,再论建设用地使用权出让合同的民事属性
707,670,E1,79.96,行刑衔接中的行政执法边界研究
708,1422,E1,79.96,宅基地立法政策与宅基地使用权制度改革
709,773,E1,79.93,论基金托管人的治理功能与独立责任
710,537,E1,79.9,法律方法的体系构造
711,1025,E1,79.9,犯罪化与惩罚体系的完善
712,1241,E1,79.9,先签合同与后续合同的关系及其解释
713,1255,E1,79.9,公众意见影响法官决策的理论和实验分析
714,1487,E1,79.88,技术从属性下雇主的算法权力与法律规制
715,1541,E1,79.87,期待可能性理论的引入及限定性适用
716,1128,E1,79.84,个人信息保护:从个人控制到社会控制
717,528,E1,79.81,法域冲突的排除：立场、规则与适用
718,1500,E1,79.81,收养法的社会化:从亲子法转向儿童法
719,1870,E1,79.81,自动驾驶分级治理的法理反思与规则重构
720,527,E1,79.76,法典化的历史叙事
721,694,E1,79.76,行政诉讼的诉审判一致性
722,1514,E1,79.76,数据何以确权
723,754,E1,79.75,论刑事证据资格之多重性
724,910,E1,79.71,高校校规：司法适用的正当性与适用原则
725,1432,E1,79.69,审判管理的运行体系和制度逻辑
726,1863,E1,79.69,作为基本权利的职业自由
727,1807,E1,79.68,逮捕审查判断中犯罪嫌疑人社会危险性的量化评估
728,48,E1,79.66,《民法典》视域下的一般人格权
729,204,E1,79.66,共同市场支配地位制度拓展适用于算法默示共谋研究
730,302,E1,79.66,地方人大常委会在合宪性审查中的作用及其展开
731,1295,E1,79.62,刑事证据分布理论及其运用
732,1306,E1,79.62,刑事隐蔽性证据规则研究
733,1466,E1,79.62,成片开发与土地征收
734,31,E1,79.6,“法律脱嵌治理”：中国式邻避纠纷的制度成因及治理
735,1660,E1,79.6,知识产权惩罚性赔偿的类型化适用与风险避免——基于国际知识产权规则的视角
736,201,E1,79.56,公民遵守劳动纪律义务的宪法变迁与启示
737,387,E1,79.54,我国民事管辖审查程序的反思与修正
738,1086,E1,79.54,论算法的法律规制
739,1276,E1,79.54,关键信息基础设施保护的合作治理
740,354,E1,79.53,工伤排除规则重构:从过错到因果
741,628,E1,79.47,系统论法学视角下现代司法裁判中规范与事实的区分
742,717,E1,79.46,论个人数据经济利益的归属与法律保护
743,605,E1,79.44,私人复制的著作权法制度应对:从机械复制到云服务
744,491,E1,79.35,民事二审不开庭审理的反思与修正
745,219,E1,79.32,刑事庭审实质化的维度与机制探讨
746,1078,E1,79.31,论数据用益权
747,669,E1,79.29,行为市场失灵及其法律应对
748,1579,E1,79.29,民法基本原则的意义脉络
749,1664,E1,79.29,破产视角下的抵销
750,182,E1,79.28,党政联合发文的信息公开困境与规则重塑:基于司法裁判的分析
751,34,E1,79.25,“犯罪所得投资收益”追缴的影响因素与判断规则
752,1913,E1,79.25,著作权法中作品独创性的技术逻辑
753,701,E1,79.22,规范视野下的地方性事务
754,1477,E1,79.19,我国犯罪附随后果制度规范化研究
755,1079,E1,79.18,论新型网络犯罪立法及其适用
756,1129,E1,79.18,个人信息保护合规的体系构建
757,640,E1,79.16,绿色发展中的环境法实施问题：基于PX事件的微观分析
758,712,E1,79.16,论“正常经营买受人”的善意要求
759,271,E1,79.15,司法认定无效行政协议的标准
760,62,E1,79.13,"个人信息处理中的""同意""与""同意撤回"""
761,688,E1,79.1,行政行为违法性继承的中国图景
762,372,E1,79.09,我国保险法因果关系判断路径与规则
763,1712,E1,79.09,行刑衔接中采信专业性认定之困境及其破解——以事故调查报告为研究对象
764,810,E1,79.07,论民事权益位阶:以《民法典》为中心
765,346,E1,79.04,家庭法介入家庭关系的界限及其对婚姻家庭编实施的启示
766,658,E1,79.04,股东协议暗箱治理的公司法回应
767,1690,E1,79.04,羁押必要性判断中的“一贯表现”证据研究
768,275,E1,79.01,合宪性审查中的宪法精神
769,939,E1,79.01,事实、证据与事实认定
770,955,E1,79.01,公司法中的契约自由——以股权处分抑制条款为视角
771,1376,E1,79.0,国际私法与民法典的分与合
772,884,E1,78.99,过罚相当原则的规范构造与适用
773,1375,E1,78.99,国际法院解释领土条约的路径、方法及其拓展
774,825,E1,78.97,论演绎权的保护范围
775,854,E1,78.97,论金融司法与金融监管协同治理机制
776,888,E1,78.97,连带责任的弹性不足及其克服
777,223,E1,78.96,刑事职能管辖错位的程序规制
778,677,E1,78.96,行政契约履行争议适用《行政诉讼法》第97条之探讨
779,691,E1,78.96,行政许可要件契约化的限定及其制度构造
780,747,E1,78.94,论具体权利概念的结构
781,403,E1,78.93,我国轻罪案件的程序实践检讨
782,415,E1,78.93,指定居所监视居住实施问题的解释论分析
783,1139,E1,78.93,中国刑事专家辅助人向专家证人的角色转变
784,1716,E1,78.93,行政复议法的修改与完善以 “实质性解决行政争议”为视角
785,291,E1,78.9,国家符号的刑法保护
786,834,E1,78.9,论类案的结构性相似特征及其运用
787,27,E1,78.88,“无效行政行为”制度的追溯与认定标准的完善
788,421,E1,78.87,政府信息公开的宪法逻辑
789,502,E1,78.82,民刑关系问题重述：基于义务违反的视角
790,662,E1,78.82,脑机接口技术发展中的人格权益保护
791,1819,E1,78.82,间接正犯概念之否定——单一正犯体系的视角
792,1184,E1,78.81,互联网平台处罚权的法律规制
793,1214,E1,78.79,依法律行政原理的移植与嬗变
794,831,E1,78.78,论社会信用法的立法模式选择
795,250,E1,78.76,单边制裁是否具有合法性：一个框架性分析
796,282,E1,78.76,商标使用地域性原理的理解立场及适用逻辑
797,777,E1,78.76,论平台经济反垄断与监管的二元分治
798,1289,E1,78.76,分段审查抑或归口审查：羁押必要性审查的改革逻辑
799,1778,E1,78.76,貌离神合：家庭财产法对传统家观念的呈现
800,668,E1,78.75,虚拟财产的刑法属性及其保护路径
801,689,E1,78.74,行政许可承诺制:程序再造与规制创新
802,1182,E1,78.71,买卖合同之规定准用于其他有偿合同
803,659,E1,78.68,股权让与担保纠纷裁判逻辑的实证研究
804,1581,E1,78.63,民法总则与公司法的适用关系论
805,829,E1,78.6,论生态损害救济的模式选择
806,807,E1,78.59,论检察指令权的实体规制
807,1540,E1,78.56,有组织犯罪案件分案审理问题研究
808,1611,E1,78.54,法理论:历史形成、学科属性及其中国化
809,38,E1,78.51,“裁执一体化”财产保全的逻辑与改革
810,251,E1,78.51,印证的证明原理与理论塑造
811,533,E1,78.51,法律价值的系统论格局
812,686,E1,78.5,行政犯“行刑衔接”困境破解：从分离式到联动式
813,737,E1,78.5,论企业名称的竞争法保护——最高人民法院第29号指导案例研究
814,558,E1,78.49,注册商标三年不使用撤销制度体系化解读
815,1561,E1,78.49,民事证明责任分配之解释基准——以物权法第106条为分析文本
816,1591,E1,78.49,法官个体本位抑或法院整体本位——我国法院建构与运行的基本模式选择
817,1790,E1,78.49,转基因作物基因污染受害者的请求权
818,971,E1,78.47,口供治理与中国刑事司法裁判
819,503,E1,78.44,民法典人格利益合理使用一般条款研究
820,823,E1,78.43,论涉案企业合规的全流程从宽
821,192,E1,78.38,公司利益范式下的董事义务改革
822,1265,E1,78.38,公司治理中的控股股东及其法律规制
823,746,E1,78.37,论公开的个人信息处理的法律规制
824,778,E1,78.37,论应诉管辖制度的司法嬗变及其规则构建
825,1873,E1,78.37,全国统一大市场的监管权配置研究
826,154,E1,78.29,优先购买权中转让人的利益失衡与校正
827,771,E1,78.29,论垄断行为的竞合
828,1835,E1,78.29,风险预防原则的结构化阐释
829,43,E1,78.28,“预防性”反恐刑事立法思考
830,564,E1,78.26,物权编对四种他物权制度的完善和发展
831,839,E1,78.22,论网络服务商版权内容过滤义务
832,1343,E1,78.22,司法解释性质文件备案审查的困局与出路
833,1771,E1,78.21,证明责任制度本质重述
834,1699,E1,78.18,自然资源国家所有权公权说再论
835,63,E1,78.16,个人信息处理者过错推定责任研究
836,142,E1,78.12,从同一性到相似性：法律解释的结构转向与体系重构
837,1211,E1,78.12,作为个人信息跨境传输监管工具的标准合同条款
838,1437,E1,78.07,宪法教义学反思：一个社会系统理论的视角
839,581,E1,78.04,生前赠与在继承中的效力问题研究
840,1800,E1,78.04,违约金担保功能的异化与回归——以对违约金类型的考察为中心
841,20,E1,78.03,“契约＋非要式＋任意撤销权”：赠与的理论模式与规范分析
842,576,E1,78.01,环境法学核心范畴之重构：环境法的法权结构论
843,1655,E1,78.01,直接适用的法与相关制度的体系平衡
844,1020,E1,77.96,法治视野下的司法预算模式建构
845,303,E1,77.94,地方政府双重负责的宪法内涵
846,672,E1,77.93,行政决策终身责任追究制的法律难题及其解决
847,294,E1,77.9,国际条约适用于国内无涉外因素的民事关系探析
848,430,E1,77.87,数字化行政方式的权力正当性检视
849,1312,E1,77.87,刑法修正：维度、策略、评价与反思
850,1415,E1,77.87,委托合同任意解除的损害赔偿
851,313,E1,77.85,基于“相似性”本质的行政特许界定及其应用
852,1072,E1,77.84,论国家政策作为民法法源
853,1038,E1,77.82,社会风险的刑法调控及其模式改造
854,1552,E1,77.82,欺诈市场理论反思
855,947,E1,77.79,从控制到利用：刑法数据治理的模式转换
856,577,E1,77.75,环境监管中的“规范执行偏离效应”研究
857,54,E1,77.72,不动产被征收人参与权的价值定位与制度重构
858,1189,E1,77.69,人工智能时代著作权合理使用制度的重塑
859,1334,E1,77.68,受害人特殊体质与损害赔偿责任的减轻——最高人民法院第24号指导案例评析
860,586,E1,77.66,生物医学研究伦理规制的法治化
861,817,E1,77.65,论民法对合同行政审批的立法态度
862,1378,E1,77.63,土地征收决定不是终裁行为——以行政复议法第30条第2款为中心
863,218,E1,77.57,刑事对物之诉的初步研究
864,589,E1,77.57,电子商务平台经营者安保责任研究
865,915,E1,77.57,个人信息民法保护的模式选择
866,238,E1,77.54,刑法干预前置化的理性反思
867,1872,E1,77.54,人工智能对刑事证明结构的影响及其制度因应
868,652,E1,77.53,署名权主体规则的困惑及思考
869,1074,E1,77.53,论大数据时代的个人数据权利
870,1483,E1,77.5,所指确定与法律解释——一种适用于一般法律词项的指称理论
871,1369,E1,77.49,国家治理视野下多元解纷机制的调整与重塑
872,1680,E1,77.47,类案适用的司法论证
873,1210,E1,77.46,体系化视角下的意定代理权来源
874,1186,E1,77.44,交警非现场执法的规范构建
875,49,E1,77.43,《民法总则》民商合一中国模式之检讨
876,1833,E1,77.43,预防刑法的扩张及其限度
877,1192,E1,77.37,从关键证人回归必要证人：关键证人出庭作证逻辑反思
878,1566,E1,77.37,民刑交叉诉讼关系处理的规则与法理
879,452,E1+E2,77.35,新出土金文所见西周罚金刑研究
880,898,E1,77.35,重复诉讼规制研究：兼论“一事不再理”
881,1747,E1,77.35,认罪认罚案件量刑建议研究
882,1533,E1,77.32,明清时期地权秩序的构造及其启示
883,1662,E1,77.32,"破产法的指标化进路及其检讨——以世界银行""办理破产""指标为例"
884,155,E1,77.31,传销犯罪的司法限缩与立法完善
885,703,E1,77.31,认罪认罚从宽制度的基本内涵
886,1242,E1,77.31,免除刑罚制度的比较考察
887,1677,E1,77.29,税收构成要件理论的反思与再造
888,207,E1,77.26,内幕交易违法所得司法判断规则研究
889,1095,E1,77.26,赌博的法律规制
890,254,E1,77.24,反不正当竞争法对未注册商标的有效保护及其制度重塑
891,793,E1,77.24,论我国行政法上的成本收益分析原则:理论证成与适用展开
892,1892,E1,77.24,数字平台监管模式的系统论重构
893,388,E1,77.21,我国民法典中的成年人自主监护:理念与规则
894,1722,E1,77.21,行政行为程序瑕疵的指正
895,1105,E1,77.19,WTO《多方临时上诉仲裁安排》:基于仲裁的上诉替代
896,417,E1,77.16,损害救济新旧法适用选择的过渡法规则
897,1288,E1,77.16,准抽象危险犯概念之提倡
898,1751,E1,77.16,论刑事远程审判的制度规制
899,1886,E1,77.15,我国民事公益诉讼诉权行使顺位研究
900,879,E1,77.13,身份人格权论
901,1666,E1,77.13,社会主义核心价值观融入司法裁判的方法论反思
902,64,E1,77.07,个人信息权作为民事权利之证成:以知识产权为参照
903,1471,E1,77.07,我国司法判决中的宪法援引及其功能——基于已公开判决文书的实证研究
904,818,E1,77.01,论法律的法规创造力
905,1326,E1,77.01,包需求合同的法理与适用
906,1707,E1,77.01,著作权法中作品独创性的审美逻辑
907,1188,E1,77.0,人工智能时代的法律议论
908,10,E1,76.97,“人格物”的司法困境与理论突围
909,794,E1,76.97,论我国道路交通事故社会救助基金追偿权
910,871,E1,76.94,责任清单编制规则的法治逻辑
911,1876,E1,76.94,民法典合同编通则解释中的证据规范研究
912,1900,E1,76.94,民行刑交叉中的高空抛物致损赔偿规则
913,110,E1,76.88,主渠道目标导向下行政复议与行政诉讼衔接关系研究
914,963,E1,76.88,刑事司法领域的宪法判断与刑法制度文明
915,521,E1,76.85,民法总则设置商法规范的限度及其理论解释
916,350,E1,76.84,对民事二审中撤回起诉的再认识
917,1004,E1,76.84,数字化背景下刑事诉讼权利结构的优化
918,72,E1,76.82,中国传统司法中的察狱以情及其现代价值
919,285,E1,76.79,商标法律制度的失衡及其理性回归
920,648,E1,76.79,网络空间中犯罪帮助行为的制裁体系与完善思路
921,707,E1,76.79,认罪认罚从宽制度视野下的“以审判为中心”
922,1792,E1,76.79,迈向公私合作型行政法
923,1049,E1,76.76,网络空间主权的治理模式及其制度构建
924,1213,E1,76.76,作品名称的多重功能与多元保护——兼评反不正当竞争法第6条第3项
925,1624,E1,76.76,清代州县讼事中的国家与个人——以巴县档案为中心
926,1671,E1,76.76,秦及汉初逃亡犯罪的刑罚适用和处理程序
927,567,E1,76.74,环境侵权类型的重构
928,1627,E1,76.74,清代讼师贪利形象的多重建构
929,857,E1,76.68,证券虚假陈述中审验机构连带责任的厘清与修正
930,507,E1,76.63,民法典整体贯彻绿色理念模式研究
931,791,E1,76.63,论我国环境公益诉讼的发展方向：基于行政权与司法权关系理论的分析
932,828,E1,76.63,论环境质量标准与环境污染侵权责任的认定
933,1488,E1,76.63,技术侦查证据使用问题研究
934,1333,E1,76.62,反思财产法制建设中的“事前研究”方法
935,1489,E1,76.62,"技术标准之许可定价规则的""非国家化""——以可比许可法为中心"
936,1916,E1,76.62,从形式法典化到实质法典化：刑事诉讼法的法典化进阶
937,1480,E1,76.6,我国行政诉讼中的预防性保护
938,189,E1,76.59,公共健康危机的知识产权法应对
939,1179,E1,76.59,乡村基层执法的空间制约与机制再造
940,1372,E1,76.57,国有企业特殊对待与市场主体平等保护的规范势差及其限缩
941,127,E1,76.56,互构关系中社区矫正对象与性质定位研究
942,574,E1,76.5,环境法典基本原则条款构建研究
943,881,E1,76.5,轻罪重判国家赔偿责任的证立及其类型化
944,1121,E1,76.49,一致解释原则的功能及适用要件
945,732,E1,76.47,论人工智能生成内容的著作权法平等保护
946,1279,E1,76.47,内地与香港继承判决流通制度的构建
947,1816,E1,76.47,金融法中混业“但书”规定之反思
948,1154,E1,76.46,中国民间公益法人制度现代化的路径选择
949,1281,E1,76.46,再现型摄影作品之著作权认定
950,542,E1,76.44,法律规范之间抵触标准研究
951,1298,E1,76.44,刑事诉讼专门性证据的扩张与规制
952,233,E1,76.43,刑事诉讼法与监察法的衔接难题与破解之道
953,726,E1,76.43,论中立帮助行为的处罚边界
954,1560,E1,76.41,民事裁判援引规章及行政规范性文件的审查义务
955,1268,E1,76.4,公司资本制度的后端改革与偿债能力测试的借鉴
956,990,E1,76.38,基于规则与事实的司法哲学范畴
957,1545,E1,76.38,构建行政公益诉讼的客观诉讼机制
958,423,E1,76.35,敌意收购的法律立场
959,622,E1,76.35,算法侵害责任框架刍议
960,1259,E1,76.35,公司债券非公开发行的规范模式
961,1506,E1,76.35,数字平台管制：公共性理论的反思与经济管制的适用
962,695,E1,76.34,行政赔偿案件中原被告举证责任辨析
963,920,E1,76.29,中国刑事证据制度体系的优化
964,1310,E1,76.28,刑法中义务冲突的界定、类型与体系定位
965,1672,E1,76.28,秦汉律所见“质钱”考辨
966,1794,E1,76.25,迈向自主法学知识体系的比较法研究范式——以2003
967,1654,E1,76.24,监察过程中的公安协助配合机制
968,505,E1,76.16,民法典制定中的国家与国库问题研究
969,1315,E1,76.16,删而未除的“管辖错误”再审——基于2013年以来最高人民法院裁定书的分析
970,1588,E1,76.16,法学研究中裁判文书运用的方法论检讨——以刑事法文献为例的内容分析
971,471,E1,76.15,机动车自愿责任险排除连带赔偿责任
972,1362,E1,76.13,回归法律规范:刑事值班律师制度适用问题再反思
973,1404,E1,76.13,基本行政法典的确立、定位与架构
974,351,E1,76.09,对民事判决书结构与说理的重塑
975,954,E1+E2,76.09,先秦法的概念隐喻
976,304,E1,76.06,地方法治竞争范式及其制度约束
977,764,E1,76.06,论商事习惯的法源位阶
978,1247,E1,76.04,全国人大常委会宪法地位的历史变迁与体系展开
979,1555,E1,76.04,死刑存废的民意维度——以组织卖淫罪可罚性观念的测量为中心
980,650,E1,76.03,网络诽谤的争议问题探究
981,1076,E1,76.03,论指导性案例的内容构成
982,1539,E1,76.03,最小必要原则在平台处理个人信息实践中的适用
983,893,E1,75.97,遗产限定继承论
984,1639,E1,75.96,环境法体系中的自然保护地立法
985,1871,E1,75.96,从直觉到证据：大模型法律语料库与法律解释客观化
986,1252,E1,75.93,全面依法治国与第三方评估制度的完善
987,475,E1,75.91,标准必要专利反垄断诉讼问题研究
988,1093,E1,75.91,财产权宪法化与近代中国社会本位立法
989,1294,E1,75.91,刑事被告人答辩制度之构建
990,1302,E1,75.91,刑事诉讼法中的侦查概括条款
991,1068,E1,75.88,论作为新型财产权的数据财产权
992,1436,E1,75.88,宪法功能转型的社会机理与中国模式
993,594,E1,75.87,知识产权许可费赔偿方法的功能、价值准则与体系重构
994,1678,E1,75.84,税法续造与税收法定主义的实现机制
995,1054,E1,75.82,董事会运行中非理性因素的法律规制
996,1508,E1,75.82,数字时代的技术性正当程序：理论检视与制度构建
997,596,E1,75.81,破产程序中的税法问题研究
998,952,E1,75.81,作为国家机构原则的民主集中制
999,55,E1,75.78,不当联结禁止原则的重述与应用
1000,286,E1,75.76,商标注册“不良影响”条款的适用
1001,1336,E1,75.76,受贿犯罪的保护法益
1002,222,E1,75.75,刑事涉案虚拟财产强制处分论
1003,980,E1,75.69,商法的独特性与民法典总则编纂
1004,629,E1,75.66,索债型非法拘禁罪扩张适用下对绑架罪的再认识
1005,249,E1,75.63,单位的反性骚扰义务与相关侵权责任研究
1006,268,E1,75.62,司法视域下夫妻财产制的价值转向
1007,1607,E1,75.6,法治化营商环境建设的合规机制——以刑事合规为中心
1008,1911,E1,75.57,电子证据痕迹效应理论及其运用
1009,897,E1,75.56,释法抑或造法：由刑法历次修正引发的思考
1010,1619,E1,75.54,涉外法律适用的冲突正义——以法律关系本座说为中心
1011,510,E1,75.51,民法典编纂与雇佣（劳动）合同规则
1012,1768,E1,75.44,证券市场自愿性信息披露的规制
1013,315,E1,75.43,基于学术不端撤销学位的程序制度建构
1014,1060,E1,75.43,行政规章与合同效力的关系
1015,1784,E1,75.41,赓续法脉：中华法的条标立法设置
1016,431,E1,75.38,数字时代个人信用权的构造与规制
1017,1080,E1,75.37,论民事司法成本的分担
1018,1649,E1,75.37,电子证据真实性的三个层面——以刑事诉讼为例的分析
1019,404,E1,75.35,我国逮捕与羁押制度改革若干问题探讨
1020,769,E1,75.34,论土地承包权与土地承包经营权的分离
1021,87,E1,75.32,中国式影子银行的风险溯源与监管创新
1022,159,E1,75.32,"作为行政处罚一般种类的""通报批评"""
1023,394,E1,75.32,我国第三人撤销之诉的实践运行研究
1024,832,E1,75.31,论禁止权利滥用原则的法律适用
1025,1006,E1,75.29,数字时代劳动关系概念及认定规范的中国表达
1026,237,E1,75.26,刑法再法典化的法理与蓝图
1027,1359,E1,75.25,善终、凶死与杀人偿命——中国人死刑观念的文化阐释
1028,1507,E1,75.24,数字时代保护作品完整权的功能更代及存废思考
1029,536,E1,75.21,法律思维中的“软计算”和贝叶斯语言方法
1030,1293,E1,75.21,刑事程序比例构造方法论探析
1031,1131,E1,75.19,个人信息大数据与刑事正当程序的冲突及其调和
1032,335,E1,75.18,存疑有利于被告原则及司法适用
1033,1161,E1,75.18,中国特色民间文学艺术作品著作权保护理论的构建
1034,1657,E1,75.18,真正地理标志保护的实质与我国地理标志统一立法
1035,1097,E1,75.16,违约金酌减预测研究
1036,66,E1,75.13,个人数据交易的私法制度构造研究
1037,225,E1,75.12,刑事证据“生命流程”的理论阐释
1038,94,E1,75.06,中国民法典编纂：观念、愿景与思路
1039,73,E1,75.01,中国传统司法如何处置“真伪不明”
1040,90,E1,75.0,中国式现代化视域下民事诉权的反思与重塑
1041,125,E1,75.0,事实认定“难题”与法官独立审判责任落实
1042,135,E1,75.0,人格权确认与构造的法律依据
1043,248,E1,75.0,医疗损害赔偿中原因力减责的法理及适用
1044,281,E1,75.0,商事信用：商法的内在逻辑与体系化根本
1045,288,E1,75.0,国家所有的法律表达及其解释
1046,361,E1,75.0,庭审中心视域下的民事审前准备程序研究
1047,425,E1,75.0,教育法法典化的规范选择
1048,473,E1,75.0,构建我国行政审判“参照”惯例制度
1049,496,E1,75.0,民事证明责任分配的实质性原则
1050,616,E1,75.0,立法扩张与司法限缩:刑法谦抑性的展开
1051,667,E1,75.0,虚开增值税专用发票罪的理论误区与治理重塑
1052,708,E1,75.0,认罪认罚从宽制度适用中的职权性逻辑和协商性逻辑
1053,860,E1,75.0,证据链与结构主义
1054,863,E1,75.0,试析明清律中的“罪坐所由”
1055,908,E1,75.0,香港新宪制秩序的法理基础：分权还是授权
1056,909,E1,75.0,高校校规的法律属性研究
1057,921,E1,75.0,中国合宪性审查的宪法文本实现
1058,1059,E1,75.0,行政组织法功能的行为法机制
1059,1077,E1,75.0,论数字货币的法律属性
1060,1196,E1,75.0,从民事基本法律到基础性法律：民法典地位论
1061,1217,E1,75.0,侦查讯问录音录像制度的功能定位及发展路径
1062,1230,E1,75.0,信息网络传播权及其与广播权的界限
1063,1248,E1,75.0,全案移送背景下控方卷宗笔录在审判阶段的使用
1064,1267,E1,75.0,公司融资语境下股与债的界分
1065,1284,E1,75.0,农村集体经济组织法构众说窥略——有关农村集体经济组织法律形式变革的稿件编后感
1066,1371,E1,75.0,国有企业海外投资跨境补贴的规制
1067,1408,E1,75.0,多元一统的政治宪法结构——政治宪法学理论基础的反思与重建
1068,1433,E1,75.0,宪法上代表理论的体系建构及逻辑展开
1069,1454,E1,75.0,平台监管的新公用事业理论
1070,1470,E1,75.0,我国协调国际平行诉讼的立场与方法——民事诉讼法第281条之体系解读
1071,1491,E1,75.0,抵押权时效问题的民法表达
1072,1543,E1,75.0,机能的思考方法下的罪数论
1073,1547,E1,75.0,案件事实的归属论证
1074,1595,E1,75.0,法律概念是重要的吗
1075,1605,E1,75.0,法条授权行政立法的规范化
1076,1720,E1,75.0,行政第三人的程序权利及其司法保护
1077,1723,E1,75.0,行政规范性文件司法审查权的实效性考察
1078,1798,E1,75.0,返还原物请求权如何适用诉讼时效———民法典第196条第2项的解释论
1079,1826,E1,75.0,集体法益的刑法保护及其边界
1080,1850,E1,75.0,数字时代行政机关处理个人信息的性质界定与授权规则
1081,645,E1,74.99,网络犯罪的刑法解释空间向度研究
1082,1013,E1,74.94,欧洲中世纪教会经济立法及其伦理
1083,782,E1,74.93,论必要性原则的客观化
1084,1467,E1,74.93,我国侦查权的程序性控制
1085,318,E1,74.82,基本权利对民事法律行为效力的影响及其限度
1086,1791,E1,74.82,过分高于损失：违约金调整的基本标准——以民法典第585条第2款为中心
1087,156,E1,74.79,作为利害调整法的行政法
1088,247,E1,74.75,区际利益补偿权利生成与基本构造
1089,511,E1,74.75,民法典编纂中商事主体立法定位的路径选择
1090,287,E1,74.74,商法独立的逻辑和体系：基于组织化交易论
1091,1031,E1,74.74,生态环境法典编纂的二元逻辑及其展开
1092,1126,E1,74.72,专家参与刑事司法的多元功能及其体系化
1093,1327,E1,74.72,协助决定取代成年监护替代决定——兼论民法典婚姻家庭编监护与协助的增设
1094,513,E1,74.71,民法典编纂视野下的个人信息保护
1095,1365,E1,74.71,国体的起源、构造和选择：中西暗合与差异
1096,1759,E1,74.71,论民事规训关系
1097,1041,E1,74.68,科研合同的功能性规制
1098,168,E1,74.66,修复、矫治与分控：社区矫正机能三重性辩证及其展开
1099,1430,E1,74.66,审判中心论的话语体系分歧及其解决
1100,1395,E1,74.6,基层法院审判委员会压力案件决策的实证研究
1101,1608,E1,74.6,法治国的宪法内涵——迈向功能分化社会的宪法观
1102,23,E1,74.54,"""应税所得""的法律建构与所得税法现代化"
1103,779,E1,74.54,论建构民事程序权利救济机制的基本原则
1104,220,E1,74.51,刑事强制医疗解除程序实证研究
1105,434,E1,74.51,数字法学的前提性命题与核心范式
1106,1617,E1,74.49,海上保险的最大诚信:制度内涵与立法表达
1107,1256,E1,74.47,公众意见影响法官决策的理论和实验分析
1108,1817,E1,74.47,金融科技背景下金融监管范式的转变
1109,67,E1,74.46,个人破产免责的理论基础与规范构建
1110,410,E1,74.44,执行时效期间的再改革
1111,428,E1,74.44,数字人身同一认定的技术力量与规制
1112,1724,E1,74.44,行政规范性文件直接审查模式的证立与建构
1113,1496,E1,74.41,探索激励相容的个人数据治理之道——中国个人信息保护法的立法方向
1114,239,E1,74.4,刑法立法阻却事由的理论界定与制度前景
1115,1626,E1,74.38,清代的地权习惯与法律介入———国家与市场的互动视角
1116,95,E1,74.37,中国民法学的效率意识
1117,680,E1,74.35,行政权利论
1118,3,E1,74.32,CISG在中国国际商事仲裁中的适用
1119,1895,E1,74.32,机动侦查权的理论新释与程序设计
1120,1725,E1,74.28,行政诉讼司法建议制度的功能衍化
1121,468,E1,74.24,有限公司股东清算义务人地位质疑
1122,644,E1,74.21,网络时代的刑法立法体系及其建构
1123,960,E1,74.18,内幕交易惩罚性赔偿制度的构造原理与现实选择
1124,988,E1,74.18,地方法院庭审实质化改革实证研究
1125,1788,E1,74.15,路检盘查的实施依据与程序监督
1126,146,E1,74.13,从隐私到个人信息：利益再衡量的理论与制度安排
1127,1374,E1,74.13,国际惯例适用规则的立法范式研究——以我国司法实践为出发点
1128,1808,E1,74.13,道路交通事故责任认定研究
1129,1351,E1,74.12,合意式刑事诉讼论
1130,1535,E1,74.12,晚清杀尊亲属罪转型中的基本问题
1131,450,E1,74.1,新一代法律智能系统的逻辑推理和论证说理
1132,253,E1,74.06,反不正当竞争法中“一定影响”的语义澄清与意义验证
1133,894,E1,74.04,避免将行政违法认定为刑事犯罪：理念、方法与路径
1134,1625,E1,74.0,清代州县词讼积案与上级的监督
1135,377,E1,73.94,我国刑事证据推理模式的转型：从日常思维到精密论证
1136,1107,E1,73.9,“八议”源流与腹边文化互动
1137,194,E1,73.87,公司法改革的文化拘束
1138,799,E1,73.79,论政府购买公共服务合同中的公法责任
1139,1029,E1,73.79,生态文明保障的刑法机制
1140,1166,E1,73.78,中国行政诉讼中的府院互动
1141,1758,E1,73.78,论权利之功能
1142,1681,E1,73.75,精准塑造更高水平对外开放与涉外私法制度创新
1143,1314,E1,73.68,"初查的行政执法化改革及其配套机制——以公安机关""行刑衔接""为视角"
1144,355,E1,73.66,市场与政府关系的法学解构
1145,330,E1,73.65,央地关系视角下的司法改革：动力与挑战
1146,580,E1,73.65,现货与期货交易的界分标准与法律规制
1147,1451,E1,73.56,市场主体平等保护对我国经济宪法的塑造
1148,798,E1,73.54,论搭售的违法判断标准
1149,814,E1,73.54,论民事诉讼突袭性裁判的防止：以现代庭审理论的应用为中心
1150,1155,E1,73.53,中国法学对外交流与研究中的概念对接——以多数人之债实体与程序的中德比较研究为例
1151,965,E1,73.5,制度激励、博弈均衡与社会正义
1152,1318,E1,73.5,制定法历史解释的论辩效力及其作用限度
1153,1604,E1,73.5,法教义学与法治:法教义学的治理意义
1154,1920,E1,73.47,中国刑法理论的体系性与妥当性
1155,961,E1,73.43,农地三权分置的法实现
1156,899,E1,73.41,重大行政决策概念证伪及其补正
1157,228,E1,73.38,刑事诉讼中程序惯性的反思与规制
1158,757,E1,73.34,论反垄断法的重构:应对数字经济的挑战
1159,816,E1,73.34,论民法典婚姻家庭编的社会化
1160,1874,E1,73.28,论我国金融监管透明度的二元治理模式
1161,1736,E1,73.26,西周邦国的法秩序构建：以新出金文为中心
1162,1085,E1,73.24,论法治评估的类型化
1163,382,E1,73.22,我国政府架构下的权力配置模式及其定型化
1164,964,E1,73.22,刑法解释的价值判断
1165,1137,E1,73.22,中华法系的百年历史叙事
1166,566,E1,73.21,犯罪热点成因：基于空间相关性的解释
1167,202,E1,73.19,公私关系的认识论重建与国际法发展
1168,579,E1,73.18,环境质量目标主义：关于环境法直接规制目标的思考
1169,9,E1,73.15,“五湖四海”：政法系统干部交流机制的发生与形态
1170,540,E1,73.15,法律监督机关的宪法内涵
1171,1673,E1,73.15,积极刑法立法观在中国的确立
1172,1652,E1,73.13,疫学因果关系及其证明
1173,1323,E1,73.07,劳动力市场灵活性与劳动合同法的修改
1174,36,E1,73.06,“绿色原则”在民法典中的贯彻论纲
1175,617,E1,73.06,立法社会效果考量的方式及其决策思维
1176,1309,E1,73.03,刑法上恶劣影响情节的经验考察与理论构建
1177,945,E1,73.01,人的尊严的法律属性辨析
1178,1670,E1,73.01,私法中理性人标准之构建
1179,520,E1,72.99,民法基本原则与商法漏洞填补
1180,824,E1,72.99,论混合型海洋争端的管辖权问题
1181,1037,E1,72.99,社会诚信建设与基层治理能力的再造
1182,1879,E1,72.97,“一业一证”改革的许可创新与法治回应
1183,1856,E1,72.91,我国轻微犯罪记录封存制度构建研究
1184,600,E1,72.88,社会系统论视角下实现碳达峰碳中和目标的法律对策
1185,1280,E1,72.87,再法典化背景下我国刑法犯罪法律后果体系的完善
1186,1393,E1,72.87,基于法官集体经验的量刑预测研究
1187,1592,E1,72.84,法律事实理论视角下的实质性宪法解释
1188,1163,E1,72.81,中国环境法治中的政党、国家与社会
1189,569,E1,72.76,环境司法理性不能止于“天价”赔偿：泰州环境公益诉讼案评析
1190,842,E1,72.76,论股东功能之嬗变：从股东治理到股东代理
1191,1789,E1,72.76,转型期国家认同困境与宪法学的回应
1192,75,E1,72.71,中国减刑程序公平性的实证研究
1193,637,E1,72.69,经营者集中法律界定模式研究
1194,1590,E1,72.66,法学研究目标受众选择的大数据分析
1195,883,E1,72.51,过程性审查：行政行为司法审查方法研究
1196,368,E1,72.5,成年监护制度的现代转向
1197,1377,E1,72.5,国际税收协定解释的困境及其纾解
1198,17,E1,72.44,“印证”证明模式反思与重塑：基于中国刑事错案的反思
1199,1903,E1,72.44,论中国古代经济管理法
1200,1603,E1,72.4,法律选择协议效力的法律适用辩释
1201,497,E1,72.37,民事诉讼法适用中的证明责任
1202,445,E1,72.35,数据资产入表的法律配置
1203,827,E1,72.32,论环境侵权原因行为的立法拓展
1204,1600,E1,72.32,法律行为汉字术语的日本翻译与中国传播史
1205,546,E1,72.31,法律解释的公共性
1206,138,E1+E2,72.29,人民团体规章：概念、体系和效力
1207,472,E1,72.29,权力挂起：行政组织法的新变式？
1208,623,E1,72.26,算法规制的谱系
1209,775,E1,72.26,论宪法上的一般人格权及其对民法的影响
1210,1100,E1,72.26,非法证据排除规则的中国范式——基于1459个刑事案例的分析
1211,767,E1,72.22,论国际航空私法条约适用的强制性
1212,1482,E1,72.21,我国集体土地征收制度的构建
1213,911,E1,72.19,高等学校“非升即走”聘用合同法律性质及其制度法治逻辑
1214,1780,E1,72.19,财政补助社会保险的法学透析：以二元分立为视角
1215,234,E1,72.06,刑事陪审中法律问题与事实问题的区分
1216,1205,E1,72.03,以鉴代侦：电子数据司法鉴定的扩张趋势及其制度回应
1217,1823,E1,72.01,陕西紫阳诉讼档案中的清代土地交易规范及其私法理念
1218,1628,E1,72.0,清律“家人共盗”的法思想源流
1219,697,E1,71.99,行政违法行为被犯罪化处理的程序控制
1220,1286,E1,71.99,农民集体成员的集体资产股份权
1221,736,E1,71.97,论企业合规程序出罪
1222,1304,E1,71.93,刑事辩护率：差异化及其经济因素分析
1223,1653,E1,71.85,监听侦查的法治实践：美国经验与中国路径
1224,1235,E1,71.84,修复生态环境责任的实证解析
1225,283,E1,71.81,商标本质基础观念的重构
1226,1240,E1,71.72,债法总则消亡史
1227,556,E1,71.69,法理概念的义项、构造与功能:基于120108份裁判文书的分析
1228,713,E1,71.65,论“量化评价类”规制工具
1229,1744,E1,71.65,认罪认罚从宽中的特殊不起诉
1230,141,E1,71.63,从合理原则走向统一的比例原则
1231,1896,E1,71.63,论网络聚合犯罪的刑法规制
1232,1053,E1,71.6,著作权法中的公众使用权
1233,1785,E1,71.6,起诉条件前置审理论
1234,843,E1,71.56,论行政决定保全
1235,427,E1,71.46,数字人权原则司法适用的逻辑展开
1236,35,E1,71.44,“社会主义公共财产”的宪法定位:“合理利用”的规范内涵
1237,553,E1,71.44,法治语境下极端主义犯罪治理定量研究
1238,993,E1,71.43,多边贸易、市场规则与技术标准定价
1239,1146,E1,71.43,中国宪法体制中民主集中制的统合作用
1240,1316,E1,71.37,判例自发性运用现象的生成与效应
1241,400,E1,71.35,我国行政给付义务类型化及其法律拘束
1242,1344,E1,71.35,司法鉴定管理体制改革的方向与逻辑
1243,343,E1,71.32,宪法个案解释基准的证成逻辑及其法律控制
1244,870,E1,71.28,责任保险中的连带责任承担问题——以机动车商业三责险条款为分析样本
1245,349,E1,71.26,对我国民事诉判关系的再思考
1246,547,E1,71.26,法律议论的社会科学研究新范式
1247,907,E1,71.26,预防性刑法观及其教义学思考
1248,1157,E1,71.26,中国法律语境中的国家政策概念
1249,203,E1,70.97,共享经济财产容他权研究
1250,660,E1,70.93,股权转让合同解除权的司法判断与法理研究
1251,1153,E1,70.93,中国民法典总则与分则之间的统辖遵从关系
1252,584,E1,70.91,生态环境犯罪中的拟制财产权
1253,1050,E1,70.91,网络空间安全立法的双重基础
1254,227,E1,70.9,"刑事诉讼中的""人"":一种主体性研究"
1255,1140,E1,70.88,中国刑事印证理论批判
1256,293,E1,70.85,国际商事仲裁强制性规定适用问题研究
1257,1151,E1+E2,70.82,中国政法体制的规范性原理
1258,440,E1,70.81,数字金融公平价值的实现路径研究
1259,200,E1,70.78,公序良俗在我国的司法适用研究
1260,191,E1,70.76,公共服务供给权责配置研究
1261,326,E1,70.74,大规模侵害个人信息高额罚款研究
1262,693,E1,70.71,行政诉讼司法建议的功能扩张及省思
1263,458,E1,70.69,新时代发展权救济的法理审思
1264,1339,E1,70.65,司法人工智能的重塑效应及其限度
1265,396,E1,70.63,我国继承法自主知识体系的守正与创新
1266,485,E1,70.63,死刑替代措施：一个需要警惕的刑法概念
1267,889,E1,70.63,退休年龄的法理分析及制度安排
1268,1495,E1,70.6,拼图抑或印证：中国刑事法官事实认定的实践检视
1269,1070,E1,70.49,论刑事庭审实质化
1270,449,E1,70.44,文明转型中权利概念的历史场域与理论范式
1271,656,E1,70.41,股东优先购买权“穿透效力”的适用与限制
1272,1629,E1,70.4,清末《新民丛报》与《民报》论战中的“国民”议题
1273,52,E1,70.35,上市公司私有化的监管逻辑与路径选择
1274,178,E1,70.34,免罚清单的实证与法理
1275,195,E1,70.34,公司解散纠纷的司法实践和裁判规则改进
1276,1325,E1,70.25,劳动者社交媒体言论自由及其限制
1277,297,E1,70.21,国际海上班轮货物运输合同中强制性规则的适当性
1278,508,E1,70.04,民法典时代的法治政府建设转型
1279,401,E1,70.01,我国证券集体诉讼的制度创制与初步实践研究
1280,1117,E1,69.99,《新加坡调解公约》在中国的批准与实施
1281,1249,E1,69.96,全球知识产权治理博弈的深层话语构造:中国范式和中国路径
1282,872,E1,69.82,质疑法定资本制之改革
1283,611,E1,69.81,税收法定视域中的地方税收立法权
1284,80,E1,69.74,中国反腐败立法的战略转型及其体系化构建
1285,265,E1,69.72,司法改革试点再认识：与实验研究方法的比较与启示
1286,524,E1,69.68,气候共同体责任分担的法理
1287,1414,E1,69.68,夫妻财产制与财产法规则的冲突与协调
1288,603,E1,69.66,社会诚信机制基层运用的实践逻辑
1289,665,E1,69.66,舆论场内的司法自洽性研究：以李昌奎案的模拟实验分析为介质
1290,474,E1,69.62,构建认定行政违法前置的行政犯追诉启动模式
1291,711,E1,69.54,论“唯庭审主义”之辩护模式
1292,1905,E1,69.51,中央授权地方改革的法治模式
1293,358,E1,69.49,平台组织内网络企业对个人信息保护的信义义务
1294,1338,E1,69.49,司法“去地方化”改革反思
1295,232,E1,69.4,刑事诉讼数据处理的全流程监管
1296,1355,E1,69.38,唐律中的“余条准此”考辨
1297,904,E1,69.34,集体经营性建设用地“同等入市”的法制革新
1298,1005,E1,69.29,数字平台的反垄断监管
1299,1292,E1,69.21,刑事司法公平正义感受的主观程序正义框架与测度——以2015
1300,755,E1,69.19,论刑事诉讼法的法典化
1301,1462,E1,69.18,当代中国法治共识的形成及法治再启蒙
1302,1069,E1,69.15,论公安侦查权与行政权的衔接
1303,478,E1,69.13,检察官办案责任制相关问题研究
1304,562,E1,69.13,滥用市场支配地位理论的司法考量
1305,1358,E1,69.13,商标法法律事实确定的语境论方法
1306,1648,E1,69.1,电子证据的关联性
1307,1197,E1,69.04,从税收法定到税收法治的实践进阶——以进一步落实税收法定原则为中心
1308,381,E1,68.91,我国成文法体制下不同属性判例的功能定位
1309,1469,E1,68.9,我国刑事诉讼中的检察院证明责任减轻制度
1310,405,E1,68.88,我国逮捕制度改革检讨
1311,1646,E1,68.87,电子数据在刑事证据体系中的定位与审查判断规则
1312,7,E1,68.84,“一带一路”建设与公司准据法的确定
1313,197,E1,68.82,公司软法定位及其与公司法的衔接
1314,337,E1,68.79,定罪与量刑证明一分为二论
1315,161,E1,68.78,依法治国语境下检察机关的性质与职权
1316,1425,E1,68.78,宋代故事:一种遵循先例制度的考察
1317,1443,E1,68.78,家庭法与民法知识谱系的分立
1318,642,E1,68.76,网络借贷平台法律监管研究
1319,1257,E1,68.76,公共性视角下的互联网平台反垄断规制
1320,1641,E1,68.76,环境责任保险与环境风险控制的法律体系建构
1321,585,E1,68.75,生成式人工智能训练语料的个人信息保护研究
1322,173,E1,68.71,健康权的规范构造
1323,1066,E1,68.66,论人权普遍性的相对性
1324,895,E1,68.6,酌定不起诉制度的再考查
1325,1040,E1,68.53,科学不确定性背景下的环境正义——基于转基因生物安全问题的讨论
1326,704,E1,68.44,认罪认罚从宽制度的若干争议问题
1327,25,E1,68.43,“技术—组织”互动论视角下的中国智慧司法
1328,572,E1,68.43,环境民事公私益诉讼并行审理的困境与出路
1329,1116,E1,68.43,《巴黎协定》下国家自主贡献的双重义务模式
1330,369,E1,68.41,我国《证券法》上证券概念的扩大及其边界
1331,11,E1,68.35,“以刑制罪”视阈下财产罪保护法益的再认识
1332,673,E1,68.34,行政判决中比例原则的适用
1333,1497,E1,68.32,援引法定刑的刑法解释——以马乐利用未公开信息交易案为例
1334,549,E1,68.31,法律适用中理由和观点的关系:局外观察视角
1335,595,E1,68.29,知道规则的内在逻辑与科学分类
1336,352,E1,68.28,寻衅滋事罪的法教义学形象：以起哄闹事为中心展开
1337,841,E1,68.26,论网络法权构建中的主体性原则
1338,592,E1,68.22,相对集中行政处罚权改革研究
1339,1659,E1,68.21,知识产权国际博弈与中国话语的价值取向
1340,210,E1,68.1,再论辩护律师向犯罪嫌疑人、被告人核实证据
1341,1851,E1,68.07,论电子证据体系原理
1342,447,E1,67.94,整体主义视角下公司法的理念调适与体系重塑
1343,1868,E1,67.94,人工智能综合性立法及其实现
1344,1033,E1,67.91,知识产权法域外适用的制度构造
1345,740,E1,67.88,论全球治理体系中的国内法院
1346,45,E1,67.85,《刑事诉讼法》再修改之证据制度完善
1347,1597,E1,67.84,法律继受中的“制度器物化”批判——以近代中国司法制度设计思路为中心
1348,360,E1,67.79,应对灵活用工的劳动法制度重构
1349,873,E1,67.75,贪污受贿犯罪定罪量刑标准问题研究
1350,1573,E1,67.71,民法典总则编“法律行为”一章学者建议稿的编写说明
1351,745,E1,67.69,论公司法的宪法基础
1352,509,E1,67.63,民法典的编纂与商事立法
1353,621,E1,67.57,简牍所见秦县少吏研究
1354,130,E1,67.54,互联网金融风险规制路径
1355,978,E1,67.47,商法一般条款的类型化适用
1356,1565,E1,67.46,民众对司法判决的认同与信赖——基于认知实验的研究
1357,1512,E1,67.4,数字证据及其阶梯式分类审查机制
1358,1882,E1,67.21,开放创新范式下知识产权权利功能重解
1359,1570,E1,67.19,民法典与民事诉讼法的连接与统合——从民事诉讼法视角看民法典的编纂
1360,1444,E1,67.18,对中国系统论宪法学的反思
1361,296,E1,67.15,国际法视野下的中国国有企业改革
1362,1682,E1,67.06,纪检监察机关大数据监督的规范化与制度构建
1363,573,E1,67.03,环境法体系化的范式转向及其实现
1364,1245,E1+E2,66.97,党政联合发文的制度逻辑及其规范化问题
1365,868,E1,66.85,财政权利的逻辑体系及其现实化构造
1366,290,E1,66.78,国家治理现代化下的知识产权行政执法
1367,806,E1,66.72,论检察一体化
1368,1290,E1,66.72,分级分类原则下监管标准的建构与运用
1369,391,E1,66.71,我国电子商务法调整的社会关系范围
1370,217,E1,66.63,刑事司法应坚持罪责实质评价
1371,788,E1,66.63,论我国引入公司章程防御性条款的制度构造
1372,1440,E1,66.59,家事司法运作的实质主义逻辑及其应然面向
1373,26,E1,66.56,“数字枫桥”的法治原理、模式与机制
1374,414,E1,66.56,担保物权司法解释起草中的重大争议问题
1375,702,E1,66.5,认罪认罚从宽制度疑难问题研究
1376,1472,E1,66.49,我国批准《选择法院协议公约》的问题与对策
1377,446,E1,66.44,数智化社会的法律调控
1378,106,E1,66.4,中国语境下的“宪法实施”：一项概念史的考察
1379,1082,E1,66.34,论法律意识形态
1380,1190,E1,66.29,人民检察院法律监督的体系分析
1381,760,E1,66.26,论司法认同：危机与重建
1382,1830,E1,66.24,非法集资刑事案件涉案财产处置程序的商法之维
1383,224,E1,66.21,刑事裁判中法律学说的运用困境及其解决路径
1384,1115,E1,66.21,《大清新刑律》编纂过程中的法权之争
1385,384,E1,66.19,我国民事司法多元化改革的现状与未来
1386,157,E1,66.15,作为化解行政争议主渠道的行政复议:功能反思及路径优化
1387,1922,E1,66.13,慈善财产法律制度的中国建构
1388,785,E1,65.99,论我国刑法不采取共犯从属性说及利弊
1389,1381,E1,65.97,地方预算参与的法治进路
1390,255,E1,65.94,司法中的社会科学判断
1391,1370,E1,65.94,国家监察体制改革后检察制度的巩固与发展
1392,1567,E1,65.9,民国时期公务员惩戒委员会体制研究
1393,1693,E1,65.9,老龄社会婚姻规则多元论
1394,1861,E1,65.9,发展导向型行政法的中国命题
1395,1847,E1,65.88,西汉淳于意狱案发覆
1396,1209,E1,65.84,住房反向抵押的制度反思与规范构建
1397,1703,E1,65.84,英美在近代中国行使治外法权主体之型化与形替
1398,973,E1,65.79,司法公正与同理心正义
1399,1563,E1,65.76,民事诉讼中的程序异议权研究
1400,1388,E1,65.74,基于中国式扶贫实践的给付行政法治创新
1401,422,E1,65.71,政府规制中的信用工具研究
1402,933,E1,65.68,中国生态环境法治的空间拓展及其规则创新
1403,506,E1,65.66,民法典意义的法理诠释
1404,4,E1,65.56,ESG对董事义务的改造：从商业判断到社会判断的进化
1405,1187,E1,65.56,人工智能与事实认定
1406,1564,E1,65.49,民事诉讼撤销原判决之程序违法事由
1407,972,E1,65.44,司法公信力的理性解释与建构
1408,1504,E1,65.38,数字人权规范构造的体系化展开
1409,1499,E1,65.35,支持起诉原则的法理及实践意义再认识
1410,325,E1,65.32,大数据预测警务的运作机理、风险与法律规制
1411,1118,E1,65.31,《海牙判决公约》谈判与知识产权的国际司法合作
1412,18,E1,65.21,“合宪性解释”理论辨析及其可能前景
1413,526,E1,65.21,法典化时代的刑法典修订
1414,970,E1,65.16,发展型财税法的理念跃迁与制度构造
1415,1164,E1,65.16,中国现行宪法中的“党的领导”规范
1416,869,E1,65.1,财税法功能的定位及其当代变迁
1417,340,E1,65.07,实质法益保护理念下行政犯行刑反向衔接机制的展开
1418,614,E1,65.06,立法原意何处寻:评2021年最高人民法院适用刑事诉讼法司法解释
1419,1394,E1,64.99,基层多元解纷机制的结构转型与模式分化
1420,705,E1,64.96,认罪认罚从宽制度的若干实体法问题
1421,1424,E1,64.94,安全竞争格局下的基层执法及其生态优化
1422,1834,E1,64.93,风险规制中的央地政府关系之规范建构
1423,1149,E1,64.88,中国式现代化进程中的属地管理原则
1424,613,E1,64.87,立法主体宪法说理义务的法律化
1425,1880,E1,64.87,生态环境法典中生态保护规范的体系构建
1426,1527,E1,64.78,新时代行政审判因应诉源治理之道
1427,32,E1,64.76,“法治中国”命题的理论逻辑及其展开
1428,1463,E1,64.75,当代国际私法上的一般性例外条款
1429,1923,E1,64.72,健康权的规范内涵与法治保障
1430,1385,E1,64.65,城市高密度区域的犯罪吸引机制
1431,298,E1,64.57,国际犯罪管辖和审理的制度建构与完善
1432,386,E1,64.51,我国民事案件开庭审理程序与方式之检讨与重塑
1433,1411,E1,64.35,大清刑律草案签注考论
1434,958,E1,64.34,公民参与行政的风险及法律规制
1435,1367,E1,64.34,国家安全视角下的航行自由
1436,359,E1,64.29,平台金融化规制路径的反思与重构：以长租平台为例
1437,1431,E1,64.26,审判委员会运行状况的实证研究
1438,699,E1,64.24,行贿犯罪执法困局及其对策
1439,758,E1,64.24,论司法拍卖市场化改革及其完善
1440,1881,E1,64.21,法律中“忠”的义理与构造分析
1441,1650,E1,64.19,电子诉讼制度构建的法律基础
1442,781,E1,64.18,论当代中国的交叠特征与法治社会建设:从财产权角度的路径分析
1443,99,E1,64.15,中国法院“案多人少”的实证评估与应对策略
1444,1616,E1,64.13,浙路风潮中的诸权之争
1445,1063,E1,64.12,论“以国际法为基础的国际秩序”
1446,1770,E1,64.0,证据法体系化的法理阐释
1447,849,E1,63.9,论行政诉讼补救判决的适用——基于104份行政裁判文书的统计分析
1448,559,E1,63.87,涉外法治的概念与体系
1449,263,E1,63.85,司法改革背景下逮捕的若干问题研究
1450,1485,E1,63.81,执法能力的损耗与重建——以基层食药监执法为经验样本
1451,1717,E1,63.72,行政审批改革政策试验机制的法治化图景
1452,65,E1,63.71,个人所得税纳税义务的法律建构
1453,1110,E1,63.6,“御史监察”的历史构造与运转实效
1454,539,E1,63.59,法律的“交叉”研究和应用的原理
1455,1536,E1,63.49,晚清西方视角中的中国家庭法
1456,1845,E1,63.49,财产性判项与减刑假释关联机制改革实效评估
1457,258,E1,63.44,司法判决中的指导性案例
1458,91,E1,63.43,中国律例统编的传统与现代民法体系中的指导性案例
1459,800,E1,63.37,论数字时代的积极主义法律监督观
1460,1056,E1,63.37,行政检察的监督范畴与体系构建
1461,959,E1,63.26,共享经济的法律规制
1462,739,E1,63.25,论保险告知义务规则与近因原则的衔接
1463,187,E1,63.16,全球经贸关系演变中的国际法治危机及其应对
1464,1094,E1,63.12,财税法一体化的理论逻辑与实践转向
1465,555,E1,63.01,法理即法律原理之解说
1466,321,E1,63.0,境外追逃中的量刑承诺制度研究
1467,517,E1,62.99,民法分则婚姻家庭编立法研究
1468,190,E1,62.9,公共卫生预警原则和机制建构研究
1469,1766,E1,62.6,论预防型法治
1470,598,E1,62.57,社会信用体系建设的法治之道
1471,1032,E1,62.47,监管科技:金融科技的监管挑战与维度建构
1472,833,E1,62.43,论税收国家的基础
1473,1426,E1,62.41,完善认罪认罚从宽制度：中国语境下的关键词展开
1474,647,E1,62.37,网络社会法律治理与技术治理的二元共治
1475,903,E1,62.19,错案责任追究与豁免
1476,278,E1,62.15,商业反腐的结构性治理和模式
1477,967,E1,62.15,区域协调发展的国家保障义务
1478,1353,E1,62.09,唐代笔记所载灵异案件反映的法律文化
1479,1244,E1,61.99,党政体制如何塑造基层执法
1480,1795,E1,61.87,近代中国刑事上诉制度的生成及展开
1481,1925,E1,61.79,中国刑事诉讼基本原则的体系化建构
1482,742,E1,61.75,论公共企业的法律属性
1483,982,E1,61.72,国际会计准则的困境与财务报表的改进——马克思虚拟资本理论的视角
1484,175,E1,61.68,元宇宙治理法治化的理论定位与基本框架
1485,264,E1,61.66,司法改革试点再认识：与实验研究方法的比较与启示
1486,597,E1,61.62,社会主义核心价值观的法源地位及其作用提升
1487,710,E1,61.56,论1954年宪法上的审判独立原则
1488,1064,E1,61.54,论《民法典》实施中的思维转化——从单行法思维到法典化思维
1489,819,E1,61.46,论法律科际整合及其对“可靠事实”的探寻
1490,109,E1,61.31,主权原则在中国宪法中的展开
1491,270,E1,61.29,司法解释权限的界定与行使
1492,575,E1,61.28,环境法典编纂论纲
1493,845,E1,61.28,论行政审批的分类改革与替代性制度建设
1494,123,E1,61.16,争议专属经济区内适度性执法研究
1495,855,E1,61.13,论金融法的制定
1496,324,E1,61.06,大数据时代的隐私危机及其侵权法应对
1497,380,E1,61.04,我国受贿罪量刑地区差异问题实证研究
1498,666,E1,61.04,董事会对短期主义行为的治理
1499,996,E1,60.97,宋代女性的土地权利保护
1500,435,E1,60.96,数字法学的理论表达
1501,1269,E1,60.96,公民参与司法：理论、实践及改革——以刑事司法为中心的考察
1502,1511,E1,60.93,数字经济视域下包容审慎监管的法治逻辑
1503,199,E1,60.9,公平竞争原则与政府规制变革
1504,1810,E1,60.9,醉酒型危险驾驶罪量刑影响因素实证研究
1505,1250,E1,60.82,全球金融治理的合法性困局及其应对
1506,8,E1,60.81,“一带一路”背景下铁路提单与铁路运单的协同创新机制
1507,42,E1,60.76,“长臂管辖权”的法理分析与对策研究
1508,714,E1,60.66,论《民法典》的功能主义释意模式
1509,1075,E1,60.5,论我国检察权的新发展
1510,962,E1,60.43,刑事司法人工智能的包容性规制
1511,1045,E1,60.35,经济权利保障的宪法逻辑
1512,568,E1,60.31,环境司法专门化发展的实证检视：以环境审判机构和环境审判机制为中心
1513,518,E1,60.29,民法分则物权编立法研究
1514,976,E1,60.25,唐律说“理”
1515,169,E1,60.15,债务人合法权益平等保护制度论纲
1516,193,E1,60.06,公司法定代表人越权签署的担保合同效力规则的反思与重构
1517,408,E1,60.04,我国食品安全责任强制保险的法律构造研究
1518,345,E1,60.01,宪法的全球化：历史起源、当代潮流与理论反思
1519,515,E1,60.01,民法分则侵权责任编立法研究
1520,633,E1,59.91,纳税便利原则研究
1521,554,E1,59.87,法理:法实践的正当性理由
1522,953,E1,59.85,依宪立法原则与合宪性审查
1523,1158,E1,59.84,中国法治经济建设的逻辑
1524,1643,E1,59.84,生命科技时代民法中人的主体地位构造基础
1525,262,E1,59.76,司法改革与法律职业激励环境的变化
1526,780,E1,59.76,论建立分种类、多层级的社会规范备案审查制度
1527,1016,E1,59.75,治国之法中的国际法：中国主张和制度实践
1528,139,E1,59.72,人民调解员的制度角色考
1529,243,E1,59.63,劳动法上“合理”的多重意蕴及其应用
1530,128,E1,59.62,互联网司法的正义体系
1531,1825,E1,59.62,集体建设用地向宅基地的地性转换
1532,167,E1,59.57,信用、法治与现代经济增长的制度基础
1533,846,E1,59.56,论行政廉洁原则的适用
1534,1544,E1,59.49,构建公共服务法律体系的理论逻辑及现实展开
1535,997,E1,59.47,宪法框架下的协商民主及其法治化路径
1536,941,E1,59.46,互联网金融的法律规制——基于信息工具的视角
1537,974,E1,59.46,司法方法在裁判中的运用——法条至上、原则裁判与后果权衡
1538,344,E1,59.44,宪法实施情况报告制度的理论阐释和体系构建
1539,378,E1,59.35,我国刑法制裁体系的反思与完善
1540,1156,E1,59.35,中国法律传统的经济理性
1541,498,E1,59.31,民事诉讼的社会化
1542,930,E1,59.28,中国法治社会的结构及其运行机制
1543,1046,E1,59.26,网络交易法律关系构造
1544,136,E1,59.24,人格权编的中国范式与中国式现代化的实现
1545,995,E1,59.16,大国司法理念与中国国际民事诉讼制度的发展
1546,1839,E1,59.16,劳动法视野下工作生活平衡原则的确立与规则建构
1547,436,E1,59.13,数字法学范畴体系的分层结构与逻辑展开
1548,1528,E1,59.12,新时代行政生效裁判检察监督之道
1549,1386,E1,59.1,城镇规划区违建执法困境及其解释——国家能力的视角
1550,1589,E1,59.03,法学研究新范式: 计算法学的内涵、范畴与方法
1551,1043,E1,58.91,空间正义实现的公共规制
1552,783,E1,58.79,论我国“特定区域”法治先行
1553,678,E1,58.75,行政审批（许可）权力清单建构中的法律问题
1554,153,E1,58.72,企业犯罪预防中合规计划制度的借鉴
1555,1001,E1,58.69,推进农地三权分置经营模式的立法研究
1556,437,E1,58.68,数字法学视野下的网络空间治理
1557,653,E1,58.66,聂树斌案再审：由来、问题与意义
1558,768,E1,58.66,论国际裁判中的司法政策
1559,927,E1,58.63,中国政府治理的法治路径
1560,375,E1,58.6,我国农村集体养老的法律制度供给
1561,390,E1,58.53,我国环境公益诉讼制度的建构问题与解决对策
1562,402,E1,58.49,我国证券集团诉讼的模式选择与制度重构
1563,1797,E1,58.46,近代中国统一法律适用的实践
1564,1108,E1,58.43,“六事”视野中的清代则例
1565,937,E1,58.32,中国行政法学学术体系的构造
1566,143,E1,58.19,从基础司改到综配司改:“内卷化”效应纾解
1567,615,E1,58.16,立法性决定的界定与效力
1568,811,E1,58.1,论民事诉讼中的协同主义
1569,1887,E1,58.1,人类命运共同体理念的国际法表达
1570,890,E1,58.06,通过政策的司法治理
1571,151,E1,58.03,以审判为中心背景下的刑事辩护突出问题研究
1572,886,E1,58.03,近代中国宪制的发展
1573,949,E1,58.03,从治外法权到域外规治——以管辖理论为视角
1574,1396,E1,58.01,基层法院的执行生态与非均衡执行
1575,1003,E1,58.0,政法范畴的本体论诠释
1576,535,E1,57.97,法律实证研究的兴起与分化
1577,1926,E1,57.91,经济法中的时间秩序
1578,1831,E1,57.82,面向共治格局的法治形态及其展开
1579,643,E1,57.75,网络平台治理立法的反思与完善
1580,231,E1,57.71,刑事诉讼数据处理的全流程监管
1581,1067,E1,57.71,论人类命运共同体构建中的和平搁置争端
1582,1222,E1,57.71,促进人与自然和谐共生的中国式法律协同观
1583,1051,E1,57.69,罪刑关系的体系化及其实现
1584,1071,E1,57.66,论司法决策的适度“再情感化”
1585,373,E1,57.6,我国公共卫生法治的理论坐标与制度构建
1586,1609,E1,57.59,法治如何定量——我国法治评估量化方法评析
1587,104,E1,57.51,中国环境司法的能动协同现象与形成发展逻辑
1588,342,E1,57.46,审判委员会制度改革路径实证研究
1589,69,E1,57.35,"中国""宪法实施""的话语体系与演变脉络"
1590,522,E1,57.34,民法法典化运动中的知识产权法
1591,684,E1,57.31,行政法典编纂视角下明清会典的编纂理念、立法模式及启示
1592,602,E1,57.28,社会自我规制与行政法的任务
1593,76,E1,57.25,中国刑法学自主知识体系的内涵阐释与建构路径
1594,322,E1,57.25,备案审查实施法制统一原则的必要性、可能性及其难点
1595,612,E1,57.25,立案登记背景下立案庭的定位及其未来走向
1596,311,E1,57.21,城管柔性执法：非强制框架下的效益考虑与路径选择
1597,538,E1,57.21,法律权力的含义和属性
1598,71,E1,57.16,"中国人权法学""三大体系""论纲"
1599,1461,E1+E2,57.12,当代中国政法体制的形成及意义
1600,1674,E1,57.12,积极应对人口老龄化的法治进路
1601,1523,E1,57.04,文化传承视角下的中国传统法典编纂
1602,1352,E1,56.97,周秦两汉法律“布之于民”考论
1603,1406,E1,56.96,备案审查的国家治理功能
1604,310,E1,56.94,城乡融合发展视域下农村土地权利制度优化的实现路径
1605,252,E1,56.81,双重社会转型下中国环境法的挑战与因应
1606,100,E1,56.72,中国特色刑法域外适用规则的问题与完善
1607,1030,E1,56.71,生态环境刑法立法的内在构造
1608,1036,E1,56.71,社会公共利益的私法实现机制
1609,957,E1,56.69,公权与私权共治的法律机制
1610,365,E1,56.59,当代中国的法律实证研究
1611,1550,E1,56.44,检察官相对独立论
1612,501,E1,56.41,民刑共治：中国式现代犯罪治理新模式
1613,320,E1,56.37,境外追赃中犯罪资产分享制度研究
1614,856,E1,56.37,证券期货市场高频交易的法律监管框架研究
1615,1084,E1,56.16,论法治思维的规则
1616,1522,E1,56.12,文化中国的法律构建——以历史文化遗产法为中心
1617,1112,E1,56.04,“祖制”的法律解读
1618,706,E1,56.0,认罪认罚从宽制度研究
1619,1305,E1,55.94,刑事速裁程序试点实效检验——基于12666份速裁案件裁判文书的实证分析
1620,1147,E1,55.93,中国式法治现代化概念的逻辑构造及其展开
1621,512,E1,55.87,民法典编纂中的立法语言规范化
1622,1081,E1,55.76,论法律学说的司法运用
1623,1505,E1,55.76,数字公民的身份确认及权利保障
1624,1044,E1,55.75,粤港澳大湾区治理创新的法治进路
1625,244,E1,55.72,劳动法典编纂的重大意义与体例结构
1626,1656,E1,55.69,省级统管地方法院法官任用改革审思——基于实证考察的分析
1627,439,E1,55.68,数字财产权对传统财产权理论的重构
1628,129,E1,55.63,互联网法院的时代创新与中国贡献
1629,763,E1,55.6,论唐代无主物法律制度
1630,913,E1,55.59,"""一带一路""倡议与国际法——基于国际公共产品供给视角的分析"
1631,1692,E1,55.59,群体诉讼的博弈分析
1632,681,E1,55.56,行政检察：解决行政争议的第三条道路
1633,1114,E1,55.53,《印中搜闻》与19世纪早期西方人的中国法律观
1634,85,E1,55.5,"中国宪法上""社会主义市场经济""的规范结构"
1635,1002,E1,55.5,政府治理中社会整体利益的法治实现
1636,1822,E1,55.5,附条件不起诉制度实施状况研究
1637,484,E1,55.46,正确认识和评价马锡五审判方式
1638,1416,E1,55.43,婚姻家庭立法的同一性原理
1639,83,E1,55.41,中国基本法文化的特征及其当代变迁
1640,1366,E1,55.41,国家在国际造法进程中的角色与功能——以国际海洋法的形成与运作为例
1641,277,E1,55.38,员额法官遴选机制改革实证研究:以A省为样板
1642,59,E1,55.28,世界刑事诉讼的四次革命
1643,429,E1,55.25,数字化时代国际贸易协定中的文化条款
1644,887,E1,55.21,远程工作的立法理念与制度建构
1645,459,E1,55.12,新时代司法改革的逻辑展开与路径思考
1646,86,E1,55.07,中国宪法的环境观及其规范表达
1647,1549,E1,55.0,检察人员对分类管理改革的立场——以问卷调查为基础
1648,646,E1,54.96,网络社会司法治理的实践探索与前景展望
1649,1159,E1,54.9,中国法治语境下的司法建议：机理、运用与制度完善
1650,606,E1,54.85,私法渗入公法的必然与边界
1651,82,E1,54.76,中国基层法院财政制度实证研究
1652,216,E1,54.74,刑事司法实证研究：以数据及其运用为中心的探讨
1653,551,E1,54.71,法治中国背景下国家责任论纲
1654,397,E1,54.65,我国网络信息的政府治理机制研究
1655,987,E1,54.65,地方政府的价值治理及其制度效能
1656,1838,E1,54.6,实质主义宪法监督：内涵、逻辑与实践
1657,214,E1,54.56,减负与转型的经济法推进
1658,725,E1,54.54,论中国财税法学自主知识体系的建构
1659,1924,E1,54.54,中国妇女权利的宪法建构
1660,1793,E1,54.53,迈向大数据法律研究
1661,1921,E1,54.53,制度型开放的竞争法实现
1662,15,E1,54.49,“南海仲裁案”有关岛礁的裁决与法律和事实不符
1663,944,E1,54.49,人性民法与物性刑法的融合发展
1664,1623,E1,54.46,清代君臣的法外施仁博弈
1665,1688,E1,54.41,网络暴力治理的法治化转型及立法体系建构
1666,107,E1,54.4,中国语境下的“检察权”概念考察
1667,519,E1,54.37,民法分则继承编立法研究
1668,179,E1,54.31,党内法规制定技术规范论纲
1669,1216,E1,54.31,依规治党与依法治国的关系
1670,1849,E1,54.28,人工智能时代的就业替代与法律应对：中国方案建构
1671,912,E1,54.21,1768年叫魂案再审视与解读
1672,1465,E1,54.21,成文法背景下的判例实践——近代中国最高审判机构判例汇编与实效
1673,356,E1,54.19,市场主体规则平等的理论阐释与法律制度构建
1674,432,E1,54.18,数字时代科学立法的法理研究
1675,1150,E1,54.13,中国投资协议实体保护标准的自由化和多边化演进
1676,759,E1,54.1,论司法权和司法行政事务管理权的分离
1677,176,E1,54.06,元宇宙的行政规制路径：一个框架性分析
1678,463,E1,54.06,新时代检察权的定位、特征与发展趋向
1679,608,E1,53.82,科研项目经费管理改革的法治化路径
1680,460,E1,53.79,新时代国家安全法学论纲
1681,78,E1,53.78,中国参与国际气候治理的法律立场和策略：以气候正义为视角
1682,1246,E1,53.75,党管政法：党与政法关系的演进
1683,1457,E1,53.75,庭审实质化的路径和方法
1684,751,E1,53.66,论农民集体土地所有权的管理权能
1685,876,E1,53.66,赋能型人工智能治理的理念确立与机制构建
1686,896,E1,53.66,释宪机制的影响因子及其中国构造
1687,266,E1,53.6,司法裁判中的意义分歧及其消解路径
1688,766,E1,53.59,论国家治理体系下的检察公益诉讼
1689,731,E1,53.56,论互联网法
1690,545,E1,53.51,法律解释方法在指导性案例中的运用及其完善
1691,1904,E1,53.47,政法范畴形成论
1692,723,E1,53.43,论中国法理学史学科的创立
1693,81,E1,53.35,中国在南海的历史性权利
1694,1382,E1,53.34,城市化与法治化：城市化的法律治理——农业转移人口公民化与城市治理秩序重建
1695,935,E1,53.31,中国自治型公司法的理论证成及制度实现
1696,989,E1,53.15,基于中国治理实践的行政法学命题转换
1697,1361,E1,53.12,四级两审制的发生和演化
1698,724,E1,53.1,论中国特色国际税收法治体系之建构
1699,464,E1,52.94,新时代能动司法的倡导与回应型司法的构建
1700,516,E1,52.93,民法分则合同编立法研究
1701,986,E1,52.82,在新的历史起点上推进中国特色法学体系构建
1702,1585,E1,52.74,治理体系的完善与民法典的时代精神
1703,97,E1,52.72,中国法域外适用法律体系:现状、问题与完善
1704,1438,E1,52.65,宪法相关规定直接实施工作机制的法理内涵与实践展开
1705,2,E1,52.47,APEC成员合作反腐司法一体化机制构建
1706,183,E1,52.44,党领导立法的规范原理与构造
1707,259,E1,52.43,司法判决对正当程序原则的发展
1708,289,E1,52.41,国家治理体系视角下党内法规研究的基础概念辨析
1709,1243,E1,52.38,党内法规体系的形成与完善
1710,1383,E1,52.38,城市化升级转型中的社会保障与社会法
1711,795,E1,52.37,论技术范式转移下元宇宙的法律治理
1712,929,E1,52.35,中国法律规范体系与立法效果评估
1713,1065,E1,52.32,论中国法治评估的转型
1714,158,E1,52.25,作为方法论的“地方法制”
1715,1193,E1,52.22,从国家构建到共建共享的法治转向——基于社会组织与法治建设之间关系的考察
1716,1460,E1,52.21,当代中国司法生态及其改善
1717,470,E1,52.16,机关运行保障的立法逻辑
1718,1702,E1,52.13,苏俄宪法在中国的传播及其当代意义
1719,1042,E1,52.07,税制变迁与税收法治现代化
1720,877,E1,52.01,走向“精明”的证券监管
1721,1103,E1,51.97,马克思的法律发展思想及其当代意义
1722,256,E1,51.94,司法人员职务犯罪双重管辖制度的多维思考
1723,1756,E1,51.76,论政策对刑事诉讼的作用
1724,96,E1,51.69,中国法史及法史学研究反思——兼论学术研究的规律
1725,835,E1,51.69,论经济法治现代化
1726,392,E1,51.51,我国监察体制改革若干问题思考
1727,784,E1,51.51,论我国个人破产制度的构建
1728,389,E1,51.5,我国海洋法权的宪法规范构建
1729,1057,E1,51.47,行政法治视阈下的民生立法
1730,466,E1,51.41,智慧社会背景下的“第四代人权”及其保障
1731,932,E1,51.4,中国海上航运的安保模式及其法律保障——以应对21世纪海上丝路的海盗为例
1732,92,E1,51.31,中国最高审判体制的刑民分立——传统与现代化
1733,1888,E1,51.24,“依宪治国、依宪执政”：中国宪法学自主知识体系的标志性概念
1734,925,E1,51.21,中国式物权制度的文明刻度
1735,40,E1,51.16,“诉讼爆炸”的中国应对：基于W区法院近三十年审判实践的实证分析
1736,923,E1,51.12,中国宪法权力监督功能的规范分析
1737,730,E1,50.99,论习近平法治思想的法理学创新
1738,1760,E1,50.96,论海法
1739,797,E1,50.94,论拒不履行信息网络安全管理义务罪
1740,992,E1,50.91,多边主义与国际法治
1741,276,E1,50.9,合规制度的公司法设计及其实现路径
1742,1185,E1,50.79,互联网金融风险的社会特性与监管创新
1743,363,E1,50.65,张居正改革中的考成法考论
1744,1178,E1,50.6,乡村司法与国家治理——以乡村微观权力的整合为线索
1745,186,E1,50.49,全球治理背景下国际税收秩序的挑战与变革
1746,813,E1,50.46,论民事诉讼文书样式实例评注研究的引领功用
1747,1062,E1,50.34,行政转型与行政法学的回应型变迁
1748,994,E1,49.93,大变局背景下的国际商事仲裁：世界潮流与中国因应
1749,1537,E1,49.9,智能互联网时代的法律变革
1750,115,E1,49.88,习近平法治思想中的构建新型诉讼格局理论
1751,1890,E1,49.87,卫生健康法法典化研究
1752,626,E1,49.82,系列杀人犯罪侦查分析模型的创建与检验
1753,108,E1,49.6,主任检察官制度研究
1754,984,E1,49.6,国际法的守正与创新——以全球治理体系变革的规范需求为视角
1755,743,E1,49.53,论公共法律服务与诉讼服务体系的制度协同
1756,1889,E1,49.51,中国刑事司法治理的传统范式及其现代意蕴
1757,1024,E1,49.47,海洋法权论
1758,479,E1,49.46,检察指导案例效力研究
1759,370,E1,49.43,我国专利制度现代化的自主逻辑体系建构
1760,1011,E1,49.34,构建新时代法学学科体系
1761,1009,E1,49.31,新税制改革与创新驱动发展战略
1762,1083,E1,49.29,论法治体系概念
1763,776,E1,49.28,论宪法与国际法的互动
1764,1345,E1,49.28,合作治理语境下的法治化营商环境建设
1765,145,E1,49.19,从立案审查到立案登记：法院在社会转型中的司法角色
1766,985,E1,49.07,国际贸易投资规则的再构建及中国的因应
1767,1757,E1,49.06,论数字法院
1768,789,E1,49.0,论我国数量刑法学的构建
1769,1148,E1,49.0,中国式现代化的宪法逻辑
1770,116,E1,48.96,习近平法治思想中的社会公平正义理论研究
1771,1010,E1,48.93,智慧社会建设中的“众创”式制度变革——基于“网约车”合法化进程的法理学分析
1772,5,E1,48.81,“一带一路”争端解决制度研究
1773,847,E1,48.79,论行政法中技术标准的运用
1774,1529,E1,48.71,方法论演进视野下的中国法律实证研究
1775,68,E1,48.63,中华法律文化之起源考
1776,341,E1,48.57,实验法院：近代中国司法改革的一次地方试点
1777,89,E1,48.38,中国式现代化背景下社会法体系的完善
1778,454,E1,48.34,新时代“德法合治”方略的哲理思考
1779,1176,E1,48.25,习近平法治思想的数字法治观
1780,931,E1,48.22,中国法理学进步的阶梯
1781,792,E1,48.09,论我国现行宪法的人民民主原则
1782,1476,E1,48.01,我国法治政府建设地区差异的定量分析
1783,1073,E1,47.87,论国家治理商数
1784,455,E1,47.68,新时代中国国际法理论的发展
1785,1026,E1,47.68,犯罪统计与犯罪治理的优化
1786,966,E1,47.63,包容性法治框架下的社会组织治理
1787,885,E1,47.62,"迈向""规划""时代的法治中国建设"
1788,891,E1,47.4,通过立法的文化传承
1789,719,E1,47.32,论中国古代的“六事法体系”
1790,550,E1,47.13,法治中国建设的“共建共享”路径与策略
1791,60,E1,47.04,东京审判与追究侵略之罪责
1792,1048,E1,46.9,网络社会治理的法治模式
1793,477,E1,46.78,核心国际人权条约缔约国报告制度：困境与出路
1794,185,E1,46.76,全球治理背景下人类命运共同体的阐释与构建
1795,1253,E1,46.74,全面依法治国背景下的刑事公诉
1796,333,E1,46.63,婚姻家庭编的创新和发展
1797,787,E1,46.57,论我国司法体制的现代化改革
1798,504,E1,46.47,民法典人格权编的亮点与创新
1799,1101,E1,46.41,面向“三维世界”的数字法学
1800,443,E1,46.38,数据科技伦理法律化问题探究
1801,761,E1,46.38,论司法责任制综合配套改革
1802,70,E1,46.25,中国与“一带一路”国家税收协定优惠安排与适用争议研究
1803,171,E1,46.24,健全保证宪法全面实施制度体系
1804,79,E1,46.21,中国参与极地全球治理的法治构建
1805,1836,E1,46.13,马克思主义法律理论中国化的当代意义
1806,30,E1,46.01,“枫桥经验”视野下的基层社会治理制度供给研究
1807,120,E1,45.96,习近平法治思想的法治文明论
1808,33,E1,45.79,“特区租管地”：一种区域合作法律制度创新模式
1809,1165,E1,45.66,中国第一代马克思主义法学家的理论开创
1810,934,E1,45.62,中国知识产权法律变迁的基本面向
1811,121,E1,45.53,习近平法治思想的生态文明法治理论
1812,1532,E1,45.5,明代监察系统内部监察制度析论
1813,395,E1,45.28,我国继承制度的完善与规则适用
1814,919,E1,45.26,中国刑事程序法治文明的新发展
1815,105,E1,45.22,中国知识产权制度现代化的实践与发展
1816,1796,E1,45.22,近代中国法学学术团体考证
1817,163,E1,45.21,侵权责任编:在承继中完善和创新
1818,948,E1,45.12,从民法通则到民法总则：中国当代民法的历史性跨越
1819,638,E1,45.1,绿色“一带一路”环境法规制研究
1820,1837,E1,44.87,习近平法治思想中的法治文化概念
1821,544,E1,44.74,法律规范体系化背景下的行政诉讼制度的完善
1822,448,E1,44.56,文化法治体系的法理意蕴与实践展开
1823,6,E1,44.46,“一带一路”多元争端解决中心构建的当下与未来
1824,1174,E1,44.32,习近平法治思想中的法治监督理论
1825,301,E1,44.31,"在法治轨道上有序推进""全过程人民民主"""
1826,1534,E1,44.16,晚清时期国人对法院组织的认知
1827,1201,E1,44.12,以习近平法治思想引领行政审判制度新发展
1828,918,E1,43.96,中国共产党创造法治文明新形态的历史叙事
1829,77,E1,43.84,中国刑法立法晚近20年之回眸与前瞻
1830,721,E1,43.81,论中国古代的民本思想
1831,379,E1,43.5,我国刑法的新发展
1832,13,E1,43.47,“南海仲裁案”后续法律应对的关键问题研究
1833,1891,E1,43.31,国际安全法的体系化构建研究
1834,1021,E1,43.25,法治：中国与世界——国际法治与中国法治建设
1835,451,E1,43.16,新中国国际法学70年:历程、贡献与发展方向
1836,467,E1,42.96,最高人民检察院司法解释研究
1837,1420,E1,42.72,孝道：中国传统法律的核心价值
1838,552,E1,42.63,法治体系形成指标的法理研究
1839,1251,E1,42.26,全过程人民民主的法治向度阐析
1840,983,E1,42.24,国际法治的中国表达
1841,1173,E1,42.22,习近平法治思想中的依规治党理论及其原创性贡献
1842,1479,E1,42.19,我国社区矫正法的历史地位与立法特点
1843,307,E1,42.13,坚持依规治党
1844,332,E1,41.88,契约文明起源考:以古代西亚为中心
1845,84,E1,41.68,中国大众平等观念评析
1846,1142,E1,41.65,中国司法体制改革的经验——习近平司法体制改革思想研究
1847,1525,E1,41.6,新时代中国法治理论创新发展的六个向度
1848,720,E1,41.59,论中国古代的德法共治
1849,160,E1,41.53,依法治国和依规治党有机统一研究
1850,462,E1,41.51,新时代政法改革论纲
1851,419,E1,41.34,推进中国式法治现代化 构建人类法治文明新形态——对党的二十大报告的法治要义阐释
1852,632,E1,41.1,纪检监察学“三大体系”论纲
1853,323,E1,41.07,大变局下中国式民主的制度优势与宪法保障
1854,801,E1,41.0,论数字检察
1855,1526,E1,40.97,新时代推进社会公平正义的法治要义
1856,16,E1,40.72,“南海仲裁案”裁决缘何非法无效
1857,14,E1,40.49,“南海仲裁案”最终裁决研判与我国的对策
1858,188,E1,40.49,全面深化改革中的民法典编纂
1859,1172,E1,40.49,习近平全面依法治国思想的理论逻辑与创新发展
1860,24,E1,40.03,“开元六典”的继受传播及对中华法系的影响
1861,267,E1,39.96,司法规律层次论
1862,181,E1,39.37,党内法规的百年演进与治理之道
1863,98,E1,39.13,中国法治主体性的文化向度
1864,348,E1,39.1,对“南海仲裁案”的反思：中国如何为国际法治做出贡献
1865,560,E1,39.09,深入推进依法行政
1866,601,E1,38.84,社会组织及其法制化研究
1867,88,E1,38.82,中国式现代化之党规回应
1868,587,E1,38.74,用中国特色社会主义法治理论引领法治体系建设
1869,149,E1,38.63,以古代中国与日本为中心的中华法系之律家考
1870,728,E1,38.46,论习近平法治思想的制度逻辑
1871,74,E1,38.25,中国传统生态环境法文化及当代价值研究
1872,1160,E1,38.15,中国法科学生留学德国四十年的回顾与展望
1873,260,E1,37.97,司法大数据在中国法院的应用与前景展望
1874,914,E1,37.91,“中国特色社会主义法治理论” 考
1875,398,E1,37.32,我国网络法治的经验与启示
1876,46,E1,36.9,《大清律例》条标的运用与启示
1877,174,E1,36.87,儒家民族观影响下的中国古代民族法制
1878,114,E1,36.4,习近平文物事业法治思想研究
1879,1162,E1,36.18,中国特色社会主义人权理论体系论纲
1880,456,E1,36.15,新时代中国法治现代化的战略安排
1881,44,E1,36.06,《中华人民共和国民法总则》的制定
1882,722,E1,35.68,论中国式法治现代化新道路
1883,461,E1,35.51,新时代坚定不移走中国特色社会主义法治道路
1884,118,E1,35.21,习近平法治思想是马克思主义法治理论中国化的新发展新飞跃
1885,716,E1,35.04,论一体建设法治社会
1886,1017,E1,34.56,治国理政的法治理念和法治思维
1887,1089,E1,34.32,论统筹推进国内法治和涉外法治
1888,938,E1,34.16,习近平法治思想的实践逻辑、理论逻辑和历史逻辑
1889,172,E1,34.15,健全公正执法司法体制机制
1890,741,E1,33.79,论全面依法治国的战略地位和作用
1891,111,E1,33.31,习近平互联网法治思想研究
1892,457,E1,33.01,新时代全面依法治国的思想、方略和实践
1893,804,E1,32.88,论新时代中国社会治理理论
1894,1028,E1,32.74,现代化中华法治文明及其世界意义
1895,242,E1,32.62,加快推进新时代区域法治发展
1896,308,E1,32.5,坚持和发展中国特色社会主义法治理论
1897,641,E1,31.62,编纂实施民法典是习近平法治思想的生动实践
1898,1008,E1,31.43,新时代中国法治建设的基本问题
1899,309,E1,31.35,坚持抓住领导干部这个：关键少数
1900,336,E1,30.97,完善推进法治社会建设机制
1901,119,E1,30.94,习近平法治思想的司法理论
1902,150,E1,30.81,以大协同格局加强涉外法治建设
1903,698,E1,30.29,行政长官制是单一制下新的澳门特别行政区地方政权形式
1904,257,E1,30.18,司法体制综合配套改革的路径和重点
1905,300,E1,30.0,在全面依法治国实践中担当尽责沿着中国特色社会主义法治道路阔步前进
1906,1177,E1,29.04,习近平法治思想领航中国之治的实践机制
1907,331,E1,28.97,奋力建设法治政府
1908,727,E1,28.85,论习近平法治思想的公正司法观
1909,112,E1,28.57,习近平全球治理与国际法治思想研究
1910,102,E1,28.37,中国特色社会主义法治体系的理论基础、指导思想和基本构成
1911,103,E1,28.16,中国特色社会主义法治道路的时代进程
1912,122,E1,27.93,习近平法治思想要义的法理解读
1913,729,E1,27.91,论习近平法治思想的时代精神
1914,864,E1,27.47,谱写新时代人权法治保障的新篇章
1915,1175,E1,26.79,习近平法治思想对马克思主义法治原理的传承与发展
1916,113,E1,26.32,习近平总书记全面依法治国新理念新思想新战略:发展脉络、核心要义和时代意义
1917,1524,E1,25.59,新思想引领法治新征程——习近平新时代中国特色社会主义思想对依法治国和法治建设的指导意义
1918,117,E1,25.37,"坚持抓住领导干部这个""关键少数"""
1919,306,E1,24.63,坚持以习近平法治思想为指导 谱写新时代全面依法治国新篇章
1920,362,E1,22.13,建设中国特色社会主义法治文化
