paper_id,paper,对象归属度,材料归属度,范畴自主度,解释目标归属度,体系映射度,五轴总分,强度,一致性,需复核,R2模式
1,664472307_孙远钊_2015_交大法学_《著作权法（修订草案送审稿）》修改与完善建议.md,2,2,1,2,2,9,strong,high,False,full
2,664472308_张红斌和左玉茹_2015_交大法学_《著作权法（修订草案送审稿）》评述.md,2,2,1,2,1,8,strong,high,False,skip
3,664472309_焦和平_2015_交大法学_发行权规定的现存问题与改进建议——兼评《著作权法（修订草案送审稿）》相关规定.md,2,2,1,2,1,8,strong,medium,False,full
4,664472310_徐彦冰_2015_交大法学_论软件修改权在第三方插件侵权中的适用——兼评《著作权法（修订草案送审稿）》第13条第3款第8项.md,2,2,1,2,1,8,strong,medium,False,full
5,664472311_熊琦_2015_交大法学_著作权公共许可的功能转型与立法应对.md,1,0,0,2,1,4,weak,medium,False,full
6,664472312_田雷_2015_交大法学_两种居留权案件——香港基本法第24条解释的第三条道路.md,2,2,2,2,2,10,strong,high,False,skip
7,664472313_陈道英_2015_交大法学_ICP对用户言论的法律责任——以表达自由为视角.md,2,2,1,2,2,9,strong,medium,False,full
8,664472314_陈洪杰_2015_交大法学_运动式治理中的法院功能嬗变（下）.md,2,2,2,2,2,10,strong,high,False,skip
9,664472315_卢恒飞_2015_交大法学_网络谣言如何扰乱了公共秩序？——兼论网络谣言型寻衅滋事罪的理解与适用.md,2,2,2,2,2,10,strong,high,False,skip
10,664472316_黄士洲_2015_交大法学_一般反避税立法实践的比较研究——以中国台湾地区、日本与德国税法相关规定与实例为主线.md,1,1,0,1,1,4,weak,medium,False,full
11,664472317_缪因知_2015_交大法学_政府性证券监管批判及与民事诉讼之权衡.md,2,2,1,2,2,9,strong,high,False,skip
12,664472318_马荣春_2015_交大法学_“主观的超过要素”：一个不适合的域外刑法学命题（下）.md,2,2,0,2,1,7,medium,medium,False,full
13,664472319_王贵松_2015_交大法学_依法行政原则对信赖利益的保护——益民公司诉河南省周口市政府等行政行为违法案分析.md,2,2,1,2,1,8,strong,medium,False,full
14,665273990_李忠夏_2015_交大法学_国家所有的宪法规范分析以国有财产和自然资源国家所有的类型分析为例.md,2,2,2,2,2,10,strong,high,False,skip
15,665273991_林彦_2015_交大法学_自然资源国家所有权的行使主体——以立法为中心的考察.md,2,2,2,2,2,10,strong,high,False,light
16,665273992_单平基和彭诚信_2015_交大法学_“国家所有权”研究的民法学争点.md,2,2,1,2,2,9,strong,medium,False,full
17,665273993_成协中_2015_交大法学_城市土地国家所有的实际效果与规范意义.md,2,2,2,2,2,10,strong,high,False,skip
18,665273994_程雪阳_2015_交大法学_国家所有权概念史的考察和反思.md,2,2,2,2,2,10,strong,high,False,skip
19,665273995_纪海龙_2015_交大法学_法教义学：力量与弱点.md,2,1,0,2,2,7,medium,medium,False,full
20,665273996_何欢_2015_交大法学_再议代表人越权对外担保的法律效力——基于公司担保法律规则的体系化解读.md,2,2,2,2,2,10,strong,high,False,skip
21,665273997_安·巴托尔(A Ba ow)和朱体正_2015_交大法学_特权商标：冠名权与公共设施（上）.md,0,0,0,0,0,0,absent,high,False,skip
22,665273998_李俊明_2015_交大法学_我国损害赔偿金可税性探讨.md,2,2,2,2,2,10,strong,high,False,full
23,665273999_洛塔尔·库伦(Lo ha Kuhle )和蔡桂生_2015_交大法学_论刑法与宪法的关系.md,0,0,0,0,0,0,absent,high,False,skip
24,665274000_解亘_2015_交大法学_著作权共有人的权利行使——评齐良芷、齐良末等诉江苏文艺出版社侵犯著作权纠纷案.md,2,2,1,2,1,8,strong,high,False,full
25,666062629_张五常_2015_交大法学_新制度经济学的来龙去脉.md,0,0,0,0,0,0,absent,high,False,skip
26,666062630_张五常等_2015_交大法学_解释社会：关于法学和新制度经济学的对话.md,2,2,0,1,0,5,medium,high,False,full
27,666062631_张永健_2015_交大法学_张五常《经济解释》对法律经济学方法论之启示.md,1,1,1,1,2,6,medium,high,False,full
28,666062632_简资修_2015_交大法学_法律作为合约安排.md,1,1,0,0,1,3,weak,medium,False,full
29,666062633_杨曜和高薇_2015_交大法学_好的科斯定理和好的法律经济学.md,0,0,0,0,0,0,absent,medium,False,full
30,666062634_徐国栋_2015_交大法学_《十二表法》的制定、灭失与还原（上）.md,0,0,0,0,0,0,absent,high,False,skip
31,666062635_贡塔·托依布纳和纪海龙_2015_交大法学_社会理论脉络中的法学与法律实践.md,0,0,0,0,0,0,absent,high,False,light
32,666062636_瞿灵敏_2015_交大法学_指导性案例类型化基础上的“参照”解读——以最高人民法院指导性案例为分析对象.md,2,2,2,2,2,10,strong,high,False,skip
33,666062637_郑杰_2015_交大法学_小产权房买卖合同的教义学分析.md,2,2,1,2,1,8,strong,medium,False,full
34,666062638_田山輝明和顾祝轩_2015_交大法学_日本成年监护制度——少子、老龄社会的法律制度.md,0,0,0,0,0,0,absent,high,False,skip
35,666062639_安·巴托尔和朱体正_2015_交大法学_特权商标：冠名权与公共设施（下）.md,0,0,0,0,0,0,absent,high,False,skip
36,666062640_俞小海_2015_交大法学_破坏计算机信息系统罪之司法实践分析与规范含义重构.md,2,2,1,2,2,9,strong,medium,False,full
37,666062641_胡加祥_2015_交大法学_世贸组织争端解决机制二十年回眸——以补偿机制为视角.md,0,0,0,0,0,0,absent,high,False,skip
38,666062642_胡滨斌_2015_交大法学_定牌加工商标侵权认定若干问题之反思——以“无锡艾弗公司诉香港鳄鱼恤公司”案为例.md,2,2,1,2,2,9,strong,medium,False,full
39,667188098_艾卡·雷宾德和王曦_2015_交大法学_欧盟和德国的环境保护集体诉讼.md,0,0,0,0,0,0,absent,medium,False,full
40,667188099_大久保规子和汝思思_2015_交大法学_环境公益诉讼与行政诉讼的原告适格——欧盟各国的发展情况.md,0,0,0,0,0,0,absent,high,False,full
41,667188100_王曦和张岩_2015_交大法学_论美国环境公民诉讼制度.md,0,0,0,1,0,1,absent,high,False,full
42,667188101_侯佳儒_2015_交大法学_环境公益诉讼的美国蓝本与中国借鉴.md,2,1,2,2,2,9,strong,high,False,full
43,667188102_吴然_2015_交大法学_合法性判准的道德性：重访哈特富勒之争.md,0,0,0,0,0,0,absent,high,False,skip
44,667188103_徐向华和林彦_2015_交大法学_《立法法》修正案评析.md,2,2,1,2,1,8,strong,medium,False,full
45,667188104_黄茂荣_2015_交大法学_核实课征原则之实践及其司法审查.md,0,0,0,0,1,1,absent,medium,False,full
46,667188105_万江_2015_交大法学_农村土地确权规则的选择——基于S市的经验研究.md,2,2,2,2,2,10,strong,high,False,skip
47,667188106_熊文聪_2015_交大法学_作品“独创性”概念的法经济分析.md,2,2,1,2,2,9,strong,high,False,light
48,667188107_于佳佳_2015_交大法学_日本轻微犯罪处理机制的经验与启示.md,1,0,0,1,0,2,weak,medium,False,full
49,667188108_徐国栋_2015_交大法学_《十二表法》的制定、灭失与还原（下）.md,0,0,0,0,0,0,absent,high,False,skip
50,667188109_其木提_2015_交大法学_论浮动账户质押的法律效力——“中国农业发展银行安徽省分行诉张大标、安徽长江融资担保集团有限公司保证金质权确认之诉纠纷案”评释.md,2,2,1,2,1,8,strong,medium,False,full
51,668314482_刘思达等_2016_交大法学_社科法学三人谈：国际视野与本土经验.md,2,2,1,2,2,9,strong,high,False,skip
52,668314483_刘思达_2016_交大法学_美国“法律与社会运动”的兴起与批判——兼议中国社科法学的未来走向.md,1,1,0,1,1,4,weak,medium,False,full
53,668314484_孙少石_2016_交大法学_知识生产的另一种可能——对社科法学的述评.md,2,2,2,2,2,10,strong,high,False,full
54,668314485_华雨_2016_交大法学_法实证主义命题群的历史演变.md,0,0,0,0,0,0,absent,high,False,skip
55,668314486_田勇军_2016_交大法学_交通行政处罚中“一事不再罚”之“一事”问题探析.md,2,2,2,2,2,10,strong,high,False,light
56,668314487_崔建远_2016_交大法学_知识产权法之于民法典.md,2,2,2,2,2,10,strong,high,False,full
57,668314488_曾品杰_2016_交大法学_论人工胚胎之法律地位——从法国法谈起.md,2,1,1,2,2,8,strong,medium,False,full
58,668314489_喻浩东_2016_交大法学_“基于合意的他者危险化”与被害人自我答责——兼论中国语境下的归责问题.md,1,0,0,2,2,5,medium,low,True,full
59,668314490_伊曼·安纳布塔维等_2016_交大法学_事后监管：法律如何应对金融市场失灵.md,0,0,0,0,0,0,absent,medium,False,full
60,668314491_朱晓喆和冯洁语_2016_交大法学_产品自损、纯粹经济损失与侵权责任——以最高人民法院（2013）民申字第908号民事裁定书为切入点.md,2,2,2,2,2,10,strong,high,False,skip
61,668988950_陈可倩和龚自力_2016_交大法学_白领犯罪前沿问题——白领犯罪国际研讨会会议综述.md,1,1,0,0,0,2,weak,medium,False,full
62,668988951_肖凯_2016_交大法学_高频交易与操纵市场.md,2,1,1,2,1,7,medium,high,False,skip
63,668988952_尹云霞等_2016_交大法学_企业能动性与反腐败“辐射型执法效应”——美国FCPA合作机制的启示.md,2,1,0,2,1,6,medium,high,False,full
64,668988953_高振翔_2016_交大法学_互联网金融语境中的非法集资风险及其刑法规制.md,2,2,1,2,1,8,strong,high,False,full
65,668988954_卢西恩·E.德尔文和朱霁康_2016_交大法学_国际白领犯罪与国际化的内部调查.md,0,0,0,0,0,0,absent,high,False,skip
66,668988955_叶会成_2016_交大法学_还原论与描述性法哲学是否可能？——评马默的《法哲学》.md,0,0,0,0,0,0,absent,high,False,skip
67,668988956_李凤章_2016_交大法学_开发权视角下的小产权房及其处理——以深圳经验为例.md,2,2,1,2,2,9,strong,medium,False,full
68,668988957_张昊天_2016_交大法学_论公共企业的信息公开主体资格.md,2,2,2,2,2,10,strong,high,False,full
69,668988958_张建伟_2016_交大法学_制度基因、金融发展与“法律家长主义”进和退（上）——功能视角下的“中国悖论”及求解.md,2,2,2,2,2,10,strong,high,False,skip
70,668988959_吉冠浩_2016_交大法学_读解辩护人妨害作证罪——以指导案例为研究对象.md,2,2,1,2,1,8,strong,high,False,skip
71,668988960_章剑生_2016_交大法学_行政允诺的认定及其裁判方式——黄银友等诉湖北省大冶市政府、大冶市保安镇政府行政允诺案评析保安镇政府行政允诺案评析.md,2,2,2,2,2,10,strong,high,False,light
72,670037397_杨力_2016_交大法学_职业主义导向的国际法科人才培养改革.md,2,2,1,2,1,8,strong,high,False,full
73,670037398_许身健_2016_交大法学_卓越法律人才教育培养计划之反思与重塑.md,2,2,2,2,2,10,strong,high,False,skip
74,670037399_丁相顺_2016_交大法学_“项目推进”与“制度改革”：比较法视野下的中国法学教育改革路径.md,2,1,1,2,1,7,medium,medium,False,full
75,670037400_李翔_2016_交大法学_论法学教育改革与法律职业资格准入.md,2,2,1,2,1,8,strong,medium,False,full
76,670037401_高橋裕和李鹏舒_2016_交大法学_Eco o—Legal S udies的知识课题——循着法的领域.md,0,0,0,0,0,0,absent,high,False,skip
77,670037402_角松生史等_2016_交大法学_都市空间的法律结构与司法权的作用.md,0,0,0,0,0,0,absent,high,False,skip
78,670037403_印子_2016_交大法学_宅基地使用权的法律属性辨析.md,2,2,2,2,2,10,strong,high,False,skip
79,670037404_张冠群_2016_交大法学_我国台湾地区保险经纪人义务相关规定之评析——以2015年台湾地区“保险法”之修正为中心.md,2,2,1,2,1,8,strong,medium,False,full
80,670037405_林喜芬和董坤_2016_交大法学_非法证据排除规则运行状况的实证研究——以557份律师调查问卷为样本.md,2,2,1,2,2,9,strong,high,False,skip
81,670037406_张建伟_2016_交大法学_制度基因、金融发展与“法律家长主义”进和退（下）——功能视角下的“中国悖论”及求解.md,2,2,2,2,2,10,strong,high,False,skip
82,670037407_高军和李文波_2016_交大法学_论税法解释函令——基于台湾地区税法理论与实践的探讨.md,0,1,0,2,1,4,weak,low,True,full
83,670037408_王贵松_2016_交大法学_行政法上利害关系的判断基准——黄陆军等人不服金华市工商局工商登记行政复议案评析.md,2,2,2,2,2,10,strong,high,False,light
84,670865332_林来梵等_2016_交大法学_对话一：民法典编纂的宪法问题.md,2,2,2,2,2,10,strong,high,False,skip
85,670865333_韩光明和丁利_2016_交大法学_对话二：立法追求、法律技术与民法典编纂.md,2,2,1,2,2,9,strong,medium,False,full
86,670865334_谢鸿飞_2016_交大法学_《民法总则》法人分类的层次与标准.md,2,2,1,2,1,8,strong,high,False,full
87,670865335_傅穹_2016_交大法学_法人概念的固守与法人分类的传承.md,2,2,1,2,1,8,strong,high,False,light
88,670865336_许德风_2016_交大法学_法人的虚与实.md,2,1,1,2,1,7,medium,medium,False,full
89,670865337_解亘_2016_交大法学_《民法总则（草案）》中时效制度的不足.md,2,2,1,2,2,9,strong,medium,False,full
90,670865338_戴孟勇_2016_交大法学_论因起诉及与起诉类似的事项导致诉讼时效中断的效力.md,2,2,1,2,1,8,strong,medium,False,full
91,670865339_朱晓喆_2016_交大法学_关于《民法总则（草案）》诉讼时效制度的批评意见.md,2,2,1,2,1,8,strong,high,False,full
92,"670865340_张谷_2016_交大法学_管制还是自治,的确是个问题!——对《民法总则（草案）》“法人”章的评论.md",2,2,2,2,2,10,strong,high,False,skip
93,670865341_伍德志_2016_交大法学_冲突、迎合与默契：对传媒与司法关系的再审视.md,2,2,2,2,2,10,strong,high,False,full
94,670865342_秦裕林等_2016_交大法学_波斯纳写错了贝叶斯公式吗？.md,0,0,0,0,0,0,absent,high,False,skip
95,670865343_许可_2016_交大法学_中国律师职业的兴起（上）——以商务律师为中心.md,2,2,1,2,1,8,strong,medium,False,full
96,670865344_王志远_2016_交大法学_公众意见与司法决策：以美国联邦最高法院为例.md,0,0,0,0,0,0,absent,high,False,skip
97,670865345_陈洪兵_2016_交大法学_罪刑相适应原则在刑法解释中的适用研究.md,2,2,2,2,2,10,strong,high,False,full
98,670865346_李志恒_2016_交大法学_数额犯之数额的阶层犯罪论体系定位.md,2,2,2,2,2,10,strong,high,False,light
99,670865347_其木提_2016_交大法学_论“跳单”之认定标准——最高人民法院指导案例1号评释.md,2,2,1,2,1,8,strong,high,False,full
100,671670627_林彦和杨珍_2017_交大法学_罗伯特·博克的原旨主义.md,0,0,0,0,0,0,absent,high,False,skip
101,671670628_季卫东_2017_交大法学_日本宪法保障制度设计的不同思路.md,0,0,0,1,1,2,weak,high,False,full
102,671670629_郑戈_2017_交大法学_传统中的变革与变革中的传统——德国宪法法院的诞生.md,0,0,0,1,1,2,weak,high,False,skip
103,671670630_杨帆_2017_交大法学_违宪审查的法国道路——一个政治宪法学的考察.md,0,0,0,1,1,2,weak,medium,False,full
104,671670631_赵宏_2017_交大法学_部门宪法的构建方法与功能意义：德国经验与中国问题.md,2,1,1,2,2,8,strong,high,False,skip
105,671670632_韩世远_2017_交大法学_买卖法的再法典化：区别对待消费者买卖与商事买卖.md,2,2,2,2,2,10,strong,high,False,light
106,671670633_周江洪_2017_交大法学_典型合同与合同法分则的完善.md,2,2,1,2,2,9,strong,high,False,skip
107,671670634_方新军_2017_交大法学_关于民法典合同法分则的立法建议.md,2,2,0,2,2,8,strong,medium,False,full
108,671670635_纳塔利诺·伊尔蒂等_2017_交大法学_民法典的理念.md,0,0,0,0,0,0,absent,medium,False,full
109,671670636_朱广新_2017_交大法学_民法典之典型合同类型扩增的体系性思考.md,2,2,1,2,2,9,strong,medium,False,full
110,671670637_柳川隆和其木提_2017_交大法学_法经济学视野下的转售价格维持行为之合法性.md,0,0,0,0,0,0,absent,high,False,full
111,671670638_翁武耀_2017_交大法学_再论税收法定原则及其在我国的落实——基于意大利强制性财产给付法定原则的研究.md,2,1,0,1,1,5,medium,medium,False,full
112,671670639_田文军_2017_交大法学_羁押必要性审查制度之检讨.md,2,2,1,2,2,9,strong,high,False,full
113,671670640_许可_2017_交大法学_中国律师职业的兴起（下）——以商务律师为中心.md,2,2,2,2,2,10,strong,high,False,skip
114,671670641_王天华_2017_交大法学_框架秩序与规范审查——“华源公司诉商标局等商标行政纠纷案”一审判决评析.md,2,2,1,2,1,8,strong,medium,False,full
115,672348923_吴泽勇_2017_交大法学_民事诉讼法理背景下的虚假诉讼规制--以《民事诉讼法》第112条的适用为中心.md,2,2,1,2,2,9,strong,high,False,light
116,672348924_纪格非_2017_交大法学_民事诉讼虚假诉讼治理思路的再思考——基于实证视角的分析与研究.md,2,2,2,2,1,9,strong,medium,False,full
117,672348925_罗恬漩_2017_交大法学_论虚假诉讼受害人的救济：兼探讨第三人撤销之诉适用.md,2,2,1,2,2,9,strong,high,False,skip
118,672348926_李世刚_2017_交大法学_《法国民事责任改革法草案》解析与启示.md,1,0,0,1,1,3,weak,medium,False,full
119,672348927_李贝_2017_交大法学_法国债法改革对我国民法典制定的启示意义.md,1,1,0,2,1,5,medium,medium,False,full
120,672348928_刘骏_2017_交大法学_法国新债法的代理制度与我国民法总则代理之比较.md,2,2,2,2,2,10,strong,high,False,full
121,672348929_刘涛_2017_交大法学_冗余和遵循先例：系统论的考察及启示.md,1,0,0,1,1,3,weak,medium,False,full
122,672348930_王琳_2017_交大法学_道德立场与法律技术关系的法哲学分析--“技术中立说”与“技术修饰说”之批判与重构.md,2,2,2,2,2,10,strong,high,False,full
123,672348931_张涛和刘聪_2017_交大法学_司法改革视阈下法律职业伦理教育之路径研究——以大学生法律援助“课程化”为视角.md,2,2,1,2,1,8,strong,high,False,full
124,672348932_胡敏洁_2017_交大法学_晚近美国福利权的学理与实践——2006—2016年之评述.md,0,0,0,0,0,0,absent,high,False,light
125,672348933_胡滨斌_2017_交大法学_《专利法》第11条“除本法另有规定的以外”之辨析.md,2,2,1,2,2,9,strong,high,False,full
126,672348934_2017_交大法学_独任检察官制度：理论框架与实证考察--以上海基层检察院的试点为例.md,2,2,2,2,2,10,strong,high,False,skip
127,672348935_佐哈·戈申等_2017_交大法学_被代理人成本：公司法与公司治理的新理论（上）.md,0,0,0,0,0,0,absent,high,False,full
128,672348936_章剑生_2017_交大法学_行政诉讼中滥用诉权的判定--陆红霞诉南通市发展和改革委员会政府信息公开答复案评释.md,2,2,2,2,2,10,strong,high,False,full
129,673134489_程金华_2017_交大法学_理性对待中国的无法、有法、反法与超法——“法律东方主义”的启示.md,2,1,1,2,1,7,medium,high,False,full
130,673134490_马剑银_2017_交大法学_“想象”他者与“虚构”自我的学理表达——有关《法律东方主义》及其中国反响.md,1,1,0,1,0,3,weak,high,False,full
131,673134491_鲁楠_2017_交大法学_迈向东方法律主义？——评络德睦《法律东方主义》.md,1,0,0,2,1,4,weak,medium,False,full
132,673134492_郑戈_2017_交大法学_法律帝国主义、法律东方主义与中国的法治道路.md,2,1,2,2,2,9,strong,medium,False,full
133,673134493_高其才_2017_交大法学_民法典编纂与民事习惯——立法、司法视角的讨论.md,2,2,1,2,2,9,strong,high,False,light
134,673134494_许中缘_2017_交大法学_论商事习惯与我国民法典——以商事主体私人实施机制为视角.md,2,2,2,2,2,10,strong,high,False,light
135,673134495_厉尽国_2017_交大法学_中国《民法典》编纂中的习惯法问题.md,2,2,1,2,1,8,strong,high,False,skip
136,673134496_陈吉栋_2017_交大法学_由“习惯法”到“习惯立法”——以“祭祀公业”与“合会”为线索.md,2,1,0,2,2,7,medium,medium,False,full
137,673134497_王利明_2017_交大法学_《民法总则》的本土性与时代性.md,2,2,2,2,2,10,strong,high,False,skip
138,673134498_陈鹏_2017_交大法学_立法机关解释宪法的普遍性与中国语境.md,2,2,1,2,1,8,strong,medium,False,full
139,673134499_于洋_2017_交大法学_明显不当审查标准的内涵与适用——以《行政诉讼法》第70条第（六）项为核心.md,2,2,1,2,1,8,strong,medium,False,full
140,673134500_池伟宏_2017_交大法学_论重整计划的制定.md,2,2,1,2,2,9,strong,high,False,light
141,673134501_缪因知_2017_交大法学_从国企到公共企业的法律调整与所有制调整.md,2,2,2,2,2,10,strong,high,False,skip
142,673134502_佐哈·戈申等_2017_交大法学_被代理人成本：公司法与公司治理的新理论（下）.md,0,0,0,0,0,0,absent,high,False,full
143,673134503_邵敏杰_2017_交大法学_跟单信用证下银行提单担保权利——“建行荔湾支行与蓝粤能源等信用证开证纠纷案”评释.md,2,2,2,2,2,10,strong,high,False,skip
144,673960711_杨登峰和李晴_2017_交大法学_行政处罚中比例原则与过罚相当原则的关系之辨.md,2,2,2,2,2,10,strong,high,False,light
145,673960712_王静_2017_交大法学_比例原则在中国行政判决中的适用.md,2,2,1,2,2,9,strong,high,False,light
146,673960713_阎天_2017_交大法学_劳动规章性质三分说：以比例原则为检验标准.md,2,2,2,2,2,10,strong,high,False,skip
147,673960714_冯威_2017_交大法学_基本权利的紧张关系与权衡裁判-以德国雷巴赫案对一般人格权的保护为例.md,0,0,0,0,0,0,absent,high,False,full
148,673960715_谢在全_2017_交大法学_浮动资产担保权之建立以台湾地区“企业资产担保法草案”为中心.md,0,0,0,0,0,0,absent,low,True,full
149,673960716_何颖来_2017_交大法学_混合共同担保内部求偿算定规则体系的构建.md,2,2,2,2,2,10,strong,high,False,full
150,673960717_云晋升和彭诚信_2017_交大法学_完善我国动产担保的新路径探索（上）.md,2,2,1,2,1,8,strong,medium,False,full
151,673960718_李晟_2017_交大法学_从军事视角理解宪法的历史构成：以五四宪法中的国防委员会切入.md,2,2,2,2,2,10,strong,high,False,full
152,673960719_徐向华_2017_交大法学_论审判团队制度之完善.md,2,2,2,2,2,10,strong,high,False,full
153,673960720_俞海涛_2017_交大法学_法律公布制度：规范、原理与运作--以法律拟制及其限度为分析路径.md,2,2,1,2,1,8,strong,high,False,full
154,673960721_李文莉和杨宁_2017_交大法学_股权众筹监管的法律定位与实现路径.md,2,1,1,2,1,7,medium,high,False,full
155,673960722_周江洪_2017_交大法学_分期付款买卖合同的解除及其限制-“汤长龙诉周士海股权转让糾纷案”评释.md,2,2,2,2,2,10,strong,high,False,full
156,673960723_刘志欣_2017_交大法学_紧急权力的历史叙事及其宪政之维-评罗斯托《宪法专政》.md,0,0,0,0,0,0,absent,high,False,light
157,674260130_张家勇_2018_交大法学_中国法民事责任竞合的解释论.md,2,2,1,2,2,9,strong,medium,False,full
158,674260131_叶名怡_2018_交大法学_再谈违约与侵权的区分与竞合.md,2,2,1,2,1,8,strong,medium,False,full
159,674260132_赵秀举_2018_交大法学_论请求权竞合理论与诉讼标的理论的冲突与协调.md,2,2,2,2,2,10,strong,high,False,skip
160,674260133_曹志勋_2018_交大法学_德国诉讼标的实体法说的发展——关注对请求权竞合的程序处理.md,1,0,0,1,1,3,weak,high,False,light
161,674260134_傅爱竹_2018_交大法学_什么是立法意图——德沃金论意图主义法律解释.md,0,0,0,1,0,1,absent,high,False,full
162,674260135_雷槟硕_2018_交大法学_如何“参照”指导性案例的适用逻辑.md,2,2,2,2,2,10,strong,high,False,light
163,674260136_张海涛_2018_交大法学_政治与法律的耦合结构：党内法规的社会系统论分析.md,2,2,1,2,2,9,strong,medium,False,full
164,674260137_魏磊杰_2018_交大法学_妥适理解法律东方主义何以可能.md,1,1,1,2,1,6,medium,medium,False,full
165,674260138_伊卫风_2018_交大法学_清末立宪与康有为的“虚君共和”思想.md,2,2,2,2,1,9,strong,high,False,light
166,674260139_金欣_2018_交大法学_中国立宪史上的“宪法-富强”观再探讨.md,2,2,2,2,2,10,strong,high,False,skip
167,674260140_肖卫兵_2018_交大法学_论我国政府信息公幵例外体系构建完善.md,2,2,2,2,2,10,strong,high,False,skip
168,674260141_云晋升和彭诚信_2018_交大法学_完善我国动产担保的新路径探索（下）.md,2,2,1,2,1,8,strong,medium,False,full
169,674260142_戴孟勇_2018_交大法学_不动产链条式交易中的中间省略登记——嘉德利公司诉秦龙公司、空后广州办等国有土地使用权转让合同糾纷案评释.md,2,2,2,2,2,10,strong,high,False,light
170,674260143_黎敏_2018_交大法学_作为限权宪法之思想 基础的有限政府理论——《驯化利维坦：有限政府的一般理论》述评.md,1,1,0,2,1,5,medium,medium,False,full
171,675932825_章程_2018_交大法学_论指导性案例的法源地位与参照方式——从司法权核心功能与法系方法的融合出发.md,2,2,2,2,2,10,strong,high,False,skip
172,675932826_李剑_2018_交大法学_判例的形式构成及其“成分”分析——以德国法教义学为视角.md,0,0,0,0,0,0,absent,medium,False,full
173,675932827_章剑生等_2018_交大法学_座谈：判例研究、法治发展与法学教育.md,2,2,2,2,2,10,strong,high,False,full
174,675932828_久保茂树和杜仪方_2018_交大法学_行政法判例与学说.md,0,0,0,0,0,0,absent,high,False,light
175,675932829_俞思瑛等_2018_交大法学_对话：技术创新、市场结构变化与法律发展.md,2,2,1,2,2,9,strong,high,False,full
176,675932830_张文波_2018_交大法学_功能、身份与政治——人民法院党组的治理机制.md,2,2,2,2,2,10,strong,high,False,full
177,675932831_姜增_2018_交大法学_民国“佛教入监”考.md,2,2,0,2,1,7,medium,medium,False,full
178,675932832_江波和张亚男_2018_交大法学_大数据语境下的个人信息合理使用原则.md,2,1,1,2,2,8,strong,high,False,full
179,675932833_周铭川_2018_交大法学_论数额加重犯的未遂犯.md,2,2,2,2,2,10,strong,high,False,skip
180,675932834_江海洋_2018_交大法学_侵犯公民个人信息罪超个人法益之提倡.md,2,2,2,2,2,10,strong,high,False,skip
181,675932835_迪特·格林和王蔚_2018_交大法学_狄骥思想之德式解读.md,0,0,0,0,0,0,absent,high,False,skip
182,675932836_阳平_2018_交大法学_遗嘱中限制婚姻自由条款的效力问题——张超军诉蔡丽珍遗赠纠纷案述评.md,2,2,1,2,2,9,strong,medium,False,full
183,675932837_吴泽勇_2018_交大法学_民事诉讼法教义学的登场——评王亚新、陈杭平、刘君博：《中国民事诉讼法重点讲义》.md,2,2,2,2,2,10,strong,high,False,skip
184,675932838_王亚新_2018_交大法学_对于民事诉讼法学研究方法的反思——答吴泽勇教授《民事诉讼法教义学的登场》一文.md,2,2,2,2,2,10,strong,high,False,skip
185,"675932839_黄海涛_2018_交大法学_基于实务,超越实务,任重道远——简评《中国民事诉讼法重点讲义》.md",2,2,1,2,2,9,strong,medium,False,full
186,676436750_高富平_2018_交大法学_农民集体土地再物权化：民法典编纂的使命和策略.md,2,2,2,2,2,10,strong,high,False,skip
187,676436751_蔡立东_2018_交大法学_土地承包权、土地经营权的性质阐释.md,2,2,2,2,2,10,strong,high,False,light
188,676436752_耿卓_2018_交大法学_宅基地使用权收回的流程规范.md,2,2,1,2,2,9,strong,high,False,skip
189,676436753_李凤章_2018_交大法学_物权编体系重构应变土地所有权为非限定土地使用权.md,2,2,2,2,2,10,strong,high,False,skip
190,676436754_张凌寒_2018_交大法学_风险防范下算法的监管路径研究.md,1,1,1,1,1,5,medium,medium,False,full
191,676436755_侯利阳_2018_交大法学_大历史视角下的反垄断法与本土化移植.md,2,2,1,2,1,8,strong,high,False,full
192,676436756_刘平_2018_交大法学_去存法典化：应收账款质权之路径反思与制度重塑.md,2,2,2,2,2,10,strong,high,False,skip
193,676436757_J.B.希顿（J.B.Hea o ）等_2018_交大法学_公司治理与代理崇拜.md,0,0,0,0,0,0,absent,high,False,full
194,676436758_金春_2018_交大法学_日本民事诉讼法学的理论演变与解释方法论.md,0,0,0,0,0,0,absent,medium,False,full
195,676436759_自正法_2018_交大法学_社会调查报告之证据效力.md,2,2,1,2,2,9,strong,high,False,light
196,676436760_李文_2018_交大法学_庭审实质化改革案件适用范围研究——基于案件类型和审级制度的分析.md,2,2,2,2,2,10,strong,high,False,skip
197,676436761_谢小剑_2018_交大法学_职务犯罪指定居所监视居住的适用：统计分析——以1694份判决书为样本.md,2,2,1,2,1,8,strong,high,False,full
198,676436762_周作彩_2018_交大法学_房屋征收补偿案中判决类型的适用——郭传欣诉巨野县人民政府、菏泽市人民政府房屋征收行政补偿案评析.md,2,2,2,2,2,10,strong,high,False,light
199,676436764_杜金_2018_交大法学_清代法律体系的多重叙述与重构——评王志强《清代国家法：多元差异与集权统一》.md,2,2,2,2,2,10,strong,high,False,skip
200,7000571350_柏恩敬等_2018_交大法学_律师刑事辩护中的职业伦理——中美比较制度与实践对话录.md,2,2,1,2,2,9,strong,medium,False,full
201,7000571351_吴洪淇_2018_交大法学_律师职业伦理规范建设的回顾与前瞻.md,2,2,1,2,2,9,strong,medium,False,full
202,7000571352_兰荣杰_2018_交大法学_刑辩律师维护当事人利益的行为界限.md,2,2,2,2,2,10,strong,high,False,skip
203,7000571353_梁译如_2018_交大法学_法官审判裁量情境中的话语实践考察——“议论的法社会学”视角.md,2,2,2,2,2,10,strong,high,False,light
204,7000571354_张峰铭_2018_交大法学_为法律道德主义辩护——从侮辱尸体罪切入.md,1,0,0,1,1,3,weak,high,False,full
205,7000571355_赵炜佳_2018_交大法学_墨家刑事法思想解读--在西方启蒙主义坐标系之上.md,2,2,0,1,1,6,medium,high,False,full
206,7000571356_杨益章等_2018_交大法学_忠实义务下的雇员言论边界.md,2,1,2,2,2,9,strong,high,False,full
207,7000571357_董学智等_2018_交大法学_论税法上的不确定法律概念.md,2,2,0,2,1,7,medium,medium,False,full
208,7000571358_张静_2018_交大法学_论南非物权自由原则的实践和启示--兼议物权编物权法定原则之缓和.md,2,1,1,2,2,8,strong,high,False,full
209,7000571359_万旭等_2018_交大法学_刑事证据采纳中的裁量问题 欧洲人权法院的实践及其启示.md,1,0,1,2,1,5,medium,medium,True,full
210,7000571360_赵廉慧和朱庆育_2018_交大法学_信托财产确定性和信托的效力--简评世欣荣和诉长安信托案.md,2,2,1,1,1,7,medium,medium,False,full
211,7001123896_王志安_2019_交大法学_云计算和大数据时代的国家立法管辖权——数据本地化与数据全球化的大对抗.md,0,0,0,0,0,0,absent,high,False,light
212,7001123897_胡凌_2019_交大法学_数字社会权力的来源 评分、算法与规范的再生产.md,2,2,2,2,2,10,strong,high,False,full
213,7001123898_戴昕_2019_交大法学_数据隐私问题的维度扩展与议题转换 法律经济学视角.md,0,0,0,0,0,0,absent,low,True,full
214,7001123899_韩宝_2019_交大法学_理解法律地理学——关于法律的一种空间思考.md,0,0,0,0,1,1,absent,medium,False,full
215,7001123900_谢波_2019_交大法学_乱世与法制 五代后晋的刑事立法、司法及其承启性(上).md,2,2,1,2,2,9,strong,high,False,full
216,7001123901_刘懂礼_2019_交大法学_清律“棍徒”之甄辨及立法逻辑探析.md,2,2,2,2,2,10,strong,high,False,skip
217,7001123902_沈伟_2019_交大法学_萌芽时期的中国近代法学教育——基于南洋公学特班的研究.md,2,2,0,2,1,7,medium,medium,False,full
218,7001123903_谭清值_2019_交大法学_行政处罚规范的合宪性解释——基于66个行政处罚案例的实证考察.md,2,2,2,2,2,10,strong,high,False,light
219,7001123904_孙犀铭_2019_交大法学_意思能力的体系定位与规范适用(上).md,2,2,1,2,2,9,strong,medium,False,full
220,7001123905_李子龙_2019_交大法学_刑事再审请求审的证据审查模式.md,2,2,1,2,2,9,strong,medium,False,full
221,7001123906_隋璐明_2019_交大法学_将来给付之诉的理据研究——胎儿生活费请求权之诉的另一种实现路径.md,2,2,1,2,2,9,strong,medium,False,full
222,7001123907_刘海安_2019_交大法学_个人信息泄露因果关系的证明责任——评庞某某与东航、趣拿公司人格权纠纷案.md,2,2,1,2,2,9,strong,high,False,full
223,7001708825_楼建波_2019_交大法学_信托财产关系与物权法原则的冲突--兼论信托财产关系的民法典表达.md,2,2,2,2,2,10,strong,high,False,light
224,7001708826_曹兴权_2019_交大法学_信托受托人忠实义务中受益人利益的定位 单一主义与衡量主义之间.md,2,2,1,2,2,9,strong,high,False,full
225,7001708827_张凇纶_2019_交大法学_民法典时代信托融入的路径选择.md,1,0,1,2,2,6,medium,medium,False,full
226,7001708828_徐卫_2019_交大法学_信托融入民法典的逻辑理据与体例选择.md,1,1,1,2,1,6,medium,medium,False,full
227,7001708829_陈一新_2019_交大法学_论信托财产的主体性.md,2,2,2,2,2,10,strong,high,False,light
228,7001708830_陈邦达_2019_交大法学_医疗损害鉴定不信任问题研究--以上海市“一元化”模式为例.md,2,2,1,2,1,8,strong,high,False,skip
229,7001708831_谢波_2019_交大法学_乱世与法制 五代后晋的刑事立法、司法及其承启性(下).md,2,2,2,2,2,10,strong,high,False,full
230,7001708832_孙犀铭_2019_交大法学_意思能力的体系定位与规范适用(下).md,2,2,2,2,2,10,strong,high,False,full
231,7001708833_陈苏豪_2019_交大法学_侦查初期律师帮助权的欧洲标准及其启示--以欧洲人权法院萨多斯诉土耳其案为中心的分析.md,0,0,0,0,0,0,absent,low,True,full
232,7001708834_范志勇_2019_交大法学_论骗取出口退税款的破产清偿顺位.md,2,2,1,2,1,8,strong,medium,False,full
233,7001708835_胡加祥_2019_交大法学_亚太自贸区法律框架构建路径研究.md,1,1,0,1,1,4,weak,high,False,light
234,7001708836_赵宏_2019_交大法学_原告资格从“不利影响”到“主观公权利”的转向与影响--刘广明诉张家港市人民政府行政复议案评析.md,2,2,1,2,2,9,strong,medium,False,full
235,7002418906_胡凌_2019_交大法学_平台视角中的人工智能法律责任.md,2,2,2,2,2,10,strong,high,False,full
236,7002418907_郭明龙和王菁_2019_交大法学_人工智能法律人格赋予之必要性辨析.md,2,1,0,2,2,7,medium,medium,False,full
237,7002418908_徐小奔和杨依楠_2019_交大法学_论人工智能深度学习中著作权的合理使用.md,2,2,1,2,1,8,strong,medium,False,full
238,7002418909_王利明_2019_交大法学_总分结构理论与我国民法典的编纂.md,2,2,1,2,2,9,strong,high,False,full
239,7002418910_范奇_2019_交大法学_论高校“办学自主权”的双面法治逻辑及统合.md,2,2,2,2,2,10,strong,high,False,light
240,7002418911_莫里茨·伦纳(Mo i z Re e )和周万里(译)_2019_交大法学_社会理论法学的兴起——贡塔·托依布纳的生平、著述及影响.md,0,0,0,0,0,0,absent,high,False,full
241,7002418912_杨扬_2019_交大法学_从民习到官法——明代社会视野下的图赖现象.md,2,2,2,2,2,10,strong,high,False,light
242,7002418914_刘东辉_2019_交大法学_公司法如何面对家庭秩序——以一个家族公司的裁判为例.md,2,2,1,2,2,9,strong,high,False,light
243,7002418915_黄凯绅_2019_交大法学_仲裁临时保全措施及法院本位主义 法制变革上的建议.md,2,2,1,2,2,9,strong,high,False,full
244,7002418916_沈岿_2019_交大法学_行政行为实施主体不明情形下的行政诉讼适格被告——评“程宝田诉历城区人民政府行政强制案再审裁定”.md,2,2,2,2,2,10,strong,high,False,light
245,7002988348_高富平_2019_交大法学_数据生产理论——数据资源权利配置的基础理论.md,0,0,0,0,1,1,absent,medium,False,full
246,7002988349_徐伟_2019_交大法学_企业数据获取“三重授权原则”反思及类型化构建.md,2,2,2,2,2,10,strong,high,False,light
247,7002988350_陈吉栋_2019_交大法学_个人信息的侵权救济.md,2,2,2,2,2,10,strong,high,False,skip
248,7002988351_苏宇和高文英_2019_交大法学_个人信息的身份识别标准 源流、实践与反思.md,2,2,2,2,2,10,strong,high,False,full
249,7002988352_艾佳慧_2019_交大法学_回到“定分”经济学 法律经济学对科斯定理的误读与澄清.md,1,0,0,1,0,2,weak,medium,False,full
250,7002988353_袁相亭和刘方权_2019_交大法学_监察与司法的管辖衔接机制研究.md,2,2,2,2,2,10,strong,high,False,light
251,7002988354_蒋成旭_2019_交大法学_论行政诉讼中的“被告致原告无法举证”——以第91号指导性案例为中心.md,2,2,2,2,2,10,strong,high,False,light
252,7002988355_任宛立_2019_交大法学_欧洲增值税法中抵扣的“经营目的审查”及其借鉴.md,1,1,1,2,1,6,medium,medium,False,full
253,7002988356_何天文_2019_交大法学_保护规范理论的引入与问题——基于最高法院裁判的观察.md,2,2,2,2,2,10,strong,high,False,full
254,7002988357_黄海_2019_交大法学_由 迁 至 迁刑 --秦 迁 入刑考.md,2,2,2,2,2,10,strong,high,False,light
255,7002988358_李瑞杰_2019_交大法学_犯罪参与理论的讨论范式及其转换.md,2,2,1,2,2,9,strong,medium,False,full
256,7002988359_张开骏_2019_交大法学_论正当防卫中不法侵害现实性和紧迫性之判断——于海明案刑法教义学的分析.md,2,2,2,2,2,10,strong,high,False,light
257,7100887829_成凡_2020_交大法学_法律认知和法律原则 情感、效率与公平.md,2,2,2,2,2,10,strong,high,False,skip
258,7100887830_桑本谦_2020_交大法学_从要件识别到变量评估 刑事司法如何破解“定性难题”.md,2,2,1,2,2,9,strong,medium,False,full
259,7100887831_郭春镇和黄思晗_2020_交大法学_死刑观的认知基础.md,2,1,1,2,1,7,medium,medium,False,full
260,7100887832_范良聪和许彬_2020_交大法学_集体行动中赏罚效果的差异性研究 来自公共品实验的证据.md,0,0,0,0,0,0,absent,high,False,skip
261,7100887833_王俐智和孙学致_2020_交大法学_论违约方解除合同的条件——兼评《民法典各分编(草案)·合同编》第353条第3款.md,2,2,2,2,2,10,strong,high,False,skip
262,7100887834_黄泷一_2020_交大法学_“物权法定原则”的理论反思与制度完善.md,2,2,2,2,2,10,strong,high,False,full
263,7100887835_陈克_2020_交大法学_论不完全合同视角下的公司融资.md,2,2,1,2,2,9,strong,high,False,light
264,7100887836_宾凯_2020_交大法学_政治系统与法律系统对于技术风险的决策观察.md,0,0,0,0,0,0,absent,medium,False,full
265,7100887837_李琴_2020_交大法学_论法国宪法委员会对《环境宪章》的进阶应用——兼论宪法环境权的可诉性.md,0,0,0,0,0,0,absent,high,False,light
266,7100887838_孙跃_2020_交大法学_指导性案例跨类型适用的限度与进路.md,2,2,2,2,2,10,strong,high,False,skip
267,7100887839_张华_2020_交大法学_司法更需要何种指导性案例——以指导案例60号为分析对象.md,2,2,1,2,1,8,strong,high,False,full
268,7101331760_吴奇琦_2020_交大法学_法律行为三元素(要素、常素、偶素)理论的诞生发展史.md,0,0,0,0,0,0,absent,medium,False,full
269,7101331761_韩光明_2020_交大法学_法典编纂与私法发展 罗马法经验观照.md,1,0,0,1,0,2,weak,medium,False,full
270,7101331762_汪倪杰_2020_交大法学_我国《民法典(草案)》中附随义务体系之重构——以中、德附随义务学说溯源为视角.md,2,2,2,2,2,10,strong,high,False,skip
271,7101331763_刘骏_2020_交大法学_再论意定代理权授予之无因性.md,2,2,2,2,2,10,strong,high,False,full
272,7101331764_何颖_2020_交大法学_行为金融信息中介的网贷平台信息披露规则.md,2,2,1,2,2,9,strong,high,False,light
273,7101331765_熊文聪_2020_交大法学_词与物 地名的不可商标性反思.md,2,2,1,2,1,8,strong,high,False,full
274,7101331766_邓辉_2020_交大法学_我国个人信息保护行政监管的立法选择.md,2,2,1,2,1,8,strong,medium,False,full
275,7101331767_熊晓彪_2020_交大法学_“发生优势” 一种新证明力观——狭义证明力的概率认知与评价进路.md,1,0,0,1,0,2,weak,medium,False,full
276,7101331768_茆巍_2020_交大法学_论清代命案检验之终结及借鉴.md,2,2,2,2,2,10,strong,high,False,skip
277,7101331769_章剑生_2020_交大法学_面向司法审查的行政行为说明理由——郴州饭垄堆矿业有限公司与国土资源部等国土资源行政复议决定再审案评析.md,2,2,1,2,1,8,strong,medium,False,full
278,7102246021_丁轶_2020_交大法学_国家认同的宪法构建 实现机制与实施路径.md,2,2,2,2,2,10,strong,high,False,light
279,7102246022_孙成_2020_交大法学_论宪法在港澳实施的异同及原因——以全国人大及其常委会55份规范性文件为样本.md,2,2,2,2,2,10,strong,high,False,full
280,7102246023_杜吾青_2020_交大法学_国家象征和标志的宪法学阐释 以国家认同为中心.md,2,2,2,2,2,10,strong,high,False,skip
281,7102246024_唐丰鹤_2020_交大法学_司法决策过程中的情感效应.md,0,0,0,0,0,0,absent,high,False,full
282,7102246025_白阳_2020_交大法学_优礼与管控之间 清代错案责任“双轨制”之形成及其原因探析.md,2,2,2,2,2,10,strong,high,False,full
283,7102246026_吴桂德_2020_交大法学_德国法上人类体外胚胎的法律保护及其借鉴.md,1,1,0,2,1,5,medium,medium,False,full
284,7102246027_杨浦_2020_交大法学_论合同相对性原则的适用边界.md,2,2,2,2,2,10,strong,high,False,light
285,7102246029_李有和程金华_2020_交大法学_行政、司法与金融规制冲突——对金融借款利率上限的实证研究.md,2,2,2,2,2,10,strong,high,False,skip
286,7102246030_靳匡宇_2020_交大法学_生态修复量刑情节的司法适用研究——以187份长江环境资源刑事裁判文书为样本.md,2,2,2,2,2,10,strong,high,False,light
287,7102246031_李崇涛_2020_交大法学_论二审检察院能否新增抗诉请求及其合理控制.md,2,2,2,2,2,10,strong,high,False,skip
288,7102246032_徐伟_2020_交大法学_网络侵权中合格通知和必要措施的认定——指导案例83号评析.md,2,2,1,2,1,8,strong,medium,False,full
289,7102973469_崔国斌_2020_交大法学_商业秘密侵权诉讼的举证责任分配.md,2,2,1,2,2,9,strong,medium,False,full
290,7102973470_李治安和刘静雯_2020_交大法学_由普通法观点论对商业秘密和机密信息的保护.md,2,1,1,2,2,8,strong,high,False,full
291,7102973471_谢晴川和何天翔_2020_交大法学_论著作权法对“创作者特权”的确认与限制——以“鬼吹灯”案中的作者续写权利主张为切入点.md,2,2,2,2,2,10,strong,high,False,full
292,7102973472_刘孔中_2020_交大法学_知识产权与司法相关的近期热点问题综述——来自我国台湾地区的观察与省思.md,2,2,1,2,2,9,strong,high,False,full
293,7102973473_林彦_2020_交大法学_信用惩戒制度对行政法治秩序的结构性影响.md,2,2,2,2,2,10,strong,high,False,light
294,7102973474_韩宁_2020_交大法学_政府合同管理的基本逻辑.md,2,2,2,2,2,10,strong,high,False,full
295,7102973475_马立群_2020_交大法学_行政诉讼反诉制度的诉讼构造及创设路径.md,2,2,2,2,2,10,strong,high,False,light
296,7102973476_谢焱_2020_交大法学_商业秘密刑事条款与新《反不正当竞争法》的衔接.md,2,2,1,2,1,8,strong,medium,False,full
297,7102973477_赵艳红_2020_交大法学_大数据监控措施的法律规制研究——以隐私权为中心的探讨.md,2,1,1,2,2,8,strong,high,False,full
298,7102973478_谢进杰和黄蔚菁_2020_交大法学_刑事案件当庭宣判的变迁.md,2,2,1,2,2,9,strong,medium,False,full
299,7102973479_曹阳_2020_交大法学_税收核定与反避税的界分与归位——以《税收征管法》第35条第1款第6项为研究中心.md,2,2,2,2,2,10,strong,high,False,skip
300,7102973480_倪蕴帷_2020_交大法学_排放权交易的正当性思辨——基于欧美实证经验分析.md,1,0,0,2,1,4,weak,medium,False,full
301,7102973481_何天文_2020_交大法学_保护规范理论的引入抑或误用——刘广明诉张家港市人民政府行政复议案再检讨.md,2,2,2,2,2,10,strong,high,False,full
302,JDFX2021001001_裴桦_2021_交大法学_《民法典》夫妻债务条款的不足与应对.md,2,2,2,2,2,10,strong,high,False,skip
303,JDFX2021001002_李洪祥和曹思雨_2021_交大法学_夫妻共同债务规则的法理逻辑.md,2,2,1,2,2,9,strong,medium,False,full
304,JDFX2021001003_李贝_2021_交大法学_《民法典》夫妻债务认定规则中的 合意型共债 ——兼论《民法典》第1064条的体系解读.md,2,2,1,2,2,9,strong,medium,False,full
305,JDFX2021001004_许瑞超_2021_交大法学_基本权利第三人效力的范畴与本质.md,0,0,0,0,1,1,absent,medium,False,full
306,JDFX2021001005_刘磊_2021_交大法学_维稳压力对基层法院组织形态的形塑.md,2,2,2,2,2,10,strong,high,False,skip
307,JDFX2021001006_王瑞超_2021_交大法学_民国上海女律师的执业困境与自我成就.md,2,2,1,2,1,8,strong,high,False,full
308,JDFX2021001007_白云锋_2021_交大法学_保护规范理论反思与本土化修正.md,2,2,2,2,2,10,strong,high,False,skip
309,JDFX2021001008_薛小蕙_2021_交大法学_法律-文件共治模式的生成逻辑与规范路径——基于四十年教育规范性文件的考察.md,2,2,2,2,2,10,strong,high,False,skip
310,JDFX2021001009_沙卫鹏_2021_交大法学_监督行政对权利的影响——以《行政诉讼法》第1条为基础的解释学展开.md,2,2,2,2,2,10,strong,high,False,full
311,JDFX2021001010_滕佳一_2021_交大法学_承包地利用的守成与突破——以土地经营权法律定位的检讨为中心.md,2,2,2,2,2,10,strong,high,False,skip
312,JDFX2021001011_周铭川_2021_交大法学_论刑法拟制的本质、正当性及应有类型.md,2,2,2,2,2,10,strong,high,False,skip
313,JDFX2021001012_莉娜·坎等_2021_交大法学_信息信义义务理论之批判.md,0,0,0,0,0,0,absent,high,False,light
314,JDFX2021001013_陈洪杰_2021_交大法学_司法决策中的 父爱主义 管制逻辑.md,2,2,2,2,2,10,strong,high,False,skip
315,JDFX2021002001_崔志伟_2021_交大法学_卡迪 模式与刑事公正司法的实现.md,2,2,2,2,2,10,strong,high,False,skip
316,JDFX2021002002_米夏埃尔·帕夫利克和陈璇_2021_交大法学_刑法科学的理论.md,0,0,0,0,1,1,absent,high,False,skip
317,JDFX2021002003_赵炜佳_2021_交大法学_论枫桥经验的犯罪合作治理意蕴.md,2,2,2,2,2,10,strong,high,False,full
318,JDFX2021002004_松宫孝明和赵新新_2021_交大法学_构成要件和犯罪体系.md,1,0,0,0,1,2,weak,medium,False,full
319,JDFX2021002005_刘岩_2021_交大法学_系统论视野中法律与大众媒体的关系.md,2,2,0,2,1,7,medium,medium,False,full
320,JDFX2021002006_张海涛_2021_交大法学_功能分化社会的 去分化 ——权力生产性与权力媒介性的理论冲突及其消解.md,0,0,0,0,0,0,absent,high,False,skip
321,JDFX2021002007_谢遥_2021_交大法学_法律地理学论纲.md,1,0,1,2,1,5,medium,medium,False,full
322,JDFX2021002008_王剑_2021_交大法学_融资租赁物范畴厘定及其规制进路的体系化重思.md,2,2,1,2,2,9,strong,medium,False,full
323,JDFX2021002009_崔泽森_2021_交大法学_论诉讼信托和讨债信托的效力——探讨《信托法》第11条第4项.md,2,2,1,2,1,8,strong,medium,False,full
324,JDFX2021002010_曾凤辰_2021_交大法学_反不正当竞争法与知识产权法关系的司法政策的教义学展开.md,2,2,2,2,2,10,strong,high,False,skip
325,JDFX2021002011_徐冉_2021_交大法学_律师辩护全覆盖 背景下限制自行辩护权问题研究——欧洲人权法院的实践及启示.md,2,0,0,2,1,5,medium,medium,False,full
326,JDFX2021002012_罗智敏_2021_交大法学_算法歧视的司法审查——意大利户户送有限责任公司算法歧视案评析.md,0,0,0,1,1,2,weak,high,False,full
327,JDFX2021002013_章程_2021_交大法学_也是西风渐东土——《民法研究指引》的指引.md,2,1,1,2,1,7,medium,medium,False,full
328,JDFX2021003001_谢晓尧_2021_交大法学_法律文本组织技术的方法危机——反思 互联网专条.md,2,2,1,2,1,8,strong,medium,False,full
329,JDFX2021003002_刘维_2021_交大法学_论网络不正当竞争一般条款的价值取向.md,2,2,2,2,2,10,strong,high,False,full
330,JDFX2021003003_陶钧和韩乔亚_2021_交大法学_试论 恶意不兼容 条款的司法适用及规制路径.md,2,2,1,2,2,9,strong,high,False,skip
331,JDFX2021003004_高一飞_2021_交大法学_时间的 形而下 之维 论现代法律中的时间要素.md,0,0,0,0,0,0,absent,high,False,full
332,JDFX2021003005_韩新远_2021_交大法学_个人行为轨迹信息的法律属性与分类保护研究.md,2,2,1,2,1,8,strong,high,False,full
333,JDFX2021003006_孟烨_2021_交大法学_幕友与明清州县裁判——从 副状 文书出发.md,2,2,2,2,2,10,strong,high,False,skip
334,JDFX2021003007_王亚敏_2021_交大法学_近代中国侵权行为用语考略.md,2,2,1,2,1,8,strong,medium,False,full
335,JDFX2021003008_田伟_2021_交大法学_从国家教会法走向宗教宪法——德国宗教治理的百年变迁.md,0,0,0,0,0,0,absent,high,False,skip
336,JDFX2021003009_万立_2021_交大法学_同侪审判 词义考——以《大宪章》第39条为中心的文本考察.md,0,0,0,0,0,0,absent,high,False,skip
337,JDFX2021003010_郑琳_2021_交大法学_逻辑与进路 行政审批下放制度如何实现地方的有效治理与法治化.md,2,2,2,2,2,10,strong,high,False,skip
338,JDFX2021003011_杨凯旋_2021_交大法学_注册体制下商标使用意图要件检视.md,2,2,2,2,2,10,strong,high,False,skip
339,JDFX2021003012_刘媛媛_2021_交大法学_论环境侵权责任中的恢复原状费用.md,2,2,2,2,2,10,strong,high,False,skip
340,JDFX2021003013_张航_2021_交大法学_再审改判无罪 赔偿条款的立法局限与解释方案.md,2,2,1,2,2,9,strong,high,False,skip
341,JDFX2021004001_叶卫平_2021_交大法学_财政补贴、产业促进与公平竞争审查.md,2,2,2,2,2,10,strong,high,False,skip
342,JDFX2021004002_王健_2021_交大法学_论我国反垄断罚款的结构化改革——从一元构造体系走向二元构造体系.md,2,2,1,2,2,9,strong,high,False,full
343,JDFX2021004003_兰磊_2021_交大法学_涨价型竞争损害的误读与澄清——以转售价格维持为视角.md,2,2,1,2,2,9,strong,high,False,light
344,JDFX2021004004_李剑_2021_交大法学_经营者集中强制申报制度的实效与转变.md,2,2,1,2,2,9,strong,high,False,full
345,JDFX2021004005_余厚宏_2021_交大法学_人类胚胎基因编辑中的权利冲突解析.md,1,1,0,1,1,4,weak,high,False,light
346,JDFX2021004006_杨立民_2021_交大法学_论数字在中国古代法律制度中的意涵与功能及其现代启示.md,2,2,2,2,2,10,strong,high,False,full
347,JDFX2021004007_耿宝建和殷勤_2021_交大法学_公益性国有土地使用权收回的法律性质与补偿模式.md,2,2,2,2,2,10,strong,high,False,skip
348,JDFX2021004008_杨杰_2021_交大法学_论行政信用评级的属性及其法律控制——基于行政过程论视角的分析.md,2,2,2,2,2,10,strong,high,False,skip
349,JDFX2021004009_李尧_2021_交大法学_撤回行政许可的乱象及法律规制——基于121份裁判文书的实证考察.md,2,2,1,2,2,9,strong,high,False,light
350,JDFX2021004010_徐彦冰_2021_交大法学_游戏地图作品属性的中国法实践.md,2,2,1,2,2,9,strong,high,False,light
351,JDFX2021004011_宋灵珊_2021_交大法学_性别与法律 刑事司法中的女检察官.md,2,2,1,2,1,8,strong,high,False,full
352,JDFX2021004012_宋春龙_2021_交大法学_限制高消费的制度嬗变与法理辨析.md,2,2,2,2,2,10,strong,high,False,skip
353,JDFX2021004013_周晨和林喜_2021_交大法学_刑法第88条的溯及力问题和法定要件判断——以马某、庄某抢劫案为例.md,2,2,2,2,2,10,strong,high,False,skip
354,JDFX2022001002_崔建远_2022_交大法学_合同成立探微.md,2,2,1,2,2,9,strong,medium,False,full
355,JDFX2022001003_武腾_2022_交大法学_无权处分场合买卖合同的效力与权利瑕疵担保.md,2,2,2,2,2,10,strong,high,False,light
356,JDFX2022001004_孙维飞_2022_交大法学_《民法典》第584条(违约损害赔偿范围)评注.md,2,2,1,2,2,9,strong,high,False,skip
357,JDFX2022001005_叶会成_2022_交大法学_为服务性权威观辩护 三个批评及其回应.md,0,0,0,0,0,0,absent,high,False,skip
358,JDFX2022001006_宋菲_2022_交大法学_应急时期司法政策的现实运用及风险规控.md,2,2,2,2,2,10,strong,high,False,skip
359,JDFX2022001007_王明喆_2022_交大法学_行政处罚种类扩张论批判.md,2,2,2,2,2,10,strong,high,False,light
360,JDFX2022001008_樊纪伟_2022_交大法学_我国公司法定类型的反思及逻辑建构.md,2,2,1,2,2,9,strong,medium,False,full
361,JDFX2022001009_王传辉_2022_交大法学_知识产权法 利益平衡说 之反思 自然法与功利主义之比较.md,0,0,0,0,0,0,absent,medium,False,full
362,JDFX2022001010_高欧和郭松_2022_交大法学_审判权与审判管理权、审判监督权的关系重塑.md,2,2,2,2,2,10,strong,high,False,skip
363,JDFX2022001011_吴桐_2022_交大法学_诱惑侦查合法性的阶段化认定 日本经验与中国路径.md,2,2,1,2,2,9,strong,medium,False,full
364,JDFX2022001012_赵宏_2022_交大法学_保护规范理论的展开与问题——联立公司诉北京市东城区人民政府行政复议案评析.md,2,2,1,2,2,9,strong,medium,False,full
365,JDFX2022002003_胡凌_2022_交大法学_互联网的开放与封闭及其法律回应.md,2,2,1,2,2,9,strong,medium,False,full
366,JDFX2022002004_唐林垚_2022_交大法学_公共治理视域下自动化应用的法律规制.md,2,1,0,2,2,7,medium,medium,False,full
367,JDFX2022002005_赵精武_2022_交大法学_从保密到安全 数据销毁义务的理论逻辑与制度建构.md,2,2,2,2,2,10,strong,high,False,skip
368,JDFX2022002006_秦小建和朱俊亭_2022_交大法学_宪法社会公德条款的规范阐释.md,2,2,2,2,2,10,strong,high,False,skip
369,JDFX2022002007_何雪锋_2022_交大法学_基于经验法则的法律论证.md,2,2,1,2,1,8,strong,high,False,light
370,JDFX2022002008_马荣春_2022_交大法学_犯罪着手的教义学重述 学说对决、命题重证与具体解答.md,2,2,0,2,1,7,medium,low,True,full
371,JDFX2022002009_张青波_2022_交大法学_行政组织法视角下环境标准制度的反思与完善.md,2,2,1,2,1,8,strong,medium,False,full
372,JDFX2022002010_赵大伟_2022_交大法学_共同财产制下夫妻个人债务执行程序的规则建构.md,2,2,2,2,2,10,strong,high,False,skip
373,JDFX2022002011_张阳_2022_交大法学_商事主体终止的制度检视及其结构优化.md,2,2,1,2,2,9,strong,high,False,light
374,JDFX2022002012_方芳_2022_交大法学_保护作品完整权的侵权判断标准.md,2,2,1,2,2,9,strong,medium,False,full
375,JDFX2022002013_张静_2022_交大法学_论处分查封之物的法律效力.md,2,2,2,2,2,10,strong,high,False,light
376,JDFX2022002014_李泠烨_2022_交大法学_原告资格判定中 保护规范说 和 实际影响说 的混用与厘清——兼评东联电线厂案再审判决.md,2,2,2,2,2,10,strong,high,False,skip
377,JDFX2022003001_曹志勋_2022_交大法学_德国诉讼标的诉讼法说的传承与发展.md,0,0,0,1,1,2,weak,high,False,full
378,JDFX2022003002_马丁_2022_交大法学_遗产管理人的地位与功能阐释——实体与程序规制互济的视角.md,2,2,2,2,2,10,strong,high,False,skip
379,JDFX2022003003_袁琳_2022_交大法学_实体与程序双重视角下的连带债务涉他效力.md,2,2,1,2,1,8,strong,high,False,full
380,JDFX2022003004_高旭_2022_交大法学_证明责任视角下《民法典》第235条的要件解释和学理澄清.md,2,2,1,2,2,9,strong,high,False,light
381,JDFX2022003005_刘涛_2022_交大法学_法律如何构建时间 ——系统理论脉络下的展开.md,0,0,0,0,0,0,absent,high,False,light
382,JDFX2022003006_周欢_2022_交大法学_不准派买 与 勒限采买 ——清代粮食采购法的表与里(1644—1850).md,2,2,1,2,1,8,strong,high,False,skip
383,JDFX2022003007_魏东_2022_交大法学_常识主义刑法观的指引功能.md,2,2,2,2,2,10,strong,high,False,light
384,JDFX2022003008_陈曦笛_2022_交大法学_海平面上升对海上地物国际法地位的影响 规则演进与中国因应.md,1,1,1,2,2,7,medium,high,False,full
385,JDFX2022003009_胡滨斌_2022_交大法学_言语行为理论视角下的保密协议.md,1,1,0,1,1,4,weak,medium,False,full
386,JDFX2022003010_陈亮和徐明_2022_交大法学_从数据到知识 智能司法基础设施的困境反思.md,2,2,1,2,2,9,strong,medium,False,full
387,JDFX2022003011_李文博和宋晓亭_2022_交大法学_论老字号商标的权益归属 二分构造与制度设计.md,2,2,2,2,2,10,strong,high,False,skip
388,JDFX2022004001_黄文艺_2022_交大法学_习近平法治思想原创性贡献论纲.md,2,2,2,2,2,10,strong,high,False,skip
389,JDFX2022004002_汪仲启_2022_交大法学_论中国特色社会主义法治道路的实践形态.md,2,2,2,2,2,10,strong,high,False,skip
390,JDFX2022004003_樊士博和齐卫平_2022_交大法学_新时代中国共产党执政话语研究论纲.md,0,0,0,0,0,0,absent,medium,False,full
391,JDFX2022004004_黄心瑜_2022_交大法学_难以触及的真相 一起清代知县隐匿灾情弹劾案的分析.md,2,2,1,2,2,9,strong,high,False,skip
392,JDFX2022004005_侯晓燕_2022_交大法学_指导性案例适用失范的现状、成因及其出路——以指导性案例24号的参照情况为分析视角.md,2,2,2,2,2,10,strong,high,False,full
393,JDFX2022004006_敖海静_2022_交大法学_美国法律解释方法再研究——以意图主义与新文本主义之争为中心.md,0,0,0,0,0,0,absent,high,False,skip
394,JDFX2022004007_陈银珠_2022_交大法学_论我国刚性最低刑制度的柔性化路径.md,2,2,2,2,2,10,strong,high,False,light
395,JDFX2022004008_刘玉姿_2022_交大法学_从管制到征收 管制性征收的生成逻辑——基于美国法的考察.md,1,1,1,1,1,5,medium,medium,False,full
396,JDFX2022004009_李润生_2022_交大法学_论个人医疗信息的匿名化处理制度——兼评《个人信息保护法》相关条款.md,2,2,0,2,1,7,medium,medium,False,full
397,JDFX2022004010_何小勇_2022_交大法学_突发公共卫生事件伤亡人员的社会保障适用研究.md,2,2,1,2,1,8,strong,medium,False,full
398,JDFX2022004011_王健_2022_交大法学_论发展型社会救助制度中的强制工作措施——以欧洲国家的经验为镜鉴.md,1,1,0,2,1,5,medium,high,False,skip
399,JDFX2022004012_潘佳_2022_交大法学_生态保护补偿公私协议的法律属性.md,2,2,2,2,2,10,strong,high,False,light
400,JDFX2022005001_陈兴良_2022_交大法学_正当防卫：以刑民比较为视角的规范诠释.md,2,2,2,2,2,10,strong,high,False,light
401,JDFX2022005002_时延安_2022_交大法学_刑民交叉案件的处理：类型与规则.md,2,2,2,2,2,10,strong,high,False,skip
402,JDFX2022005003_黎宏和陈少青_2022_交大法学_论财产犯中的财产性利益.md,2,2,2,2,2,10,strong,high,False,skip
403,JDFX2022005004_熊林曼_2022_交大法学_论普通法立宪主义的贡献与不足.md,0,0,0,0,0,0,absent,high,False,skip
404,JDFX2022005005_周易培_2022_交大法学_“规制治理”下的律师职业规制改革——以英国的实践为例.md,1,1,0,1,1,4,weak,medium,False,full
405,JDFX2022005006_李昶_2022_交大法学_告别独立于不当得利返还的占有回复规则——基于规则冲突的反思与重构.md,2,1,0,2,0,5,medium,low,True,full
406,JDFX2022005007_李姗萍_2022_交大法学_民法典时代背景下的忠诚协议.md,2,2,2,2,2,10,strong,high,False,skip
407,JDFX2022005008_毛景_2022_交大法学_美国高龄劳动者就业保障制度及其镜鉴.md,0,0,0,2,1,3,weak,medium,False,full
408,JDFX2022005009_李干_2022_交大法学_劳动者“集体停工”的法治化解释与出路——基于集体劳动法与个体劳动法的双重视角.md,2,2,2,2,2,10,strong,high,False,light
409,JDFX2022005010_周秘_2022_交大法学_“减损”的劳动权利——以G区劳动执行案件为样本的实证研究.md,2,2,2,2,2,10,strong,high,False,skip
410,JDFX2022006002_韩大元_2022_交大法学_20世纪50年代“共同富裕”理念形成及其演变——以《共同纲领》制定中社会主义目标的讨论为中心.md,2,2,2,2,2,10,strong,high,False,light
411,JDFX2022006003_张翔_2022_交大法学_市场经济与共同富裕的互诠——“经济宪法”的视角.md,2,2,2,2,2,10,strong,high,False,light
412,JDFX2022006004_范进学_2022_交大法学_“共同富裕”的宪法表达：自由平等共享与法治国.md,2,2,2,2,2,10,strong,high,False,skip
413,JDFX2022006005_徐舒浩_2022_交大法学_内在陈述的表达主义构造成立吗？——哈特后设法理论立场之诠释.md,0,0,0,0,0,0,absent,high,False,skip
414,JDFX2022006006_李建伟和何秉泽_2022_交大法学_决议可撤销之诉裁量驳回的利益衡量.md,2,2,2,2,2,10,strong,high,False,light
415,JDFX2022006007_林少伟_2022_交大法学_脱法实践下公司法规则变迁之逻辑.md,2,2,2,2,2,10,strong,high,False,skip
416,JDFX2022006008_赵一洲_2022_交大法学_论著作财产权权利内容的分割与整合——基于“权利束”与“模块化”理论的考察.md,2,2,1,2,1,8,strong,high,False,full
417,JDFX2022006009_曾元君_2022_交大法学_中国和澳大利亚刑事被害人权利的演进：法律传统的趋同？.md,2,2,0,2,2,8,strong,medium,False,full
418,JDFX2022006010_余煜刚_2022_交大法学_可接受性论证：行政裁量的治理新机制.md,1,0,0,2,1,4,weak,medium,False,full
419,JDFX2022006011_张真源_2022_交大法学_论突发事件应对中的双重响应体系——兼论《突发事件应对法》的修改.md,2,2,2,2,2,10,strong,high,False,skip
420,JDFX2023001002_黄进_2023_交大法学_百年大变局下的国际法与国际法治.md,1,1,2,2,2,8,strong,medium,False,full
421,JDFX2023001003_施余兵_2023_交大法学_《联合国海洋法公约》的“海洋宪章”地位：发展与界限.md,1,0,0,1,1,3,weak,medium,False,full
422,JDFX2023001004_陈海波_2023_交大法学_“主管国际组织”与海洋科学研究国际法规则体系的发展.md,0,0,0,1,0,1,absent,medium,True,full
423,JDFX2023001005_高圣惕和赵思涵_2023_交大法学_科技运用活动与岛礁法律地位的认定：南海仲裁裁决对《公约》第121（3）条解释及适用的错误.md,1,0,0,1,0,2,weak,high,False,full
424,JDFX2023001006_杨洪斌_2023_交大法学_洛克纳案、实体性正当程序与“明显违宪”标准的衰落.md,0,0,0,0,0,0,absent,high,False,skip
425,JDFX2023001007_夏小雄_2023_交大法学_公司法的深层结构：从东印度公司到中国公司法.md,2,1,1,2,1,7,medium,high,False,full
426,JDFX2023001008_何荣功_2023_交大法学_民事欺诈与刑事诈骗的类型化区分.md,2,2,2,2,2,10,strong,high,False,light
427,JDFX2023001009_田宏杰_2023_交大法学_刑民交叉研究：理论范式与实践路径.md,2,2,2,2,2,10,strong,high,False,skip
428,JDFX2023001010_唐国昌_2023_交大法学_元代和买法律制度考论.md,2,2,1,2,2,9,strong,medium,False,full
429,JDFX2023001011_李鼎_2023_交大法学_全责、免责还是损害分配：故意侵权案件中过失相抵的适用.md,2,1,2,2,1,8,strong,medium,False,full
430,JDFX2023002002_冯玉军_2023_交大法学_《立法法》修改：理念原则、机制创新与完善建议.md,2,2,1,2,2,9,strong,medium,False,full
431,JDFX2023002003_刘松山_2023_交大法学_对《立法法（修正草案）》的审思：从七个重点问题展开.md,2,2,1,2,2,9,strong,high,False,full
432,JDFX2023002004_胡弘弘和田骥威_2023_交大法学_党对立法工作的百年探索与经验启示——基于党的全国代表大会报告的研究.md,2,2,2,2,2,10,strong,high,False,light
433,JDFX2023002005_谭嘉玲和林彦_2023_交大法学_部门规章制定主体范围的规范阐释及立法完善.md,2,2,2,2,2,10,strong,high,False,skip
434,JDFX2023002006_蔡培如_2023_交大法学_个人信息可携带权的规范释义及制度建构.md,2,2,2,2,2,10,strong,high,False,skip
435,JDFX2023002007_罗寰昕_2023_交大法学_算法控制视域下平台用工劳动关系认定的困境与出路.md,2,2,2,2,2,10,strong,high,False,skip
436,JDFX2023002008_李希梁_2023_交大法学_反垄断监管与事前监管——互联网平台监管模式的二元建构.md,2,2,1,2,2,9,strong,medium,False,full
437,JDFX2023002009_翟翌和金龙君_2023_交大法学_均衡性原则之“权重公式”的反思与重构——一个法经济学的分析视角.md,0,0,1,0,1,2,weak,medium,True,full
438,JDFX2023002010_马家曦_2023_交大法学_论二审参加之审理模式与路径重构.md,2,2,2,2,2,10,strong,high,False,light
439,JDFX2023002011_翁壮壮_2023_交大法学_论决断的类型化——在政治与法律之间的考察.md,2,1,1,2,1,7,medium,medium,False,full
440,JDFX2023002012_郑志行_2023_交大法学_行政协议解除权的规则体系建构——兼评《行政协议规定》第27条第2款.md,2,2,2,2,2,10,strong,high,False,light
441,JDFX2023002013_周俊彦_2023_交大法学_“辅助说明材料”的证据法定位及法庭运用规则.md,2,2,2,2,2,10,strong,high,False,light
442,JDFX2023003001_刘剑文和唐贺强_2023_交大法学_法典化目标下税法总则立法的三个问题.md,2,2,2,2,2,10,strong,high,False,full
443,JDFX2023003002_熊伟_2023_交大法学_体系化视角下税法总则的结构安排与法际协调.md,2,2,2,2,2,10,strong,high,False,skip
444,JDFX2023003003_王桦宇_2023_交大法学_税法总则立法框架下纳税义务体系的构建.md,2,2,1,2,1,8,strong,high,False,full
445,JDFX2023003004_赵泽睿_2023_交大法学_网络信息内容生态共同治理的法治保障.md,2,2,2,2,2,10,strong,high,False,light
446,JDFX2023003005_褚婧一_2023_交大法学_情感计算的信息隐私法律风险及其应对.md,2,2,1,2,2,9,strong,high,False,full
447,JDFX2023003006_姜峰_2023_交大法学_詹姆斯·麦迪逊的人性观与宪法思想.md,0,0,0,0,0,0,absent,high,False,light
448,JDFX2023003007_刘俊海_2023_交大法学_董事责任制度重构：精准问责、合理容错、宽容失败——以弘扬企业家精神为视角.md,2,2,2,2,2,10,strong,high,False,full
449,JDFX2023003008_钟宇晴和刘亦峰_2023_交大法学_论庭前证据调查准备：实证考察与理论思考.md,2,2,2,2,2,10,strong,high,False,skip
450,JDFX2023003009_杨勇_2023_交大法学_不法原因给付的困境与规则构建.md,2,2,2,2,2,10,strong,high,False,skip
451,JDFX2023003010_谭宇航_2023_交大法学_标准必要专利纠纷中的禁诉令研究.md,2,2,2,2,2,10,strong,high,False,skip
452,JDFX2023003011_高苑丽_2023_交大法学_法秩序统一视角下虚开案件行刑认定冲突与协调.md,2,2,2,2,2,10,strong,high,False,skip
453,JDFX2023004002_翟小波_2023_交大法学_道歉的概念：一些初步的思考.md,2,1,0,2,1,6,medium,high,False,full
454,JDFX2023004003_孙维飞_2023_交大法学_教义学上的拐杖及其舍弃——以性行为后果分担为例论《民法典》第1186条之法律适用.md,2,2,2,2,2,10,strong,high,False,skip
455,JDFX2023004004_王凌皞_2023_交大法学_正义与仁爱的双重考量——高空抛物侵权连带归责方式的辩护.md,2,2,0,2,2,8,strong,medium,False,full
456,JDFX2023004005_王昱博_2023_交大法学_拒绝严格责任？——反省康德主义侵权法理论.md,0,0,0,0,0,0,absent,high,False,full
457,JDFX2023004006_王世杰_2023_交大法学_利害调整模式下公权利理论的革新.md,1,1,0,2,2,6,medium,medium,False,full
458,JDFX2023004007_董储超和舒瑶芝_2023_交大法学_诉源治理导向下的纠纷解决：理念澄清与范式革新.md,2,2,2,2,2,10,strong,high,False,skip
459,JDFX2023004008_潘宁和陈浩邦_2023_交大法学_创新视角下的反垄断执法改进——基于反垄断处罚决定书与公司专利及财务数据的实证分析.md,2,2,0,2,1,7,medium,medium,False,full
460,JDFX2023004009_翟仲_2023_交大法学_论沿海国保护权对军舰豁免权的限制.md,1,1,0,1,1,4,weak,high,False,light
461,JDFX2023004010_何思萌_2023_交大法学_民国时期的变更判例制度及其实践.md,2,2,1,2,2,9,strong,medium,False,full
462,JDFX2023004011_邓翔宇_2023_交大法学_部门宪法划分的双重基础——以结构功能主义和社会系统论为视角.md,2,1,0,2,2,7,medium,low,True,full
463,JDFX2023004012_王宾_2023_交大法学_工伤认定争议的程序空转及解决.md,2,2,2,2,2,10,strong,high,False,light
464,JDFX2023005001_季卫东_2023_交大法学_主权的嬗变——数字化“魔兽世界”与法律秩序创新.md,1,1,0,0,1,3,weak,low,True,full
465,JDFX2023005002_蒋大兴_2023_交大法学_“法人格否认裁判”之效力射程——“法人格否认裁判”是否具有跨域效力？.md,2,2,2,2,2,10,strong,high,False,skip
466,JDFX2023005003_李建伟和李亚超_2023_交大法学_论公司社会责任强制性的规范体系建构.md,2,2,2,2,2,10,strong,high,False,skip
467,JDFX2023005004_杨琼_2023_交大法学_公司法的比例性规制——保障公司发展权的另一种思路.md,2,2,2,2,2,10,strong,high,False,skip
468,JDFX2023005005_安晨曦_2023_交大法学_《民法典》视角下公司法中“连带责任”的语义检视.md,2,2,2,2,2,10,strong,high,False,full
469,JDFX2023005006_山本隆司和袁浦_2023_交大法学_私法与公法的协动形式.md,0,0,0,0,0,0,absent,high,False,light
470,JDFX2023005007_唐安然_2023_交大法学_司法解决行政争议中实质性标准的廓清.md,2,2,2,2,2,10,strong,high,False,light
471,JDFX2023005008_邓华_2023_交大法学_国际刑事司法实践对习惯国际法的重申、认定及“重构”.md,0,0,0,0,0,0,absent,high,False,full
472,JDFX2023005009_王雯萱_2023_交大法学_密闭空间防卫案件的证明责任分配规则研究.md,2,2,2,2,2,10,strong,high,False,light
473,JDFX2023005010_张弘毅_2023_交大法学_论背俗一物二卖中的回复原状救济.md,2,2,2,2,2,10,strong,high,False,full
474,JDFX2023005011_尹辉煌_2023_交大法学_整合论宪法学：找回国家还是失去国家？——读斯门德《宪法与实在宪法》.md,0,0,0,0,0,0,absent,high,False,light
475,JDFX2023006001_郑军男_2023_交大法学_论数据权益的刑法保护——民刑交错视角下的法益保护论探讨.md,2,2,0,2,2,8,strong,medium,False,full
476,JDFX2023006002_单平基_2023_交大法学_民法中的自助行为及其限度——兼及不当自主行为所致民刑交叉问题.md,2,2,1,2,2,9,strong,medium,False,full
477,JDFX2023006003_黄忠顺_2023_交大法学_刑事涉财产执行中的案外人权益救济——以案外人权益救济程序的当事人构造为视角.md,2,2,2,2,2,10,strong,high,False,skip
478,JDFX2023006004_彭錞_2023_交大法学_论政务数据共享的推进与边界.md,2,2,2,2,1,9,strong,medium,False,full
479,JDFX2023006005_徐曦昊和宋华琳_2023_交大法学_美国行政法上的机构协调及其借鉴.md,2,1,0,2,1,6,medium,medium,False,full
480,JDFX2023006006_童德华_2023_交大法学_期待可能性论对预防刑罚观之实践问题的消解.md,2,2,1,2,2,9,strong,medium,False,full
481,JDFX2023006007_饶先成_2023_交大法学_专利技术特征划分的反思与重构.md,2,2,0,2,1,7,medium,medium,False,full
482,JDFX2023006008_程皓楠_2023_交大法学_法律保留原则中的全面保留理论.md,0,0,0,0,0,0,absent,high,False,skip
483,JDFX2023006009_黄宇杰_2023_交大法学_民法典视域下侵犯商业秘密行为规则的反思与完善.md,2,2,1,2,1,8,strong,medium,False,full
484,JDFX2023006010_张耀文_2023_交大法学_比例原则在雇员个人信息保护中的构造及适用.md,2,2,2,2,2,10,strong,high,False,light
485,JDFX2024001001_孙长永_2024_交大法学_未决羁押的合理期限及其法律规制.md,2,2,1,2,2,9,strong,high,False,light
486,JDFX2024001002_孙维飞_2024_交大法学_遗赠、婚外同居与公序良俗.md,2,2,2,2,2,10,strong,high,False,full
487,JDFX2024001003_刘耀东_2024_交大法学_公序良俗在情人遗赠纠纷中的适用——基于私法与基本权利冲突理论的二元视角.md,2,2,2,2,2,10,strong,high,False,full
488,JDFX2024001004_陈霖_2024_交大法学_遗赠物上代位推定的教义构造与适用甄别.md,2,2,2,2,2,10,strong,high,False,skip
489,JDFX2024001005_夏静宜_2024_交大法学_原因欠缺导致赠与财产返还的原理和规则.md,2,2,2,2,2,10,strong,high,False,skip
490,JDFX2024001006_徐忠明_2024_交大法学_有图自东方来：明信片上的清末司法场景.md,2,2,1,2,1,8,strong,high,False,full
491,JDFX2024001007_张泽键_2024_交大法学_权利的混合理论成立吗？.md,0,0,0,0,0,0,absent,high,False,full
492,JDFX2024001008_钱坤_2024_交大法学_理一分殊：全国人大及其常委会宪法监督权的差异化构造.md,2,2,2,2,2,10,strong,high,False,skip
493,JDFX2024001009_张扬欢_2024_交大法学_通信标准必要专利跨领域许可FRAND义务研究.md,1,1,1,2,1,6,medium,high,False,full
494,JDFX2024001010_李志颖_2024_交大法学_算法歧视的两副面孔及其法律规制.md,2,1,1,1,2,7,medium,medium,False,full
495,JDFX2024001011_李卓卓_2024_交大法学_表决权滥用的法律规制——以决议效力为中心.md,2,2,2,2,2,10,strong,high,False,full
496,JDFX2024002001_郭烁_2024_交大法学_控方撤回认罪认罚：比较考察与类型规制.md,2,2,2,2,2,10,strong,high,False,light
497,JDFX2024002002_闫召华_2024_交大法学_认罪认罚案件质效评估机制的反思与完善.md,2,2,2,2,2,10,strong,high,False,skip
498,JDFX2024002003_刘磊_2024_交大法学_量刑建议“一般应当采纳”条款之省思.md,2,2,2,2,2,10,strong,high,False,light
499,JDFX2024002004_赵恒_2024_交大法学_认罪认罚案件审判活动中人民陪审员制度适用的挑战及其应对.md,2,2,1,2,2,9,strong,medium,False,full
500,JDFX2024002005_江山_2024_交大法学_论反垄断法解释的学派分歧及其交谈前景.md,0,0,0,0,0,0,absent,low,True,full
501,JDFX2024002006_汪改丽_2024_交大法学_论个人信息的反垄断法保护——以“滴滴案”为例.md,2,2,2,2,2,10,strong,high,False,light
502,JDFX2024002007_李鑫_2024_交大法学_经营者集中救济“防火墙”措施的实施与监督.md,2,2,1,2,2,9,strong,high,False,skip
503,JDFX2024002008_孟现玉_2024_交大法学_积极老龄化视域下促进老年人就业的法治路径.md,2,2,1,2,2,9,strong,high,False,skip
504,JDFX2024002009_袁野_2024_交大法学_优先权之反思与重述.md,2,2,2,2,2,10,strong,high,False,skip
505,JDFX2024002010_曾凤辰_2024_交大法学_知识产权滥用的教义学构造.md,2,2,2,2,2,10,strong,high,False,skip
506,JDFX2024002011_房旭和郭东阳_2024_交大法学_专属经济区航行自由适当顾及义务的履行研究.md,0,0,0,0,0,0,absent,low,True,full
507,JDFX2024003001_叶必丰_2024_交大法学_地方法规范的“飞出”适用.md,2,2,2,2,2,10,strong,high,False,light
508,JDFX2024003002_郑玉双_2024_交大法学_什么是损害？——一个刑法哲学视角的分析.md,1,0,0,1,0,2,weak,medium,False,full
509,JDFX2024003003_张峰铭_2024_交大法学_超越比例原则：同态报应量刑原则的法理根基与实践意义.md,1,1,1,1,1,5,medium,medium,False,full
510,JDFX2024003004_王华伟_2024_交大法学_网络暴力治理：平台责任与守门人角色.md,2,2,2,2,2,10,strong,high,False,light
511,JDFX2024003005_徐万龙_2024_交大法学_论刑事正当防卫和民事正当防卫的同一关系.md,2,2,1,2,2,9,strong,medium,False,full
512,JDFX2024003006_满洪杰和陈哲璇_2024_交大法学_论人类基因资料库研究中知情同意制度的完善.md,2,2,1,2,1,8,strong,high,False,full
513,JDFX2024003007_于佳佳_2024_交大法学_人类辅助生殖技术应用范围的法律调整论.md,2,2,1,2,1,8,strong,high,False,full
514,JDFX2024003008_范奇_2024_交大法学_双向诉讼抑或单向诉讼？——行政协议诉讼的模式选择.md,2,2,2,2,2,10,strong,high,False,light
515,JDFX2024003009_张栋和李轲_2024_交大法学_主体论视域下涉案企业合规有效性审查的三种模式.md,2,2,2,2,2,10,strong,high,False,skip
516,JDFX2024003010_胡挺_2024_交大法学_公司决议无效规范基础的实证考察与认识论革新.md,2,2,2,2,2,10,strong,high,False,light
517,JDFX2024003011_白睿成_2024_交大法学_权利法定视角下著作权兜底条款的适用进路.md,2,2,2,2,2,10,strong,high,False,skip
518,JDFX2024004001_王泽鉴_2024_交大法学_不当得利法释义学的建构.md,2,1,0,2,1,6,medium,medium,False,full
519,JDFX2024004002_朱晓喆_2024_交大法学_中国民法典评注：理论基础与愿景使命.md,2,2,1,2,2,9,strong,high,False,full
520,JDFX2024004003_赵文杰_2024_交大法学_《民法典》第122条评注.md,2,2,1,2,1,8,strong,medium,False,full
521,JDFX2024004004_黄韬_2024_交大法学_“党管金融”的法治内涵.md,2,2,2,2,2,10,strong,high,False,skip
522,JDFX2024004005_黄辉和王超_2024_交大法学_证券仲裁的禀赋特性与制度创新：自愿性与强制性的冲突与调和.md,2,2,2,2,2,10,strong,high,False,light
523,JDFX2024004006_苏盼_2024_交大法学_论金融监管规则的司法考量.md,2,2,1,2,2,9,strong,medium,False,full
524,JDFX2024004007_王志明_2024_交大法学_内幕交易民事赔偿制度之审思.md,2,2,2,2,2,10,strong,high,False,skip
525,JDFX2024004008_胡丽文_2024_交大法学_数字时代经济权力法律治理的现代转向.md,0,1,0,0,0,1,absent,low,True,full
526,JDFX2024004009_洪涛_2024_交大法学_问题与新解：刑事电子数据的最佳证据规则——基于486份裁判文书的实证分析.md,1,2,1,1,1,6,medium,medium,False,full
527,JDFX2024004010_龙卫球和何傲翾_2024_交大法学_民法债物关系的再认知：基于债的财产化和并立化的内在视角.md,2,1,1,2,2,8,strong,medium,False,full
528,JDFX2024005001_范进学_2024_交大法学_论习近平法治思想的法治理论体系.md,2,2,2,2,2,10,strong,high,False,skip
529,JDFX2024005002_赵旭东和陈萱_2024_交大法学_论未出资股权转让后的出资责任——新《公司法》第88条的正当性与适用解读.md,2,2,2,2,2,10,strong,high,False,skip
530,JDFX2024005003_林一英_2024_交大法学_新《公司法》提升中小公司治理灵活性及其适用与展望.md,2,2,0,2,2,8,strong,medium,False,full
531,JDFX2024005004_周游_2024_交大法学_股东出资规则的体系性解释——以新《公司法》第47—54条为轴线.md,2,2,1,2,2,9,strong,high,False,full
532,JDFX2024005005_袁崇霖_2024_交大法学_论董事忠实义务的程序性保障——以利益冲突披露义务为中心.md,2,2,1,2,2,9,strong,medium,False,full
533,JDFX2024005006_高富平_2024_交大法学_可信数据流通制度论——治理范式经济秩序的形成.md,2,2,2,2,2,10,strong,high,False,full
534,JDFX2024005007_许春明和杨欢欢_2024_交大法学_论数据的法律界定.md,2,2,2,2,2,10,strong,high,False,skip
535,JDFX2024005008_赵祖斌_2024_交大法学_已公开个人信息处理规则的构造及适用——以合法处理事由为中心.md,2,2,1,2,1,8,strong,high,False,skip
536,JDFX2024005009_张开骏_2024_交大法学_个罪法益与构成要件的解释方法.md,2,2,1,2,1,8,strong,high,False,full
537,JDFX2024005010_罗维鹏_2024_交大法学_刑事证据审查标准及其经验.md,2,2,2,2,2,10,strong,high,False,light
538,JDFX2024006001_龚柏华_2024_交大法学_更高水平开放需适配高端涉外法治研究和运用人才.md,2,2,1,2,2,9,strong,high,False,skip
539,JDFX2024006002_江河_2024_交大法学_涉外法治的知识体系及其互动性建构.md,2,2,2,2,2,10,strong,high,False,skip
540,JDFX2024006003_欧福永和黄思瑞_2024_交大法学_气候变化应对类ESG国际商事仲裁：优势、困境与中国进路.md,2,2,1,2,1,8,strong,high,False,light
541,JDFX2024006004_韩逸畴_2024_交大法学_国际法适用中的双重标准问题研究.md,0,0,0,1,1,2,weak,medium,False,full
542,JDFX2024006005_张志铭_2024_交大法学_认真对待案件事实——一种结构形态的事实观.md,2,1,2,2,2,9,strong,high,False,full
543,JDFX2024006006_雷磊_2024_交大法学_数字司法的理论反思：意义、问题与监管.md,2,2,1,2,2,9,strong,medium,False,full
544,JDFX2024006007_杨力_2024_交大法学_论普惠金融的数字司法源头治理.md,2,2,2,2,2,10,strong,high,False,skip
545,JDFX2024006008_康宁_2024_交大法学_区块链个人信息保护的“同意”难题及进程化应对.md,2,2,1,2,1,8,strong,medium,False,full
546,JDFX2024006009_付举乾_2024_交大法学_“信息换给付”下捆绑禁令的内在体系与规范构造——对《个人信息保护法》第16条的解读.md,2,2,2,2,2,10,strong,high,False,skip
547,JDFX2024006010_焦海涛_2024_交大法学_滥用相对优势地位的性质区分与规制体系.md,2,2,1,2,2,9,strong,medium,False,full
548,JDFX2024006011_邓可祝和李晓艳_2024_交大法学_环境执法正面清单制度：法理阐释与实效保障.md,2,2,2,2,2,10,strong,high,False,skip
549,JDFX2025001001_孙远和刘慧慧_2025_交大法学_“刑事法律推定”否定论及“允许性推定”之本质.md,2,2,2,2,2,10,strong,high,False,skip
550,JDFX2025001002_贾志强_2025_交大法学_反思量刑合意的效力.md,2,2,2,2,2,10,strong,high,False,light
551,JDFX2025001003_李世阳_2025_交大法学_论公诉变更的必要性及其可能限度.md,2,2,2,2,2,10,strong,high,False,skip
552,JDFX2025001004_段厚省_2025_交大法学_对“阅核制”的认识论检讨.md,2,2,1,2,2,9,strong,medium,False,full
553,JDFX2025001005_张杰_2025_交大法学_论司法公共表达与“网库并行”案例发布模式的建构.md,2,2,2,2,2,10,strong,high,False,light
554,JDFX2025001006_李学尧和刘庄_2025_交大法学_算法时代的法治之路：计算法学的规范性探索.md,0,0,0,0,0,0,absent,medium,False,full
555,JDFX2025001007_张玉洁_2025_交大法学_法政策学视角下低空经济的法治保障研究.md,2,2,1,2,1,8,strong,high,False,skip
556,JDFX2025001008_宋亚辉等_2025_交大法学_法学十个二级学科的十年发展：知识生产的视角.md,2,2,0,2,1,7,medium,high,False,full
557,JDFX2025001009_刘云亮和卢晋_2025_交大法学_中国特色自由贸易港法规制定权论.md,2,2,1,2,1,8,strong,medium,False,full
558,JDFX2025001010_邵奇聪_2025_交大法学_刑事共同被告陈述的法庭调查模式研究.md,2,1,0,2,1,6,medium,medium,False,full
559,JDFX2025002001_蒋传光和张雷_2025_交大法学_习近平法治思想中的传统法律文化观及原创性贡献.md,2,2,2,2,2,10,strong,high,False,light
560,JDFX2025002002_刘荣军_2025_交大法学_习近平关于尊重和保障人权重要论述的形成渊源、实践理路与全球人权治理启示.md,2,2,2,2,2,10,strong,high,False,full
561,JDFX2025002003_蒋红珍_2025_交大法学_平台主体责任在顺风车监管中的认定.md,2,2,2,2,2,10,strong,high,False,full
562,JDFX2025002004_苏宇_2025_交大法学_公共数据污染的法律治理.md,2,2,2,2,2,10,strong,high,False,light
563,JDFX2025002005_刘绍宇_2025_交大法学_公法如何介入平台治理？——以私行政法学之建构为切入点.md,2,2,2,2,2,10,strong,high,False,light
564,JDFX2025002006_周乐_2025_交大法学_政府数据开放共享平台建构中的边缘计算风险及其多元规制.md,2,2,0,0,2,6,medium,medium,False,full
565,JDFX2025002007_郭延军和童之伟_2025_交大法学_民族的现代的法理学的夺人先声——上海交大法学先贤杨廷栋学术思想考论.md,2,2,2,2,2,10,strong,high,False,skip
566,JDFX2025002008_王充和杨钊_2025_交大法学_法条竞合抑或想象竞合？——以检例第136号中的溯及力问题为对象.md,2,2,1,2,2,9,strong,high,False,full
567,JDFX2025002009_谢登科_2025_交大法学_电子数据搜查的两种模式.md,2,2,2,2,2,10,strong,high,False,light
568,JDFX2025002010_吴英姿_2025_交大法学_先诉抗辩权的程序法理——以纠纷成熟理论为基础.md,2,2,1,2,1,8,strong,medium,False,full
569,JDFX2025002011_柯达_2025_交大法学_现金权的法理确证与规则建构——以数字时代的货币公平为视角.md,2,2,2,2,2,10,strong,high,False,light
570,JDFX2025002012_王慧群_2025_交大法学_论经营者集中的“控制”认定标准——基于公司治理模式的分析.md,2,2,2,2,2,10,strong,high,False,skip
571,JDFX2025003001_王利明_2025_交大法学_养殖权制度的体系构建——以养殖权的用益物权属性为中心.md,2,2,2,2,2,10,strong,high,False,skip
572,JDFX2025003002_吴慧和牛宇燕_2025_交大法学_《南极条约》当事国实施南极考察活动的管理制度比较研究.md,1,1,0,2,1,5,medium,high,False,full
573,JDFX2025003003_张磊_2025_交大法学_论BBNJ协定视阈下国际法制度性话语权的构建.md,1,0,1,2,1,5,medium,medium,False,full
574,JDFX2025003004_王勇和王逸贇_2025_交大法学_论“区域”环境补偿基金法律制度的完善.md,1,0,2,1,1,5,medium,medium,False,full
575,JDFX2025003005_汪洋和姜惠雯_2025_交大法学_实体与程序之维下的配偶财产利益保护——以夫妻共同财产处分及夫妻债务清偿为例.md,2,2,2,2,2,10,strong,high,False,skip
576,JDFX2025003006_王立栋_2025_交大法学_强制执行程序中的动产让与担保.md,2,2,2,2,2,10,strong,high,False,skip
577,JDFX2025003007_史明洲_2025_交大法学_论民事强制执行中的平等主义.md,2,1,1,2,2,8,strong,medium,False,full
578,JDFX2025003008_李春_2025_交大法学_债权执行场域下次债务人抵销预期保护的实现路径——以《民法典》第549条第1项规范意旨为基础.md,2,2,1,2,2,9,strong,high,False,full
579,JDFX2025003009_王常阳_2025_交大法学_数字虚拟财产权强制执行研究.md,2,2,1,2,1,8,strong,medium,False,full
580,JDFX2025003010_江海洋_2025_交大法学_法律语料库技术与刑法文义的智能辅助判定.md,2,2,1,2,2,9,strong,high,False,full
581,JDFX2025003011_崔玮_2025_交大法学_二审程序中认罪认罚案件的实践面相及其反思.md,2,2,2,2,2,10,strong,high,False,skip
582,JDFX2025003012_张崇胜_2025_交大法学_论法典化背景下会计法的体系化建构.md,2,2,2,2,2,10,strong,high,False,light
583,JDFX2025004001_杨凯_2025_交大法学_习近平法治思想中的外商投资监管公共法律服务理论.md,2,2,2,2,2,10,strong,high,False,skip
584,JDFX2025004002_高一飞_2025_交大法学_以审判为中心的诉讼制度改革成果入法的总体方案.md,2,2,2,2,2,10,strong,high,False,skip
585,JDFX2025004003_吕炳斌_2025_交大法学_论数字时代的“权益”概念：以个人信息权益为例.md,2,2,2,2,2,10,strong,high,False,light
586,JDFX2025004004_杨芳_2025_交大法学_个人信息三元权益论的教义学展开与体系衔接.md,2,2,2,2,2,10,strong,high,False,light
587,JDFX2025004005_林洹民_2025_交大法学_论人工智能时代的个人数据供给制度.md,2,2,2,2,2,10,strong,high,False,light
588,JDFX2025004006_金耀_2025_交大法学_个人信息保护的司法困境与规则应对——基于331例个人信息案件的实证考察.md,2,2,2,2,2,10,strong,high,False,light
589,JDFX2025004007_何志鹏和周萌_2025_交大法学_国际法院公益诉讼中的对世义务诉权：解释、争议与反思.md,0,0,0,0,1,1,absent,high,False,skip
590,JDFX2025004008_汪倪杰_2025_交大法学_论第三人侵权场景下安全保障义务人的责任形态.md,2,2,2,2,2,10,strong,high,False,light
591,JDFX2025004009_孙皓_2025_交大法学_关于“可公诉可自诉”的重新解读——《公安机关办理刑事案件程序规定》第176条第2款之检讨.md,2,2,1,2,2,9,strong,medium,False,full
592,JDFX2025004010_赵大伟_2025_交大法学_共有财产执行中析产诉讼的“废弃”.md,2,2,2,2,2,10,strong,high,False,skip
593,JDFX2025004011_何泽昊_2025_交大法学_人工智能立法的产品安全思路——对欧盟《人工智能法》的批判性解读.md,2,1,1,2,1,7,medium,medium,False,full
594,JDFX2025004012_刘丁勤_2025_交大法学_人工智能生成内容权利归属重审——以作者身份归因为视角.md,2,1,0,2,2,7,medium,high,False,full
595,JDFX2025005001_史际春_2025_交大法学_竞争政策与竞争执法.md,2,2,2,2,2,10,strong,high,False,skip
596,JDFX2025005002_范进学_2025_交大法学_习近平法治思想中的宪法监督论.md,2,2,2,2,2,10,strong,high,False,skip
597,JDFX2025005003_陈洪杰_2025_交大法学_纠纷治理如何稳定法律预期——新时代“枫桥经验”的法治化原理.md,2,2,2,2,2,10,strong,high,False,light
598,JDFX2025005004_熊琦_2025_交大法学_中国著作权法前沿争议的应对方案.md,2,2,2,2,2,10,strong,high,False,full
599,JDFX2025005005_黄汇和李展鹏_2025_交大法学_模型蒸馏正当性的公共领域法理解读.md,2,1,1,2,1,7,medium,medium,False,full
600,JDFX2025005006_万勇和吴悦婷_2025_交大法学_人工智能生成内容何以赋权：基于艺术原理的展开.md,1,1,0,1,0,3,weak,low,True,full
601,JDFX2025005007_孙山_2025_交大法学_著作权法与反不正当竞争法的“平行保护”界分.md,2,2,2,2,2,10,strong,high,False,skip
602,JDFX2025005008_黄智杰和王锡锌_2025_交大法学_算法行政中信任构建的法律路径.md,1,1,2,2,2,8,strong,medium,False,full
603,JDFX2025005009_张阳_2025_交大法学_论稳定币本土发展的规范逻辑.md,2,2,2,2,2,10,strong,high,False,light
604,JDFX2025005010_姜涛_2025_交大法学_积极刑法立法观视域下轻微犯罪记录封存制度构建.md,2,2,2,2,2,10,strong,high,False,light
605,JDFX2025005011_王威智_2025_交大法学_从同案同判到“应当参照”：构筑双层性的指导性案例参照机制.md,2,2,2,2,2,10,strong,high,False,light
606,JDFX2025005012_黎森予_2025_交大法学_危险驾驶罪的实效与政策——基于实证研究的检讨.md,2,2,1,2,1,8,strong,high,False,light
607,JDFX2025006001_徐亚文和陈怡静_2025_交大法学_论习近平关于促进民营经济发展法治保障重要论述的核心要义和理论创新.md,2,2,2,2,2,10,strong,high,False,skip
608,JDFX2025006002_赵毅宇_2025_交大法学_论习近平法治思想的预防性法律制度理论.md,2,2,2,2,2,10,strong,high,False,skip
609,JDFX2025006003_郑戈_2025_交大法学_人工智能立法的价值取向与模式比较.md,1,1,1,1,1,5,medium,medium,False,full
610,JDFX2025006004_王凌皞_2025_交大法学_未来尚未到来——人工智能统一立法模式的内在悖论.md,0,0,0,0,0,0,absent,high,False,full
611,JDFX2025006005_付新华_2025_交大法学_全球人工智能立法的多元趋势与中国模式.md,2,2,2,2,2,10,strong,high,False,light
612,JDFX2025006006_田韶华_2025_交大法学_《民法典》视域下虚假身份行为效力释论.md,2,2,2,2,2,10,strong,high,False,skip
613,JDFX2025006007_其木提_2025_交大法学_货币返还请求权规则之反思与重述——以骗取金钱偿债案为例.md,2,2,2,2,2,10,strong,high,False,light
614,JDFX2025006008_袁曾_2025_交大法学_论空域权与空间权的分设——低空经济价值要素释放的法治供给.md,2,2,2,2,2,10,strong,high,False,light
615,JDFX2025006009_曲创等_2025_交大法学_平台内势力的来源、滥用危害与监管策略.md,2,2,2,2,2,10,strong,high,False,light
616,JDFX2025006010_周翔_2025_交大法学_刑事辩护变革的契机：人机协作司法模式.md,2,2,2,2,2,10,strong,high,False,light
617,JDFX2025006011_童云峰_2025_交大法学_自然犯的法定犯化：“违反国家有关规定”对侵犯公民个人信息罪的影响.md,2,2,2,2,2,10,strong,high,False,light
618,JDFX2025006012_乔博娟_2025_交大法学_OECD“双支柱”方案背景下数字企业课税规则的反思与完善——以信息基础设施为切入点.md,2,1,1,2,2,8,strong,medium,False,full
619,JDFX2026001001_郭松和严馨芸_2026_交大法学_新时代法官队伍廉政建设的路径探讨.md,2,2,1,2,1,8,strong,high,False,skip
620,JDFX2026001002_徐冬根_2026_交大法学_论稳定币对国家货币权力的挑战.md,1,0,0,1,1,3,weak,medium,False,full
621,JDFX2026001003_杨东和胡宇航_2026_交大法学_支付型稳定币的“功能—穿透”监管框架构建.md,2,2,1,2,1,8,strong,medium,False,full
622,JDFX2026001004_赵磊_2026_交大法学_稳定币的类型化及其监管逻辑.md,0,0,0,0,0,0,absent,high,False,full
623,JDFX2026001005_唐士亚_2026_交大法学_稳定币的监管与监管的稳定币——以金融稳定目标为视角.md,2,2,1,2,2,9,strong,medium,False,full
624,JDFX2026001006_凌斌和季凡琳_2026_交大法学_低空经济的网络安全：风险与治理.md,2,1,1,2,1,7,medium,medium,False,full
625,JDFX2026001007_王立梅和崔赫_2026_交大法学_“低空经济”数据产权制度的法律构造.md,2,2,2,2,2,10,strong,high,False,light
626,JDFX2026001008_钱叶六和黄政乔_2026_交大法学_房屋二重买卖的刑民界限与罪名辨析.md,2,2,2,2,2,10,strong,high,False,light
627,JDFX2026001009_孙晋和胡旨钰_2026_交大法学_海南自由贸易港强化竞争政策的实践探索与法治保障.md,2,2,1,2,2,9,strong,high,False,skip
628,JDFX2026001010_唐俊麒_2026_交大法学_平台处罚仅是“依合同的自治”？——法律关系视阈下平台惩戒性管理行为的效力探析.md,2,2,2,2,2,10,strong,high,False,light
629,JDFX2026001011_李雅男_2026_交大法学_论人工智能产品侵权的因果关系证明.md,2,1,1,2,2,8,strong,medium,False,full
630,JDFX2026001012_燕星宇_2026_交大法学_论剥削性滥用规制的定位及其在平台经济领域的强化.md,2,2,2,2,2,10,strong,high,False,full
631,JDFX2026002001_孙笑侠和魏义铭_2026_交大法学_“能—智分合”：司法AI的分阶段发展模式.md,2,2,2,2,2,10,strong,high,False,light
632,JDFX2026002002_郑曦_2026_交大法学_数字时代刑事诉讼中证据裁判原则的变革与应对.md,2,2,1,2,2,9,strong,high,False,full
633,JDFX2026002003_陈子君_2026_交大法学_人机协同审判模式中司法责任的智能化因应.md,2,2,2,2,2,10,strong,high,False,light
634,JDFX2026002004_洪涛_2026_交大法学_结构功能主义视角下刑事证人在线出庭作证的次优定位及其适用.md,2,2,1,2,2,9,strong,high,False,full
635,JDFX2026002005_王歌雅_2026_交大法学_我国亲子抚养规范的立法表达与司法适用.md,2,2,1,2,2,9,strong,high,False,full
636,JDFX2026002006_薛宁兰_2026_交大法学_抢夺、藏匿未成年子女行为的性质认定与司法干预——基于《民法典婚姻家庭编解释（二）》第12条的讨论.md,2,2,2,2,2,10,strong,high,False,light
637,JDFX2026002007_夏江皓_2026_交大法学_离婚财产分割和离婚救济制度对老年妇女的权益保障——兼论《民法典婚姻家庭编解释（二）》第21—22条的适用.md,2,2,1,2,2,9,strong,high,False,light
638,JDFX2026002008_张长绵_2026_交大法学_父母为子女婚后出资所购房产离婚时价值分配的理论构成——以《民法典婚姻家庭编解释（二）》第8条为中心.md,2,2,2,2,2,10,strong,high,False,skip
639,JDFX2026002009_王太平_2026_交大法学_我国《商标法》的非体系化现象与体系化完善.md,2,2,1,2,1,8,strong,high,False,skip
640,JDFX2026002010_胡开忠_2026_交大法学_传统文化表现形式知识产权国际条约制定的困境与出路.md,1,1,1,1,1,5,medium,high,False,full
641,JDFX2026002011_杜强强_2026_交大法学_婚姻自由：天然自由抑或法律自由？.md,2,2,2,2,2,10,strong,high,False,skip
642,JDFX2026002012_熊谋林_2026_交大法学_论定点医药机构医保诈骗的单位刑事责任.md,2,2,1,2,2,9,strong,high,False,skip
